<?xml version="1.0" encoding="UTF-8"?>
<!-- generated by CLiX/Wiki2XML [MPI-Inf, MMCI@UdS] $LastChangedRevision: 92 $ on 17.04.2009 00:11:13[mciao0827] -->
<!DOCTYPE article SYSTEM "../article.dtd">
<article xmlns:xlink="http://www.w3.org/1999/xlink">
<mathematician  confidence="0.9511911446218017" wordnetid="110301261">
<header>
<title>Brigitte Vallée</title>
<id>10008302</id>
<revision>
<id>233377368</id>
<timestamp>2008-08-21T18:38:31Z</timestamp>
<contributor>
<username>SieBot</username>
<id>4005189</id>
</contributor>
</revision>
<categories>
<category>Articles to be expanded since March 2007</category>
<category>French mathematicians</category>
<category>Living people</category>
<category>Articles with invalid date parameter in template</category>
<category>Year of birth missing (living people)</category>
<category>All articles to be expanded</category>
</categories>
</header>
<bdy>

<table class="metadata plainlinks ambox ">
<row>
<col>

ambox-notice" style=""</col>
</row>
<row>
<col class="mbox-image"><p>

<image width="44px" src="Wiki_letter_w.svg">
</image>
</p>
</col>
<col style="" class="mbox-text">
 <b>Please help <weblink xlink:type="simple" xlink:href="http://localhost:18088/wiki/index.php?title=Brigitte_Vall%C3%A9e&amp;action=edit">
improve this article or section</weblink> by expanding it.</b> Further information might be found on the  or at . 
<it>(March 2007)''</it></col>
</row>
</table>


<b>Brigitte Vallée</b> is a <country wordnetid="108544813" confidence="0.9508927676800064">
<link xlink:type="simple" xlink:href="../419/5843419.xml">
French</link></country>
 <link xlink:type="simple" xlink:href="../902/18902.xml">
mathematician</link> and <link xlink:type="simple" xlink:href="../784/328784.xml">
computer scientist</link>. She is <it>Directrice de Recherche</it>
at the French <link xlink:type="simple" xlink:href="../610/144610.xml">
CNRS</link>, at <link>
Université de Caen</link><weblink xlink:type="simple" xlink:href="http://www.unicaen.fr/ufr/sciences/visualise.php?id=306">
http://www.unicaen.fr/ufr/sciences/visualise.php?id=306</weblink>, specializing in computational <link xlink:type="simple" xlink:href="../527/21527.xml">
number theory</link><weblink xlink:type="simple" xlink:href="http://www.numbertheory.org/ntw/number_theorists.html">
http://www.numbertheory.org/ntw/number_theorists.html</weblink> and <link xlink:type="simple" xlink:href="../ury/23rd_century.xml">
analysis of algorithms</link>. Amongst the algorithms she had studied, are the celebrated <link>
LLL</link> algorithm 
used for basis reductions in <group wordnetid="100031264" confidence="0.8">
<link xlink:type="simple" xlink:href="../246/469246.xml">
Euclidean lattice</link></group>
 and the different <event wordnetid="100029378" confidence="0.8">
<rule wordnetid="105846932" confidence="0.8">
<act wordnetid="100030358" confidence="0.8">
<psychological_feature wordnetid="100023100" confidence="0.8">
<procedure wordnetid="101023820" confidence="0.8">
<activity wordnetid="100407535" confidence="0.8">
<algorithm wordnetid="105847438" confidence="0.8">
<link xlink:type="simple" xlink:href="../377/10377.xml">
Euclidean algorithm</link></algorithm>
</activity>
</procedure>
</psychological_feature>
</act>
</rule>
</event>
s to determine <link xlink:type="simple" xlink:href="../354/12354.xml">
GCD</link>. The main tool used to achieve her results is the so called <it>dynamical analysis</it>. Loosely speaking, it is a mix between analysis of algorithms and dynamical systems. Brigitte Vallée greatly contributed to develop 
this method. <p>

In the early 90s, Brigitte Vallée's work on small modular squares allowed her to hold the fastest <link xlink:type="simple" xlink:href="../341/82341.xml">
factorisation</link> algorithm with a proved probabilistic complexity bound. Nowadays, other factorisation algorithms are faster.</p>


<ss1>
<st>
References</st>
<p>

<list>
<entry level="1" type="bullet">

 Brigitte Vallée, <it>Generation of Elements with Small Modular Squares and Provably Fast Integer Factoring Algorithms</it>, Mathematics of Computation, Vol. 56, No. 194 (Apr., 1991), pp. 823-849.</entry>
</list>
</p>

</ss1>
<ss1>
<st>
External links</st>
<p>

<list>
<entry level="1" type="bullet">

 <weblink xlink:type="simple" xlink:href="http://users.info.unicaen.fr/~brigitte/">
Website</weblink></entry>
<entry level="1" type="bullet">

 <weblink xlink:type="simple" xlink:href="http://users.info.unicaen.fr/~brigitte/Publications/">
List of Publications</weblink></entry>
</list>
</p>





</ss1>
</bdy>
</mathematician>
</article>
