<?xml version="1.0" encoding="UTF-8"?>
<!-- generated by CLiX/Wiki2XML [MPI-Inf, MMCI@UdS] $LastChangedRevision: 92 $ on 17.04.2009 00:07:19[mciao0825] -->
<!DOCTYPE article SYSTEM "../article.dtd">
<article xmlns:xlink="http://www.w3.org/1999/xlink">
<police_department  confidence="0.9508927676800064" wordnetid="108121542">
<department  confidence="0.9511911446218017" wordnetid="108114861">
<header>
<title>University of California Police Department</title>
<id>10046553</id>
<revision>
<id>242315356</id>
<timestamp>2008-10-01T19:29:20Z</timestamp>
<contributor>
<username>Ninetyone</username>
<id>1108813</id>
</contributor>
</revision>
<categories>
<category>Specialist police departments of California</category>
<category>University of California</category>
<category>School police departments of the United States</category>
</categories>
</header>
<bdy>
<template>
<name>Infobox Police Department</name>
<parameters>
<jurisdiction>
State  University</jurisdiction>
<non-sworn>
29</non-sworn>
<name>
University of California Police Department, Davis</name>
<CSO>
0</CSO>
<sworn>
51</sworn>
<chief>
Annette M. Spicuzza</chief>
</parameters>
</template>
<template>
<name>Infobox Police Department</name>
<parameters>
<established>
1925</established>
<jurisdiction>
State  University</jurisdiction>
<non-sworn>
45</non-sworn>
<name>
University of California Police Department, Berkeley</name>
<CSO>
60</CSO>
<sworn>
77</sworn>
<chief>
Victoria L. Harrison</chief>
</parameters>
</template>
<template>
<name>Infobox Police Department</name>
<parameters>
<established>
1972</established>
<jurisdiction>
State  University</jurisdiction>
<name>
University of California Police Department, Santa Barbara</name>
<CSO>
50</CSO>
<sworn>
33</sworn>
<chief>
Bill Bean</chief>
</parameters>
</template>
<template>
<name>Infobox Law enforcement agency</name>
<parameters>
<stations>
10</stations>
<sworntype>
Officer</sworntype>
<agencyname>
University of California Police Department</agencyname>
<sworn>
398</sworn>
<divtype>
State</divtype>
<logo>
University of California Police Department seal.jpg</logo>
<speciality>
education</speciality>
<abbreviation>
UCPD</abbreviation>
<formedyear>
1947</formedyear>
<police>
Yes</police>
<country>
United States</country>
<legaljuris>
University of California</legaljuris>
<divname>
California</divname>
</parameters>
</template>
<template>
<name>Infobox Police Department</name>
<parameters>
<stations>
1</stations>
<established>
1954</established>
<jurisdiction>
State  University</jurisdiction>
<non-sworn>
13</non-sworn>
<name>
University of California Police Department, Riverside</name>
<CSO>
25</CSO>
<sworn>
31 (including 4 UNET Officers)</sworn>
<chief>
Mike Lane</chief>
</parameters>
</template>
<template>
<name>Infobox Police Department</name>
<parameters>
<established>
2005</established>
<jurisdiction>
State  University</jurisdiction>
<name>
University of California Police Department, Merced</name>
<sworn>
8</sworn>
<chief>
Rita A. Spaur</chief>
</parameters>
</template>
<template>
<name>Infobox Police Department</name>
<parameters>
<jurisdiction>
State  University</jurisdiction>
<name>
University of California Police Department, Los Angeles</name>
<CSO>
80</CSO>
<sworn>
62</sworn>
<chief>
Karl T. Ross</chief>
</parameters>
</template>
<template>
<name>Infobox Police Department</name>
<parameters>
<established>
1965</established>
<jurisdiction>
State  University</jurisdiction>
<name>
University of California Police Department, Irvine</name>
<sworn>
31</sworn>
<chief>
Paul Henisey</chief>
</parameters>
</template>
<template>
<name>Infobox Police Department</name>
<parameters>
<jurisdiction>
State  University</jurisdiction>
<name>
University of California Police Department, San Francisco</name>
<sworn>
35</sworn>
<chief>
Pamela E. Roskowski</chief>
</parameters>
</template>
<template>
<name>Infobox Police Department</name>
<parameters>
<established>
1960</established>
<jurisdiction>
State  University</jurisdiction>
<name>
University of California Police Department, San Diego</name>
<sworn>
35</sworn>
<chief>
Orville King</chief>
</parameters>
</template>
<template>
<name>Infobox Police Department</name>
<parameters>
<established>
1965</established>
<jurisdiction>
State  University</jurisdiction>
<name>
University of California Police Department, Santa Cruz</name>
<sworn>
18</sworn>
<chief>
Mickey Aluffi</chief>
</parameters>
</template>

<p>

The <b>University of California Police Department</b> (UCPD) is the <link xlink:type="simple" xlink:href="../627/23627.xml">
police</link> agency charged with providing law enforcement to the campuses of the <university wordnetid="108286163" confidence="0.9508927676800064">
<link xlink:type="simple" xlink:href="../921/31921.xml">
University of California</link></university>
 system.  </p>

<sec>
<st>
History</st>
<p>

The University of California was established in 1868, and moved its first campus to Berkeley in 1873. The San Francisco and Los Angeles campuses followed shortly after that. The original UCPD department at Berkeley was founded after <conflict wordnetid="100958896" confidence="0.9508927676800064">
<link xlink:type="simple" xlink:href="../461/4764461.xml">
World War I</link></conflict>
. However, it was not until September 1947 that the Regents of the University of California established UCPD as a state law enforcement agency.</p>

</sec>
<sec>
<st>
Authority and Jurisdiction</st>
<p>

The UCPD is one of several police agencies in California having a state-wide jurisdiction and authority (other examples include the <law_enforcement_agency wordnetid="108348815" confidence="0.9508927676800064">
<link xlink:type="simple" xlink:href="../561/432561.xml">
California Highway Patrol</link></law_enforcement_agency>
, the <police_department wordnetid="108121542" confidence="0.9508927676800064">
<link xlink:type="simple" xlink:href="../982/10059982.xml">
California State University Police Department</link></police_department>
, and the <link xlink:type="simple" xlink:href="../191/8000191.xml">
California Department of Fish and Game</link>). UCPD officers, like most California police officers, are empowered by section 830.2(b) of the <written_communication wordnetid="106349220" confidence="0.8">
<code wordnetid="106667317" confidence="0.8">
<link xlink:type="simple" xlink:href="../687/1167687.xml">
California Penal Code</link></code>
</written_communication>
, giving them authority as duly sworn <link xlink:type="simple" xlink:href="../263/1876263.xml">
peace officer</link>s throughout the state of <country wordnetid="108544813" confidence="0.9508927676800064">
<link xlink:type="simple" xlink:href="../407/5407.xml">
California</link></country>
<ref xlink:type="simple" xlink:href="#xpointer(//reflist/entry[@id=%221%22])">1</ref>.  As specified by section 92600 of the California Education Code, they are given wide geographical range to enforce the laws of the state<ref xlink:type="simple" xlink:href="#xpointer(//reflist/entry[@id=%222%22])">2</ref>.</p>

</sec>
<sec>
<st>
Organization</st>

<p>

The department consists of ten departments (one for each UC campus), each led by its own <link xlink:type="simple" xlink:href="../281/764281.xml">
chief of police</link>. Unlike other state departments, there is no single Chief of the UCPD, however one Chief is selected as the department's central coordinator (currently Chief Karl Ross of UCLA).  The coordinator is responsible for compiling <link xlink:type="simple" xlink:href="../487/177487.xml">
crime statistics</link> from each campus, as required by the <link xlink:type="simple" xlink:href="../329/2251329.xml">
Clery Act</link>, and for ensuring that the various departments are operating within the UCPD's mission.  However, the coordinator does not dictate the day to day operations of the department, and each department sets its own <link xlink:type="simple" xlink:href="../853/3969853.xml">
Standard Operating Policies</link>.</p>
<p>

Still, the UCPD is more coordinated than this organization would suggest. The department shares a central mission and philosophy, including that of <link xlink:type="simple" xlink:href="../277/1510277.xml">
community oriented policing</link>. The departments maintain communication with each other and frequently call upon each other for <link xlink:type="simple" xlink:href="../228/62228.xml">
mutual aid</link>, which is facilitated by a department standard uniform and duty gear (including using the same trunked radio system at all departments, allowing personnel to use their issued radios at any campus).</p>
<p>

Almost all of the departments have a <link xlink:type="simple" xlink:href="../788/9127788.xml">
Community Service Officer</link> (CSO) program.  CSO's are non-sworn student employees that perform various tasks for the department. Although their job description varies slightly from department to department, most utilize CSO's to perform night escorts, building checks, and general citizen assistance.  Because CSOs have no legal authority, their main purpose is to act as additional "eyes and ears" of the department. </p>
<p>

Six of the ten UCPD departments use <artifact wordnetid="100021939" confidence="0.8">
<instrumentality wordnetid="103575240" confidence="0.8">
<weapon wordnetid="104565375" confidence="0.8">
<device wordnetid="103183080" confidence="0.8">
<instrument wordnetid="103574816" confidence="0.8">
<link xlink:type="simple" xlink:href="../746/237746.xml">
Taser</link></instrument>
</device>
</weapon>
</instrumentality>
</artifact>
s (UC Los Angeles, UC San Diego, UC Irvine, UC Riverside, UC Davis, UC Merced). UC San Francisco, UC Santa Barbara, UC Santa Cruz, and UC Berkeley currently do not intend to purchase Tasers<ref xlink:type="simple" xlink:href="#xpointer(//reflist/entry[@id=%223%22])">3</ref><ref xlink:type="simple" xlink:href="#xpointer(//reflist/entry[@id=%224%22])">4</ref><ref xlink:type="simple" xlink:href="#xpointer(//reflist/entry[@id=%225%22])">5</ref><ref xlink:type="simple" xlink:href="#xpointer(//reflist/entry[@id=%226%22])">6</ref>.</p>

<ss1>
<st>
Specialized Divisions</st>
<p>

In addition to CSO programs, UCPD departments each have a Communications Division, which is the police dispatch center and the 9-1-1 access point for each UC campus. Each department also staffs a Detective Division to investigate crimes and other cases reported by citizens and the Patrol Officers. </p>
<p>

In addition to these standard police bureaus, several UCPD departments also staff more specialized police and public safety units. These include: Emergency Medical Services (EMS), Bomb Squad, Crime Prevention units, Special Response Teams, Crime labs, Dignitary Protection units, Negotiation and Entry Teams, and others.</p>

</ss1>
</sec>
<sec>
<st>
Individual Departments</st>

<ss1>
<st>
 UCPD, Berkeley </st>


<p>

In addition to having CSO's, the <b><university wordnetid="108286163" confidence="0.9508927676800064">
<ranking wordnetid="114429484" confidence="0.9508927676800064">
<link xlink:type="simple" xlink:href="../922/31922.xml">
UCB</link></ranking>
</university>
 Police Department</b> also employs full-time Security Patrol Officers (SPO). The SPO's are non-sworn, full-time members of the police department who perform duties such as writing police reports, employee escorting, and building security.  Currently there are SPO's stationed at the Northwest Animal Facility, Richmond Field Station, Marchant Building and the Physical Plant Facility.</p>
<p>

The UCB Police Department has a <link xlink:type="simple" xlink:href="../279/1018279.xml">
Memorandum of Understanding</link> with the <village wordnetid="108672738" confidence="0.9508927676800064">
<link xlink:type="simple" xlink:href="../860/4860.xml">
City of Berkeley</link></village>
 <police_department wordnetid="108121542" confidence="0.9508927676800064">
<link xlink:type="simple" xlink:href="../644/10301644.xml">
Police Department</link></police_department>
.</p>
<p>

The UCB Police Department is located at 1 Sproul Hall, Berkeley, CA.</p>

</ss1>
<ss1>
<st>
 UCPD, Davis </st>


<p>

The <b><university wordnetid="108286163" confidence="0.9508927676800064">
<ranking wordnetid="114429484" confidence="0.9508927676800064">
<link xlink:type="simple" xlink:href="../924/31924.xml">
UCD</link></ranking>
</university>
 Police Department</b> is located at 1 Shields Ave., Davis, CA.
UCDPD also provides emergency dispatching for the <link xlink:type="simple" xlink:href="../886/10698886.xml">
UC Davis Fire Department</link>.</p>

</ss1>
<ss1>
<st>
 UCPD, Irvine </st>


<p>

The <b><university wordnetid="108286163" confidence="0.9508927676800064">
<ranking wordnetid="114429484" confidence="0.9508927676800064">
<link xlink:type="simple" xlink:href="../757/44757.xml">
UCI</link></ranking>
</university>
 Police Department</b> is located at 100 Public Services Building, Irvine, CA.</p>

</ss1>
<ss1>
<st>
 UCPD, Los Angeles </st>


<p>

The <b><university wordnetid="108286163" confidence="0.9508927676800064">
<ranking wordnetid="114429484" confidence="0.9508927676800064">
<link xlink:type="simple" xlink:href="../765/37765.xml">
UCLA</link></ranking>
</university>
 Police Department</b> is temporarily located at 11000 Kinross Ave as a new and modern police station is being constructed at the department's original location of 601 Westwood Plaza, Los Angeles, CA.  </p>
<p>

In addition to having a <link>
<b>UCLA Community Service Officer Program</b> (UCLA CSO)</link><weblink xlink:type="simple" xlink:href="http://www.ucpd.ucla.edu/ucpd/cso/">
http://www.ucpd.ucla.edu/ucpd/cso/</weblink>, the UCLA police department operates the <link xlink:type="simple" xlink:href="../772/11956772.xml">
<b>UCLA Emergency Medical Services</b> (UCLA EMS)</link><weblink xlink:type="simple" xlink:href="http://www.ems.ucla.edu">
http://www.ems.ucla.edu</weblink>.  The <link xlink:type="simple" xlink:href="../475/9008475.xml">
EMS</link> program responds to 9-1-1 medical calls on campus, as well as in the surrounding <region wordnetid="108630985" confidence="0.8">
<vicinity wordnetid="108641113" confidence="0.8">
<area wordnetid="108497294" confidence="0.8">
<location wordnetid="100027167" confidence="0.8">
<section wordnetid="108648322" confidence="0.8">
<link xlink:type="simple" xlink:href="../370/8002370.xml">
Westwood Village</link></section>
</location>
</area>
</vicinity>
</region>
 community, 24 hours a day, 365 days a year.  All of the employees of UCLA EMS are UCLA students who are <respondent wordnetid="110524413" confidence="0.8">
<physical_entity wordnetid="100001930" confidence="0.8">
<communicator wordnetid="109610660" confidence="0.8">
<person wordnetid="100007846" confidence="0.8">
<occupation wordnetid="100582388" confidence="0.8">
<event wordnetid="100029378" confidence="0.8">
<causal_agent wordnetid="100007347" confidence="0.8">
<act wordnetid="100030358" confidence="0.8">
<psychological_feature wordnetid="100023100" confidence="0.8">
<activity wordnetid="100407535" confidence="0.8">
<link xlink:type="simple" xlink:href="../ris/5th_arrondissement_of_P$aris.xml">
EMT</link></activity>
</psychological_feature>
</act>
</causal_agent>
</event>
</occupation>
</person>
</communicator>
</physical_entity>
</respondent>
 trained.  The program owns three type II <link xlink:type="simple" xlink:href="../317/146317.xml">
ambulance</link>s, and one electric cart for special events.</p>

</ss1>
<ss1>
<st>
 UCPD, Merced </st>


<p>

The <b><university wordnetid="108286163" confidence="0.9508927676800064">
<link xlink:type="simple" xlink:href="../644/477644.xml">
UCM</link></university>
 Police Department</b> is located at 5200 N. Lake Road, Merced, CA.  </p>

</ss1>
<ss1>
<st>
 UCPD, Riverside </st>


<p>

The <b><university wordnetid="108286163" confidence="0.9508927676800064">
<ranking wordnetid="114429484" confidence="0.9508927676800064">
<link xlink:type="simple" xlink:href="../311/230311.xml">
UCR</link></ranking>
</university>
 Police Department</b> is located at 3500 Canyon Crest, Riverside, CA.</p>

</ss1>
<ss1>
<st>
 UCPD, San Diego </st>


<p>

The <b><university wordnetid="108286163" confidence="0.9508927676800064">
<ranking wordnetid="114429484" confidence="0.9508927676800064">
<link xlink:type="simple" xlink:href="../927/31927.xml">
UCSD</link></ranking>
</university>
 Police Department</b> is located at 9500 Gilman Drive #0017, La Jolla, CA.  This is the Campus Service Complex, Building B.</p>

</ss1>
<ss1>
<st>
 UCPD, San Francisco </st>


<p>

The <b><university wordnetid="108286163" confidence="0.9508927676800064">
<link xlink:type="simple" xlink:href="../920/31920.xml">
UCSF</link></university>
 Police Department</b> is located at 1855 Folsom St., San Francisco, CA.</p>

<ss2>
<st>
 <it>Hastings School of Law</it> </st>

<p>

The UCSFPD does not provide police services for the UC's <link xlink:type="simple" xlink:href="../044/507044.xml">
Hastings School of Law</link> campus in downtown San Francisco.  UC Hastings has its own internal security department.</p>

</ss2>
</ss1>
<ss1>
<st>
 UCPD, Santa Barbara </st>


<p>

The <b><university wordnetid="108286163" confidence="0.9508927676800064">
<ranking wordnetid="114429484" confidence="0.9508927676800064">
<link xlink:type="simple" xlink:href="../917/211917.xml">
UCSB</link></ranking>
</university>
 Police Department</b> is located at 1201 Public Safety Building, Santa Barbara, CA.  </p>
<p>

In addition to having a CSO program, the UCSB police department operates the <b>UCSB Paramedic Rescue Unit</b><weblink xlink:type="simple" xlink:href="http://police.ucsb.edu/paramedics.html">
http://police.ucsb.edu/paramedics.html</weblink>.  The <link xlink:type="simple" xlink:href="../475/9008475.xml">
EMS</link> program responds to 9-1-1 medical calls on campus, as well as in the surrounding <village wordnetid="108672738" confidence="0.9508927676800064">
<link xlink:type="simple" xlink:href="../132/108132.xml">
Isla Vista</link></village>
 community, 24 hours a day, 7 days a week, 365 days a year.  The student employees are <respondent wordnetid="110524413" confidence="0.8">
<physical_entity wordnetid="100001930" confidence="0.8">
<communicator wordnetid="109610660" confidence="0.8">
<person wordnetid="100007846" confidence="0.8">
<occupation wordnetid="100582388" confidence="0.8">
<event wordnetid="100029378" confidence="0.8">
<causal_agent wordnetid="100007347" confidence="0.8">
<act wordnetid="100030358" confidence="0.8">
<psychological_feature wordnetid="100023100" confidence="0.8">
<activity wordnetid="100407535" confidence="0.8">
<link xlink:type="simple" xlink:href="../ris/5th_arrondissement_of_P$aris.xml">
EMT</link></activity>
</psychological_feature>
</act>
</causal_agent>
</event>
</occupation>
</person>
</communicator>
</physical_entity>
</respondent>
 trained, and the non-students are <work wordnetid="100575741" confidence="0.8">
<event wordnetid="100029378" confidence="0.8">
<service wordnetid="100577525" confidence="0.8">
<act wordnetid="100030358" confidence="0.8">
<psychological_feature wordnetid="100023100" confidence="0.8">
<activity wordnetid="100407535" confidence="0.8">
<link xlink:type="simple" xlink:href="../958/4291958.xml">
paramedic</link></activity>
</psychological_feature>
</act>
</service>
</event>
</work>
 trained.  In <county wordnetid="108546183" confidence="0.9508927676800064">
<link xlink:type="simple" xlink:href="../068/82068.xml">
Santa Barbara County</link></county>
, this allows the ambulance to be considered an <link xlink:type="simple" xlink:href="../880/1811880.xml">
ALS</link> provider.  The program utilizes a type III <link xlink:type="simple" xlink:href="../317/146317.xml">
ambulance</link>.</p>

</ss1>
<ss1>
<st>
 UCPD, Santa Cruz </st>


<p>

The <b><university wordnetid="108286163" confidence="0.9508927676800064">
<link xlink:type="simple" xlink:href="../923/31923.xml">
UCSC</link></university>
 Police Department</b> is located at Barn H, 1156 High St., Santa Cruz, CA.</p>

</ss1>
</sec>
<sec>
<st>
 See also </st>
<p>

<list>
<entry level="1" type="bullet">

<police_department wordnetid="108121542" confidence="0.9508927676800064">
<link xlink:type="simple" xlink:href="../982/10059982.xml">
California State University Police Department</link></police_department>
</entry>
</list>
</p>

</sec>
<sec>
<st>
External links</st>
<p>

<b>Department Websites</b>
<list>
<entry level="1" type="bullet">

<weblink xlink:type="simple" xlink:href="http://police.berkeley.edu/">
UCPD Berkeley Official Website</weblink></entry>
<entry level="1" type="bullet">

<weblink xlink:type="simple" xlink:href="http://www.police.ucdavis.edu/">
UCPD Davis Official Website</weblink></entry>
<entry level="1" type="bullet">

<weblink xlink:type="simple" xlink:href="http://www.police.uci.edu/">
UCPD Irvine Official Website</weblink></entry>
<entry level="1" type="bullet">

<weblink xlink:type="simple" xlink:href="http://www.ucpd.ucla.edu/">
UCPD Los Angeles Official Website</weblink></entry>
<entry level="1" type="bullet">

<weblink xlink:type="simple" xlink:href="http://police.ucmerced.edu/">
UCPD Merced Official Website</weblink></entry>
<entry level="1" type="bullet">

<weblink xlink:type="simple" xlink:href="http://police.ucr.edu/">
UCPD Riverside Official Website</weblink></entry>
<entry level="1" type="bullet">

<weblink xlink:type="simple" xlink:href="http://police.ucsd.edu/">
UCPD San Diego Official Website</weblink></entry>
<entry level="1" type="bullet">

<weblink xlink:type="simple" xlink:href="http://www.police.ucsf.edu/">
UCPD San Francisco Official Website</weblink></entry>
<entry level="1" type="bullet">

<weblink xlink:type="simple" xlink:href="http://police.ucsb.edu/">
UCPD Santa Barbara Official Website</weblink></entry>
<entry level="1" type="bullet">

<weblink xlink:type="simple" xlink:href="http://www2.ucsc.edu/police/">
UCPD Santa Cruz Official Website</weblink></entry>
</list>

<b>Campuswide Annual Report</b>
<list>
<entry level="1" type="bullet">

<weblink xlink:type="simple" xlink:href="http://police.berkeley.edu/annual_report/2005/">
2005 Annual Report</weblink></entry>
</list>
</p>

</sec>
<sec>
<st>
 References </st>

<p>

<reflist>
<entry id="1">
<weblink xlink:type="simple" xlink:href="http://www.leginfo.ca.gov/cgi-bin/waisgate?WAISdocID=8600961058+0+0+0&amp;WAISaction=retrieve">
WAIS Document Retrieval</weblink></entry>
<entry id="2">
<weblink xlink:type="simple" xlink:href="http://www.leginfo.ca.gov/cgi-bin/waisgate?WAISdocID=8601971222+0+0+0&amp;WAISaction=retrieve">
WAIS Document Retrieval</weblink></entry>
<entry id="3">
<weblink xlink:type="simple" xlink:href="http://www.dailybruin.com/news/2006/nov/29/a-closer-look-uc-campuses-exhi/">
The Daily Bruin - A Closer Look: UC campuses exhibit varied Taser usage guidelines</weblink></entry>
<entry id="4">
<weblink xlink:type="simple" xlink:href="http://www.dailybruin.com/news/2004/apr/16/ucpd-no-plans-to-buy-tasers/">
The Daily Bruin - UCPD: no plans to buy tasers</weblink></entry>
<entry id="5">
<weblink xlink:type="simple" xlink:href="http://www.dailynexus.com/article.php?a=12661">
UCPD Stun Gun Use Sparks Protests - Daily Nexus</weblink></entry>
<entry id="6">
Lin II, Rong-Gong&#32;(<link>
2006-11-22</link>).&#32;"Taser use limited at most UC campuses", Los Angeles Times.&nbsp;</entry>
</reflist>
</p>

<p>

<table style=";" class="navbox" cellspacing="0">
<row>
<col style="padding:2px;">
<table style="width:100%;background:transparent;color:inherit;;" class="nowraplinks collapsible expanded " cellspacing="0">
<row>
<header colspan="3" style=";background:#0038A8;color:#F2D13D;" class="navbox-title">
<university wordnetid="108286163" confidence="0.9508927676800064">
<link xlink:type="simple" xlink:href="../921/31921.xml">
The University of California</link></university>
<link xlink:type="simple" xlink:href="../225/429225.xml">
Regents of the University of California</link></header>
</row>
<row style="height:2px;">

</row>
<row>
<col style="width:0%;padding:0px 2px 0px 0px;" rowspan="5">
<image width="98px" src="Uc_seal_black.png">
</image>
</col>
<col style=";text-align:center;background:transparent;color:#AAAAAA;;" class="navbox-group">
Campuses</col>
<col style="text-align:left;border-left:2px solid #fdfdfd;width:100%;padding:0px;text-align:center;;;" class="navbox-list navbox-odd">
<university wordnetid="108286163" confidence="0.9508927676800064">
<ranking wordnetid="114429484" confidence="0.9508927676800064">
<link xlink:type="simple" xlink:href="../922/31922.xml">
Berkeley</link></ranking>
</university>
&nbsp;· <university wordnetid="108286163" confidence="0.9508927676800064">
<ranking wordnetid="114429484" confidence="0.9508927676800064">
<link xlink:type="simple" xlink:href="../924/31924.xml">
Davis</link></ranking>
</university>
&nbsp;· <law_school wordnetid="108283051" confidence="0.9508927676800064">
<link xlink:type="simple" xlink:href="../044/507044.xml">
Hastings</link></law_school>
&nbsp;· <university wordnetid="108286163" confidence="0.9508927676800064">
<ranking wordnetid="114429484" confidence="0.9508927676800064">
<link xlink:type="simple" xlink:href="../757/44757.xml">
Irvine</link></ranking>
</university>
&nbsp;· <university wordnetid="108286163" confidence="0.9508927676800064">
<ranking wordnetid="114429484" confidence="0.9508927676800064">
<link xlink:type="simple" xlink:href="../765/37765.xml">
Los Angeles</link></ranking>
</university>
&nbsp;· <university wordnetid="108286163" confidence="0.9508927676800064">
<link xlink:type="simple" xlink:href="../644/477644.xml">
Merced</link></university>
&nbsp;· <university wordnetid="108286163" confidence="0.9508927676800064">
<ranking wordnetid="114429484" confidence="0.9508927676800064">
<link xlink:type="simple" xlink:href="../311/230311.xml">
Riverside</link></ranking>
</university>
&nbsp;· <university wordnetid="108286163" confidence="0.9508927676800064">
<ranking wordnetid="114429484" confidence="0.9508927676800064">
<link xlink:type="simple" xlink:href="../927/31927.xml">
San Diego</link></ranking>
</university>
&nbsp;· <university wordnetid="108286163" confidence="0.9508927676800064">
<link xlink:type="simple" xlink:href="../920/31920.xml">
San Francisco</link></university>
&nbsp;· <university wordnetid="108286163" confidence="0.9508927676800064">
<ranking wordnetid="114429484" confidence="0.9508927676800064">
<link xlink:type="simple" xlink:href="../917/211917.xml">
Santa Barbara</link></ranking>
</university>
&nbsp;· <university wordnetid="108286163" confidence="0.9508927676800064">
<link xlink:type="simple" xlink:href="../923/31923.xml">
Santa Cruz</link></university>
</col>
</row>
<row style="height:2px">

</row>
<row>
<col style=";text-align:center;background:transparent;color:#AAAAAA;;" class="navbox-group">
Hospitals</col>
<col style="text-align:left;border-left:2px solid #fdfdfd;width:100%;padding:0px;text-align:center;;;" class="navbox-list navbox-even">
<hospital wordnetid="103540595" confidence="0.9508927676800064">
<link xlink:type="simple" xlink:href="../052/2632052.xml">
UC Davis Medical Center</link></hospital>
&nbsp;· <hospital wordnetid="103540595" confidence="0.9508927676800064">
<link xlink:type="simple" xlink:href="../410/2533410.xml">
UC Irvine Medical Center</link></hospital>
&nbsp;· <link xlink:type="simple" xlink:href="../738/1185738.xml">
UCLA Medical Center</link>&nbsp;· <hospital wordnetid="103540595" confidence="0.9508927676800064">
<link xlink:type="simple" xlink:href="../979/2651979.xml">
UCSD Medical Center</link></hospital>
&nbsp;· <link xlink:type="simple" xlink:href="../619/2610619.xml">
UCSF Medical Center</link></col>
</row>
<row style="height:2px">

</row>
<row>
<col style=";text-align:center;background:transparent;color:#AAAAAA;;" class="navbox-group">
Research</col>
<col style="text-align:left;border-left:2px solid #fdfdfd;width:100%;padding:0px;text-align:center;;;" class="navbox-list navbox-odd">
<lab wordnetid="103629986" confidence="0.9508927676800064">
<link xlink:type="simple" xlink:href="../214/62214.xml">
Lawrence Berkeley National Laboratory</link></lab>
&nbsp;· <lab wordnetid="103629986" confidence="0.9508927676800064">
<link xlink:type="simple" xlink:href="../039/39039.xml">
Lawrence Livermore National Laboratory</link></lab>
&nbsp;· <site wordnetid="108651247" confidence="0.8">
<region wordnetid="108630985" confidence="0.8">
<position wordnetid="108621598" confidence="0.8">
<center wordnetid="108523483" confidence="0.8">
<point wordnetid="108620061" confidence="0.8">
<landmark wordnetid="108624891" confidence="0.8">
<area wordnetid="108497294" confidence="0.8">
<location wordnetid="100027167" confidence="0.8">
<tract wordnetid="108673395" confidence="0.8">
<geographical_area wordnetid="108574314" confidence="0.8">
<link xlink:type="simple" xlink:href="../145/38145.xml">
Los Alamos National Laboratory</link></geographical_area>
</tract>
</location>
</area>
</landmark>
</point>
</center>
</position>
</region>
</site>

<telescope wordnetid="104403638" confidence="0.9508927676800064">
<link xlink:type="simple" xlink:href="../314/203314.xml">
W. M. Keck Observatory</link></telescope>
&nbsp;· <observatory wordnetid="103839671" confidence="0.9508927676800064">
<link xlink:type="simple" xlink:href="../521/213521.xml">
James Lick Observatory</link></observatory>
</col>
</row>
</table>
</col>
</row>
</table>
</p>


</sec>
</bdy>
</department>
</police_department>
</article>
