<?xml version="1.0" encoding="UTF-8"?>
<!-- generated by CLiX/Wiki2XML [MPI-Inf, MMCI@UdS] $LastChangedRevision: 92 $ on 17.04.2009 00:09:23[mciao0826] -->
<!DOCTYPE article SYSTEM "../article.dtd">
<article xmlns:xlink="http://www.w3.org/1999/xlink">
<software  confidence="0.9508927676800064" wordnetid="106566077">
<header>
<title>Mixcraft</title>
<id>10089909</id>
<revision>
<id>240007127</id>
<timestamp>2008-09-21T14:50:59Z</timestamp>
<contributor>
<username>Veldin963</username>
<id>4660965</id>
</contributor>
</revision>
<categories>
<category>Music software</category>
<category>Windows software</category>
</categories>
</header>
<bdy>
<template>
<name>Infobox_Software</name>
<parameters>
<genre>
<computer wordnetid="103082979" confidence="0.8">
<artifact wordnetid="100021939" confidence="0.8">
<instrumentality wordnetid="103575240" confidence="0.8">
<device wordnetid="103183080" confidence="0.8">
<machine wordnetid="103699975" confidence="0.8">
<digital_computer wordnetid="103196324" confidence="0.8">
<workstation wordnetid="104603399" confidence="0.8">
<link xlink:type="simple" xlink:href="../270/431270.xml">
Digital audio workstation</link></workstation>
</digital_computer>
</machine>
</device>
</instrumentality>
</artifact>
</computer>
</genre>
<website>
http://www.acoustica.com/mixcraft</website>
<latest_release_version>
4.2 Build 98</latest_release_version>
<developer>
Acoustica Inc.</developer>
<name>
Acoustica Mixcraft</name>
<caption>
Mixcraft</caption>
<license>
<link xlink:type="simple" xlink:href="../886/18934886.xml">
Proprietary</link></license>
<operating_system>
<link xlink:type="simple" xlink:href="../890/18890.xml">
Microsoft Windows</link></operating_system>
</parameters>
</template>


<b>Mixcraft</b> is a <link xlink:type="simple" xlink:href="../133/255133.xml">
multitrack recording</link> application for <link xlink:type="simple" xlink:href="../982/33982.xml">
Windows</link>.  The software functions as a Digital Audio Workstation (<link xlink:type="simple" xlink:href="../905/431905.xml">
DAW</link>), <link xlink:type="simple" xlink:href="../510/127510.xml">
MIDI sequencer</link>, <link xlink:type="simple" xlink:href="../551/165551.xml">
virtual instrument</link> host, and as a music loop remix program.

<p>

The current version of Mixcraft is 4.2.  Version 4.2 adds many new features over the previous version 3.0, most notably support for <link xlink:type="simple" xlink:href="../461/1692461.xml">
MIDI</link> sequencing and <link xlink:type="simple" xlink:href="../066/399066.xml">
VSTi</link> virtual instruments.  Mixcraft 4.2 includes a large extended <message wordnetid="106598915" confidence="0.8">
<information wordnetid="106634376" confidence="0.8">
<standard wordnetid="107260623" confidence="0.8">
<format wordnetid="106636806" confidence="0.8">
<system_of_measurement wordnetid="113577171" confidence="0.8">
<link xlink:type="simple" xlink:href="../312/202312.xml">
General MIDI</link></system_of_measurement>
</format>
</standard>
</information>
</message>
 instrument library, a <link xlink:type="simple" xlink:href="../144/24144.xml">
polyphonic</link> <link xlink:type="simple" xlink:href="../746/10791746.xml">
synthesizer</link> instrument that recreates the sound of classic 1980s keyboard instruments, an instrument that models the famous <synthesist wordnetid="110687231" confidence="0.9508927676800064">
<link xlink:type="simple" xlink:href="../282/173282.xml">
Minimoog</link></synthesist>
 analog synthesizer, a modeled <link>
Hammond B3</link> simulator, and two professional sampled grand piano instruments.  Mixcraft 4.2 also features a guitar amplifier simulator effect, a spectrum analyzer plugin, 880 new sound effect sounds, as well as support for Windows Vista <link>
WaveRT</link> low latency drivers.</p>

<sec>
<st>
 Major features </st>
<p>

Major features of Mixcraft include:</p>
<p>

<list>
<entry level="1" type="bullet">

 <link xlink:type="simple" xlink:href="../461/1692461.xml">
MIDI</link> Recording and Sequencing.  This feature allows you to record MIDI data played on one or more MIDI controller keyboard.  Users can also enter and edit notes manually using a unique <link xlink:type="simple" xlink:href="../149/374149.xml">
piano roll</link> interface.</entry>
</list>
</p>
<p>

<list>
<entry level="1" type="bullet">

 <link xlink:type="simple" xlink:href="../066/399066.xml">
VSTi</link> Virtual Instrument support.  This feature allows software-based musical instruments to be played, sequenced, and recorded inside of Mixcraft.  Virtual instruments generate all instrument sounds entirely within the software.</entry>
</list>
</p>
<p>

<list>
<entry level="1" type="bullet">

 <link xlink:type="simple" xlink:href="../133/255133.xml">
Multitrack Recording</link>.  This feature allows users to create recordings from multiple sound card inputs simultaneously.  With a <link xlink:type="simple" xlink:href="../461/1692461.xml">
MIDI</link> keyboard connected, one can record both through microphone and the keyboard at the same time.</entry>
</list>
</p>
<p>

<list>
<entry level="1" type="bullet">

 <company wordnetid="108058098" confidence="0.9508927676800064">
<link xlink:type="simple" xlink:href="../989/26989.xml">
Sony</link></company>
 <software wordnetid="106566077" confidence="0.9508927676800064">
<link xlink:type="simple" xlink:href="../198/1108198.xml">
ACID Pro</link></software>
 and <link xlink:type="simple" xlink:href="../856/856.xml">
Apple Computer</link> <software wordnetid="106566077" confidence="0.9508927676800064">
<link xlink:type="simple" xlink:href="../253/424253.xml">
GarageBand</link></software>
 loop support.  This feature allows audio loops from popular libraries to be imported and used within Mixcraft.  Mixcraft will time stretch and pitch shift the loops to match the current project tempo and key.  Throughout the project, the tempo and key can be changed.</entry>
</list>
</p>
<p>

<list>
<entry level="1" type="bullet">

 Automatic <link xlink:type="simple" xlink:href="../547/156547.xml">
Remixing</link>.  This feature will attempt to detect the tempo and key of a prerecorded song, and change the tempo to match the project <link xlink:type="simple" xlink:href="../967/30967.xml">
tempo</link>.  In this way, songs of varying tempos can be mixed and matched, and layered with new drum beat loops, to create a custom remix.</entry>
</list>
</p>
<p>

<list>
<entry level="1" type="bullet">

 <link xlink:type="simple" xlink:href="../943/46943.xml">
Time stretching</link> and <link xlink:type="simple" xlink:href="../398/3404398.xml">
Pitch shifting</link>.  Mixcraft uses an advanced algorithm to provide high quality time stretching and pitch shifting while minimizing CPU usage.</entry>
</list>
</p>
<p>

<list>
<entry level="1" type="bullet">

 <link xlink:type="simple" xlink:href="../489/730489.xml">
VST</link> and <software wordnetid="106566077" confidence="0.9508927676800064">
<link xlink:type="simple" xlink:href="../506/8506.xml">
DirectX</link></software>
 effects.  Unlimited effects (e.g. reverb, delay, EQ) can be added to each track, and unlimited global effects can be added to the project.  Mixcraft includes Plug-In Delay Compensation technology, and will work properly with time stretching DirectX effects.  These plugins can be downloaded from <weblink xlink:type="simple" xlink:href="http://www.kvraudio.com">
KVR Audio</weblink>.</entry>
</list>
</p>
<p>

<list>
<entry level="1" type="bullet">

 Support for multiple mixdown formats, including <format wordnetid="106636806" confidence="0.9508927676800064">
<link xlink:type="simple" xlink:href="../673/19673.xml">
MP3</link></format>
, <format wordnetid="106636806" confidence="0.9508927676800064">
<link xlink:type="simple" xlink:href="../062/34062.xml">
WAV</link></format>
, <format wordnetid="106636806" confidence="0.9508927676800064">
<link xlink:type="simple" xlink:href="../082/34082.xml">
WMA</link></format>
, and <link xlink:type="simple" xlink:href="../489/32489.xml">
Ogg Vorbis</link> file formats.  Mixcraft will import audio in any of these formats, and will also import <link xlink:type="simple" xlink:href="../785/66785.xml">
AIFF</link> files as well.</entry>
</list>
</p>
<p>

<list>
<entry level="1" type="bullet">

 A large library of virtual instruments, loops, sound effects, and audio effects is included with Mixcraft.  Sounds and loops within the library are downloaded directly within the application, minimizing the size of the initial installer.</entry>
</list>
</p>

</sec>
<sec>
<st>
 Price </st>
<p>

The price of Mixcraft 4.2 is currently US$74.95, with an electronic download price of US$64.95.  A free 7-day unlimited trial is available on the Acoustica web site. Unlike most trials, most features are still active when the trial expires, with the exception of burning CDs and outputting music mixes to a single audio file.</p>

</sec>
<sec>
<st>
 Awards </st>
<p>

<list>
<entry level="1" type="bullet">

 Mixcraft 4 was given Keyboard Magazine's top honor, their Key Buy award, by <link>
Craig Anderton</link> in the May 2008 issue.  </entry>
<entry level="1" type="bullet">

 Mixcraft 4 was given Computer Music Magazine's Computer Music Value Award, along with a product review score of 8 out of 10, in the May 2008 issue.</entry>
</list>
</p>

</sec>
<sec>
<st>
 History </st>
<p>

Version 3.0 contained many improvements over the previous version 2.51, including a new graphic user interface (<link xlink:type="simple" xlink:href="../293/12293.xml">
GUI</link>), <link xlink:type="simple" xlink:href="../133/255133.xml">
multitrack recording</link>, and support for <link xlink:type="simple" xlink:href="../775/77775.xml">
music loops</link> from <software wordnetid="106566077" confidence="0.9508927676800064">
<link xlink:type="simple" xlink:href="../198/1108198.xml">
Sony ACID Pro</link></software>
 and <software wordnetid="106566077" confidence="0.9508927676800064">
<link xlink:type="simple" xlink:href="../253/424253.xml">
Apple GarageBand</link></software>
.</p>

</sec>
<sec>
<st>
External links</st>
<p>

<list>
<entry level="1" type="bullet">

 <weblink xlink:type="simple" xlink:href="http://www.acoustica.com">
Acoustica web site</weblink>.</entry>
<entry level="1" type="bullet">

 <weblink xlink:type="simple" xlink:href="http://www.acoustica.com/mixcraft">
Mixcraft download web page</weblink>.</entry>
<entry level="1" type="bullet">

 <weblink xlink:type="simple" xlink:href="http://www.soundonsound.com/sos/may08/articles/mixcraft4.htm">
Sound on Sound May 2008 Mixcraft 4 review</weblink>.</entry>
<entry level="1" type="bullet">

 <weblink xlink:type="simple" xlink:href="http://livefrom.musicplayer.com/clip.aspx?key=19423B5C8023C959&amp;ctx=feat">
Keyboard Magazine's Stephen Fortner January 2008 NAMM video interview about Mixcraft 4 - Part 1</weblink>.</entry>
<entry level="1" type="bullet">

 <weblink xlink:type="simple" xlink:href="http://livefrom.musicplayer.com/clip.aspx?key=2951A252B1083C88&amp;ctx=feat">
Keyboard Magazine's Stephen Fortner January 2008 NAMM video interview about Mixcraft 4 - Part 2</weblink>.</entry>
<entry level="1" type="bullet">

 <weblink xlink:type="simple" xlink:href="http://www.gearwire.com/acoustica-mixcraft4.html">
Gearwire.com January 2008 NAMM video interview about Mixcraft 4</weblink>.</entry>
<entry level="1" type="bullet">

 <weblink xlink:type="simple" xlink:href="http://www.soundonsound.com/sos/nov07/articles/mixcraft.htm">
Sound on Sound Magazine's November 2007 review of Mixcraft 3</weblink>.</entry>
<entry level="1" type="bullet">

 <weblink xlink:type="simple" xlink:href="http://www.jakeludington.com/ask_jake/20070513_garagebandlike_software_for_windows.html">
Jack Ludington's MediaBlab review of Mixcraft 3</weblink>.</entry>
<entry level="1" type="bullet">

 <weblink xlink:type="simple" xlink:href="http://www.itp.net/reviews/details.php?id=3170">
ITP Technology review of Mixcraft 3.0 (4/5 stars)</weblink>.</entry>
<entry level="1" type="bullet">

 <weblink xlink:type="simple" xlink:href="http://www.technewsworld.com/story/commentary/56130.html">
TechNewsWorld review of Mixcraft 3.0</weblink>.</entry>
<entry level="1" type="bullet">

 <weblink xlink:type="simple" xlink:href="http://www.podcastusermagazine.com/files/podusermag-issue4.pdf">
Podcast User Magazine review of Mixcraft 2.5</weblink>.</entry>
</list>


</p>
</sec>
</bdy>
</software>
</article>
