<?xml version="1.0" encoding="UTF-8"?>
<!-- generated by CLiX/Wiki2XML [MPI-Inf, MMCI@UdS] $LastChangedRevision: 92 $ on 17.04.2009 00:08:55[mciao0825] -->
<!DOCTYPE article SYSTEM "../article.dtd">
<article xmlns:xlink="http://www.w3.org/1999/xlink">
<movie  confidence="0.9511911446218017" wordnetid="106613686">
<header>
<title>This Is Not a Test (2008 film)</title>
<id>10105635</id>
<revision>
<id>232277203</id>
<timestamp>2008-08-16T08:06:54Z</timestamp>
<contributor>
<username>Woohookitty</username>
<id>159678</id>
</contributor>
</revision>
<categories>
<category>All pages needing cleanup</category>
<category>Upcoming films</category>
<category>Wikipedia introduction cleanup</category>
<category>2008 films</category>
</categories>
</header>
<bdy>

For other uses, see <link xlink:type="simple" xlink:href="../542/16402542.xml">
This Is Not a Test</link>.<p>

<table class="metadata plainlinks ambox ">
<row>
<col>

ambox-notice" style=""</col>
</row>
<row>
<col class="mbox-image"><p>

<image width="45px" src="Future_film.svg">
</image>
</p>
</col>
<col style="" class="mbox-text">
 <b>This article or section contains information about one or more 
Upcoming films|upcoming films.</b>
The content will change  as more information becomes available closer to the release date(s).</col>
</row>
</table>

</p>
<p>

<table class="metadata plainlinks ambox ">
<row>
<col>

ambox-style" style=""</col>
</row>
<row>
<col class="mbox-image"><p>

<image width="40x40px" src="Ambox_style.png">
</image>
</p>
</col>
<col style="" class="mbox-text">
 <b>This article has no lead section. To comply with Wikipedia's  guidelines, one should be written.</b> 
Please discuss this issue on the  and read the to make sure the introduction summarizes the article.</col>
</row>
</table>
</p>


<sec>
<st>
 Storyline </st>

<p>

This Is Not A Test is a comedy/drama directed by Christopher Angel. The film is based around a man called Carl (<actor wordnetid="109765278" confidence="0.9508927676800064">
<link xlink:type="simple" xlink:href="../939/663939.xml">
Hill Harper</link></actor>
) who's living his everyday life whilst trying to cope with his fear of terrorist nuclear attacks. However, with the threat so high he soon lets loose and jeopardizes his family and friends.</p>

</sec>
<sec>
<st>
 Main Characters </st>

<p>

The casting has aroused speculation across the internet that this will have some elements of <product wordnetid="104007894" confidence="0.8">
<by-product wordnetid="102930492" confidence="0.8">
<creation wordnetid="103129123" confidence="0.8">
<artifact wordnetid="100021939" confidence="0.8">
<link xlink:type="simple" xlink:href="../266/10819266.xml">
CSI</link></artifact>
</creation>
</by-product>
</product>
 due to the fact that three of the actors in  are the main leads, and the name of the title. However, nothing has been released as of yet and these claims are most likely untrue.</p>
<p>

<table class="wikitable">
<row>
<header>
Character</header>
<header>
Actor/Actress</header>
</row>
<row>
<col>
Carl</col>
<col>
<actor wordnetid="109765278" confidence="0.9508927676800064">
<link xlink:type="simple" xlink:href="../939/663939.xml">
Hill Harper</link></actor>
</col>
</row>
<row>
<col>
Trey</col>
<col>
<actor wordnetid="109765278" confidence="0.9508927676800064">
<link xlink:type="simple" xlink:href="../914/663914.xml">
Carmine Giovinazzo</link></actor>
</col>
</row>
<row>
<col>
Robert Forte</col>
<col>
<actor wordnetid="109765278" confidence="0.9508927676800064">
<link xlink:type="simple" xlink:href="../173/1810173.xml">
Eddie Cahill</link></actor>
</col>
</row>
<row>
<col>
Viv</col>
<col>
<link xlink:type="simple" xlink:href="../146/3963146.xml">
Robinne Lee</link></col>
</row>
<row>
<col>
Teresa</col>
<col>
<actor wordnetid="109765278" confidence="0.9508927676800064">
<link xlink:type="simple" xlink:href="../678/4903678.xml">
Bellamy Young</link></actor>
</col>
</row>
<row>
<col>
Wendy Romer</col>
<col>
<person wordnetid="100007846" confidence="0.9638700866880419">
<link xlink:type="simple" xlink:href="../651/7035651.xml">
Melissa Fitzgerald</link></person>
</col>
</row>
<row>
<col>
Matt Romer</col>
<col>
<link xlink:type="simple" xlink:href="../023/11674023.xml">
Anthony DeSantis</link></col>
</row>
<row>
<col>
Rick Smyth</col>
<col>
<actor wordnetid="109765278" confidence="0.9508927676800064">
<link xlink:type="simple" xlink:href="../939/4188939.xml">
Gordon Currie</link></actor>
</col>
</row>
<row>
<col>
Johnny Dorey</col>
<col>
<link>
Jason Manuel Olazabal</link></col>
</row>
<row>
<col>
Dr. Fred Natanz</col>
<col>
<physical_entity wordnetid="100001930" confidence="0.8">
<communicator wordnetid="109610660" confidence="0.8">
<person wordnetid="100007846" confidence="0.8">
<performer wordnetid="110415638" confidence="0.8">
<causal_agent wordnetid="100007347" confidence="0.8">
<actor wordnetid="109765278" confidence="0.8">
<writer wordnetid="110794014" confidence="0.8">
<entertainer wordnetid="109616922" confidence="0.8">
<link xlink:type="simple" xlink:href="../007/17899007.xml">
David Ackert</link></entertainer>
</writer>
</actor>
</causal_agent>
</performer>
</person>
</communicator>
</physical_entity>
</col>
</row>
</table>
</p>
<p>

Other cast members include guest appearances from <link xlink:type="simple" xlink:href="../343/652343.xml">
Tom Arnold</link> and <actor wordnetid="109765278" confidence="0.9508927676800064">
<link xlink:type="simple" xlink:href="../835/710835.xml">
Heather Tom</link></actor>
.</p>

</sec>
<sec>
<st>
 Filming </st>

<p>

This Is Not A Test is filmed in Los Angeles, California.</p>

</sec>
<sec>
<st>
External links</st>
<p>

<list>
<entry level="1" type="bullet">

<weblink xlink:type="simple" xlink:href="http://www.imdb.com/title/tt0915473/">
<it>This Is Not a Test (2008 film)</it> </weblink> at the <web_site wordnetid="106359193" confidence="0.9508927676800064">
<link xlink:type="simple" xlink:href="../554/2855554.xml">
Internet Movie Database</link></web_site>
</entry>
</list>
</p>

</sec>
</bdy>
</movie>
</article>
