<?xml version="1.0" encoding="UTF-8"?>
<!-- generated by CLiX/Wiki2XML [MPI-Inf, MMCI@UdS] $LastChangedRevision: 92 $ on 17.04.2009 00:09:50[mciao0826] -->
<!DOCTYPE article SYSTEM "../article.dtd">
<article xmlns:xlink="http://www.w3.org/1999/xlink">
<header>
<title>Sum (Unix)</title>
<id>10105982</id>
<revision>
<id>177956920</id>
<timestamp>2007-12-14T21:24:30Z</timestamp>
<contributor>
<username>SmackBot</username>
<id>433328</id>
</contributor>
</revision>
<categories>
<category>Wikipedia articles needing style editing from December 2007</category>
<category>All articles needing style editing</category>
</categories>
</header>
<bdy>

<table class="metadata plainlinks ambox ">
<row>
<col>

ambox-style" style=""</col>
</row>
<row>
<col class="mbox-image"><p>

<image width="40x40px" src="Ambox_style.png">
</image>
</p>
</col>
<col style="" class="mbox-text">
 <b>The  or style of this article or section may not be appropriate for Wikipedia.</b>
Specific concerns may be found on the . See Wikipedia's for suggestions. <it>(December 2007)''</it></col>
</row>
</table>

<p>

<b>Sum</b> is a core <link xlink:type="simple" xlink:href="../875/11875.xml">
GNU</link> utility written by <link>
Kayvan Aghaiepour</link> and <link xlink:type="simple" xlink:href="../278/7346278.xml">
David MacKenzie</link> and distributed with the <link xlink:type="simple" xlink:href="../642/31642.xml">
UNIX</link>- and <O wordnetid="106832680" confidence="0.9508927676800064">
<link xlink:type="simple" xlink:href="../297/6097297.xml">
Linux</link></O>
-based operating systems.  This utility outputs the <link xlink:type="simple" xlink:href="../538/7538.xml">
checksum</link> of each argument <link xlink:type="simple" xlink:href="../077/7077.xml">
file</link>, as well as the number of <system wordnetid="104377057" confidence="0.8">
<artifact wordnetid="100021939" confidence="0.8">
<instrumentality wordnetid="103575240" confidence="0.8">
<link xlink:type="simple" xlink:href="../667/313667.xml">
blocks</link></instrumentality>
</artifact>
</system>
 they take on disk.<ref xlink:type="simple" xlink:href="#xpointer(//reflist/entry[@id=%221%22])">1</ref>  </p>
<p>

According to the <link xlink:type="simple" xlink:href="../332/85332.xml">
manual</link>, sum uses two different <link xlink:type="simple" xlink:href="../775/775.xml">
algorithm</link>s for calculating the checksum and blocks, the <link>
System V</link> algorithm and the <link xlink:type="simple" xlink:href="../807/1223807.xml">
BSD</link> (<information wordnetid="105816287" confidence="0.8">
<datum wordnetid="105816622" confidence="0.8">
<link xlink:type="simple" xlink:href="../316/957316.xml">
default</link></datum>
</information>
) algorithm.  Switching between the two algorithms is done via inline option parameters.</p>
<p>

The sum utility is invoked from the <link xlink:type="simple" xlink:href="../707/6707.xml">
command line</link> according to the following syntax:</p>
<p>

<indent level="1">

sum [OPTION]... [FILE]... 
</indent>

with the possible option parameters being:</p>
<p>

<list>
<entry level="1" type="bullet">

  -r</entry>
<entry level="2" type="bullet">

 use BSD sum algorithm, use 1K blocks (defeats -s)</entry>
<entry level="1" type="bullet">

  -s, --sysv </entry>
<entry level="2" type="bullet">

 use System V sum <link xlink:type="simple" xlink:href="../775/775.xml">
algorithm</link>, use 512 bytes blocks</entry>
<entry level="1" type="bullet">

  --help</entry>
<entry level="2" type="bullet">

 display the help screen and exit</entry>
<entry level="1" type="bullet">

  --version</entry>
<entry level="2" type="bullet">

 output version information and exit</entry>
</list>
</p>
<p>

When no file parameter is given, or when FILE is -, the <link xlink:type="simple" xlink:href="../067/220067.xml">
standard input</link> is used as input file.</p>

<sec>
<st>
References</st>


<p>

<reflist>
<entry id="1">
<it>Sum</it> manual page available with most *NIX distributions; invoked via man sum</entry>
</reflist>
</p>



</sec>
<sec>
<st>
See also</st>

<p>

<list>
<entry level="1" type="bullet">

<link xlink:type="simple" xlink:href="../194/940194.xml">
GNU Core Utilities</link></entry>
<entry level="1" type="bullet">

<link xlink:type="simple" xlink:href="../171/7452171.xml">
UnxUtils</link></entry>
</list>


</p>
</sec>
</bdy>
</article>
