<?xml version="1.0" encoding="UTF-8"?>
<!-- generated by CLiX/Wiki2XML [MPI-Inf, MMCI@UdS] $LastChangedRevision: 92 $ on 17.04.2009 00:14:07[mciao0827] -->
<!DOCTYPE article SYSTEM "../article.dtd">
<article xmlns:xlink="http://www.w3.org/1999/xlink">
<relation  confidence="0.9511911446218017" wordnetid="100031921">
<header>
<title>Cuba–Venezuela relations</title>
<id>10118518</id>
<revision>
<id>239613521</id>
<timestamp>2008-09-19T17:52:52Z</timestamp>
<contributor>
<username>Biruitorul</username>
<id>1399437</id>
</contributor>
</revision>
<categories>
<category>Bilateral relations of Venezuela</category>
<category>Bilateral relations of Cuba</category>
</categories>
</header>
<bdy>

<table style="clear:right;" align="right" class="infobox bordered">
<caption>
<b>Cuban-Venezuelan relations</b></caption>
<row>
<col colspan="2" align="center" width="300">
 <image width="200x64px" src="Flag_of_Cuba.svg">
<caption>

Flag of Cuba
</caption>
</image>
 <image width="300x66px" src="Flag_of_Venezuela.svg">
<caption>

Flag of Venezuela
</caption>
</image>
</col>
</row>
<row>
<col colspan="2" align="center">
 <image width="150px" src="{[[:Template:Map]]}">
<caption>

{}|
</caption>
</image>
</col>
</row>
<row>
<col>
&nbsp;&nbsp;&nbsp;&nbsp;&nbsp;<b>Cuba</b></col>
<col>
&nbsp;&nbsp;&nbsp;&nbsp;&nbsp;<b>Venezuela</b></col>
</row>
</table>
<p>

<b>Relations between Cuba and Venezuela</b> have significantly improved during the <link>
Presidency of Hugo Chávez</link>. <link>
Chávez</link> has formed a major alliance with Cuban president <president wordnetid="110468559" confidence="0.9508927676800064">
<person wordnetid="100007846" confidence="0.9508927676800064">
<link xlink:type="simple" xlink:href="../301/38301.xml">
Fidel Castro</link></person>
</president>
 and significant trade relationship with <country wordnetid="108544813" confidence="0.9508927676800064">
<link xlink:type="simple" xlink:href="../481/5042481.xml">
Cuba</link></country>
 since his election in 1999. Warm relationship between the two countries continued to intensify.<ref xlink:type="simple" xlink:href="#xpointer(//reflist/entry[@id=%221%22])">1</ref> After decades of inequalities and <body wordnetid="107965085" confidence="0.8">
<social_group wordnetid="107950920" confidence="0.8">
<political_orientation wordnetid="106212839" confidence="0.8">
<colony wordnetid="108374049" confidence="0.8">
<state wordnetid="108168978" confidence="0.8">
<political_unit wordnetid="108359949" confidence="0.8">
<group wordnetid="100031264" confidence="0.8">
<democracy wordnetid="106217103" confidence="0.8">
<link xlink:type="simple" xlink:href="../750/3434750.xml">
American</link></democracy>
</group>
</political_unit>
</state>
</colony>
</political_orientation>
</social_group>
</body>
 domination in the <region wordnetid="108630985" confidence="0.8">
<region wordnetid="108630039" confidence="0.8">
<location wordnetid="100027167" confidence="0.8">
<hot_spot wordnetid="108586330" confidence="0.8">
<geographical_area wordnetid="108574314" confidence="0.8">
<link xlink:type="simple" xlink:href="../035/18956035.xml">
Caribbean</link></geographical_area>
</hot_spot>
</location>
</region>
</region>
,<ref xlink:type="simple" xlink:href="#xpointer(//reflist/entry[@id=%222%22])">2</ref><ref xlink:type="simple" xlink:href="#xpointer(//reflist/entry[@id=%223%22])">3</ref> several governments in the region have started to reject United States' path of <link xlink:type="simple" xlink:href="../416/5416.xml">
capitalism</link>.<ref xlink:type="simple" xlink:href="#xpointer(//reflist/entry[@id=%222%22])">2</ref> Hugo Chávez has described Castro as his mentor<ref xlink:type="simple" xlink:href="#xpointer(//reflist/entry[@id=%224%22])">4</ref> and has called Cuba "a revolutionary democracy".<ref xlink:type="simple" xlink:href="#xpointer(//reflist/entry[@id=%225%22])">5</ref></p>
<p>

The bilateral relation includes development aid, joint business ventures, large financial transactions, exchange of energy resources and information technology, and cooperation in the fields of intelligence service and military. A characteristic of Cuba-<country wordnetid="108544813" confidence="0.9508927676800064">
<link xlink:type="simple" xlink:href="../374/32374.xml">
Venezuela</link></country>
 ties is that both nations are exchanging assets among each other which are inexpensive for the sending country but of high significance for the receiving country.<ref xlink:type="simple" xlink:href="#xpointer(//reflist/entry[@id=%226%22])">6</ref> </p>

<sec>
<st>
Early history</st>

<p>

Venezuela and Cuba established diplomatic relations not long after the latter became independent in 1902; by 1913, they had an extradition treaty.<ref xlink:type="simple" xlink:href="#xpointer(//reflist/entry[@id=%227%22])">7</ref> Relations rapidly deteriorated after Castro came to power. In November 1961, the then Venezuelan President <link>
Rómulo Betancourt</link> broke relations with Cuba, following a policy of not having ties with governments that had come to power by non-<link xlink:type="simple" xlink:href="../457/9457.xml">
electoral</link> means.<ref xlink:type="simple" xlink:href="#xpointer(//reflist/entry[@id=%228%22])">8</ref> The following January, he voted to expel Cuba from the <organization wordnetid="108008335" confidence="0.9508927676800064">
<link xlink:type="simple" xlink:href="../788/22788.xml">
Organization of American States</link></organization>
 (OAS) and in July 1964 successfully petitioned to have OAS sanctions imposed on Cuba after the discovery of an arms cache on a Venezuelan beach the previous November, allegedly dropped by Cubans for use by the <link>
Fuerzas Armadas de Liberación Nacional</link> (FALN) guerrillas seeking to establish a Marxist government. Castro had inspired the guerrillas who threatened Betancourt's government and elections scheduled for 1963.<ref xlink:type="simple" xlink:href="#xpointer(//reflist/entry[@id=%229%22])">9</ref> Venezuelans trained by Cuba were landed in July 1966, and a landing of Cuban officers was intercepted by Venezuela in May 1967.<ref xlink:type="simple" xlink:href="#xpointer(//reflist/entry[@id=%2210%22])">10</ref> Once Betancourt and his similarly-minded successor <link>
Raúl Leoni</link> left office, Venezuela increasingly identified with the <politics wordnetid="113840719" confidence="0.8">
<grouping wordnetid="101012360" confidence="0.8">
<event wordnetid="100029378" confidence="0.8">
<social_relation wordnetid="100032823" confidence="0.8">
<act wordnetid="100030358" confidence="0.8">
<psychological_feature wordnetid="100023100" confidence="0.8">
<activity wordnetid="100407535" confidence="0.8">
<categorization wordnetid="101012712" confidence="0.8">
<link xlink:type="simple" xlink:href="../305/30305.xml">
Third World</link></categorization>
</activity>
</psychological_feature>
</act>
</social_relation>
</event>
</grouping>
</politics>
, guerrilla activity waned, and Castro renounced exporting revolution, which allowed for a tentative rapprochement. Diplomatic relations were restored in 1974, oil deliveries resumed, and Venezuela advocated Cuba's readmission to the OAS. The relationship allowed Venezuela to assert a degree of independence from the United States, although tensions occasionally resurfaced, especially over Venezuela's handling of those who blew up <accident wordnetid="107301336" confidence="0.9508927676800064">
<link xlink:type="simple" xlink:href="../538/1904538.xml">
Cubana Flight 455</link></accident>
 and of the Cubans who sought refuge in Venezuela's Havana embassy in 1980.<ref xlink:type="simple" xlink:href="#xpointer(//reflist/entry[@id=%2211%22])">11</ref></p>

</sec>
<sec>
<st>
Chávez and Castro</st>
<p>

<autocracy wordnetid="108361001" confidence="0.8">
<system wordnetid="108435388" confidence="0.8">
<social_group wordnetid="107950920" confidence="0.8">
<political_orientation wordnetid="106212839" confidence="0.8">
<monarchy wordnetid="108363812" confidence="0.8">
<state wordnetid="108168978" confidence="0.8">
<political_unit wordnetid="108359949" confidence="0.8">
<political_system wordnetid="108367880" confidence="0.8">
<economy wordnetid="108366753" confidence="0.8">
<group wordnetid="100031264" confidence="0.8">
<democracy wordnetid="106217103" confidence="0.8">
<link xlink:type="simple" xlink:href="../717/31717.xml">
British</link></democracy>
</group>
</economy>
</political_system>
</political_unit>
</state>
</monarchy>
</political_orientation>
</social_group>
</system>
</autocracy>
 journalist and historian <physical_entity wordnetid="100001930" confidence="0.8">
<communicator wordnetid="109610660" confidence="0.8">
<person wordnetid="100007846" confidence="0.8">
<causal_agent wordnetid="100007347" confidence="0.8">
<writer wordnetid="110794014" confidence="0.8">
<journalist wordnetid="110224578" confidence="0.8">
<link xlink:type="simple" xlink:href="../420/3204420.xml">
Richard Gott</link></journalist>
</writer>
</causal_agent>
</person>
</communicator>
</physical_entity>
 pointed that Chávez and Castro share several similarities. Castro became a national hero in Cuba after his failed <look wordnetid="100877127" confidence="0.8">
<observation wordnetid="100879759" confidence="0.8">
<event wordnetid="100029378" confidence="0.8">
<sensory_activity wordnetid="100876737" confidence="0.8">
<act wordnetid="100030358" confidence="0.8">
<psychological_feature wordnetid="100023100" confidence="0.8">
<activity wordnetid="100407535" confidence="0.8">
<sensing wordnetid="100876874" confidence="0.8">
<link xlink:type="simple" xlink:href="../540/705540.xml#xpointer(//*[./st=%22Attack+on+Moncada+Barracks%22])">
Moncada Barracks attacks</link></sensing>
</activity>
</psychological_feature>
</act>
</sensory_activity>
</event>
</observation>
</look>
 on July 26, 1953, and Chávez led the unsuccessful <link>
1992 Venezuelan coup d'état attempts</link>. Castro spent several years in prison and then led a two-year long guerrilla war before assuming power in 1959 and Chávez also came to power after spending a period in prison and established his own political movement.<ref xlink:type="simple" xlink:href="#xpointer(//reflist/entry[@id=%2212%22])">12</ref></p>
<p>

In 1999, Chávez visited Havana and told at the <university wordnetid="108286163" confidence="0.9508927676800064">
<link xlink:type="simple" xlink:href="../808/1146808.xml">
University of Havana</link></university>
 (UH), "Venezuela is traveling towards the same sea as the Cuban people, a sea of happiness and of real social justice and peace".<ref xlink:type="simple" xlink:href="#xpointer(//reflist/entry[@id=%2213%22])">13</ref> He called Castro "brother" and said:
Here we are, as alert as ever, Fidel and Hugo, fighting with dignity and courage to defend the interests of our people, and to bring alive the idea of Bolívar and Martí. In the name of Cuba and Venezuela, I appeal for the unity of our two peoples, and of the revolutions that we both lead. Bolívar and Martí, one country united!<ref xlink:type="simple" xlink:href="#xpointer(//reflist/entry[@id=%2213%22])">13</ref></p>
<p>

In 2005, Chávez said that the cooperation between Cuba and Venezuela is an example of what socialism can and should do. While jointly appearing with Castro on a six hour TV phone-in programme in August 2005, Chávez said he didn't see Cuba as a dictatorship; he said "It's a revolutionary democracy".<ref xlink:type="simple" xlink:href="#xpointer(//reflist/entry[@id=%225%22])">5</ref> Chávez said the democracy promoted by <president wordnetid="110468559" confidence="0.9508927676800064">
<person wordnetid="100007846" confidence="0.9508927676800064">
<businessperson wordnetid="109882716" confidence="0.9173553029164789">
<link xlink:type="simple" xlink:href="../021/3414021.xml">
George W. Bush</link></businessperson>
</person>
</president>
 is "a false democracy of the elite" and a "democracy of bombs".<ref xlink:type="simple" xlink:href="#xpointer(//reflist/entry[@id=%2214%22])">14</ref> Chávez regards Castro as his mentor.<ref xlink:type="simple" xlink:href="#xpointer(//reflist/entry[@id=%224%22])">4</ref></p>

</sec>
<sec>
<st>
Economic ties</st>
<p>

In December 14, 2004, Chávez and Castro signed <alliance wordnetid="108293982" confidence="0.8">
<politics wordnetid="113840719" confidence="0.8">
<bloc wordnetid="108171094" confidence="0.8">
<social_relation wordnetid="100032823" confidence="0.8">
<link xlink:type="simple" xlink:href="../124/3223124.xml">
a joint declaration</link></social_relation>
</bloc>
</politics>
</alliance>
 which said that <link xlink:type="simple" xlink:href="../088/93088.xml">
neoliberalism</link> acts as "a mechanism to increase dependence and foreign domination". The two leaders described the US-supported <alliance wordnetid="108293982" confidence="0.8">
<agreement wordnetid="106770275" confidence="0.8">
<social_relation wordnetid="100032823" confidence="0.8">
<writing wordnetid="106362953" confidence="0.8">
<written_communication wordnetid="106349220" confidence="0.8">
<message wordnetid="106598915" confidence="0.8">
<statement wordnetid="106722453" confidence="0.8">
<politics wordnetid="113840719" confidence="0.8">
<document wordnetid="106470073" confidence="0.8">
<bloc wordnetid="108171094" confidence="0.8">
<legal_document wordnetid="106479665" confidence="0.8">
<treaty wordnetid="106773434" confidence="0.8">
<written_agreement wordnetid="106771653" confidence="0.8">
<link xlink:type="simple" xlink:href="../623/47623.xml">
Free Trade Area of the Americas</link></written_agreement>
</treaty>
</legal_document>
</bloc>
</document>
</politics>
</statement>
</message>
</written_communication>
</writing>
</social_relation>
</agreement>
</alliance>
 (FTAA) as an "expression of a hunger to dominate the region" and said that the free trade area will result in increase in poverty and subordination in Latin America. According to the joint declaration, economic integration is necessary for the Latin American nations to earn a respected position in the world economy, but this integration will be based on mutual cooperation.<ref xlink:type="simple" xlink:href="#xpointer(//reflist/entry[@id=%2215%22])">15</ref></p>
<p>

On <link xlink:type="simple" xlink:href="../845/15845.xml">
January 25</link>, <link xlink:type="simple" xlink:href="../165/36165.xml">
2007</link>, Chávez and Cuba's Vice President Carlos Lage signed an agreement to develop a range of production projects which involved nickel, electricity and rice. This deal also included construction of an underwater fiber optics cable to bypass a US embargo which was aimed to be built within 2009.<ref xlink:type="simple" xlink:href="#xpointer(//reflist/entry[@id=%2216%22])">16</ref></p>

</sec>
<sec>
<st>
Oil</st>
<p>

In October 2000, Chávez and Castro signed the <it>Convenio Integral de Cooperación</it> under which Venezuela will send 53,000 <link xlink:type="simple" xlink:href="../082/2747082.xml">
barrel per day</link> (bpd) of oil to Cuba and will receive technical support and in the fields of education, health care, sports, and science and technology.<ref xlink:type="simple" xlink:href="#xpointer(//reflist/entry[@id=%2217%22])">17</ref> In February 2005, Venezuela increased its discounted oil shipments to Cuba to 90,000 <link xlink:type="simple" xlink:href="../082/2747082.xml">
barrel per day</link> (bpd)<ref xlink:type="simple" xlink:href="#xpointer(//reflist/entry[@id=%221%22])">1</ref> which represents less than 3.5% of Venezuela's total oil production. But for Cuba, 90,000 bpd is of high value. Much of this oil obtained from Venezuela is subsidized. According to 2005 estimates, Venezuela is providing Cuba nearly 20,000 to 26,000 bpd of oil free of cost, for a total "gift" of $6-8 billion until 2020. Cuba is reportedly re-exporting 40,000 to 50,000 bpd of oil because Cuba produces 80,000 bpd oil domestically and total oil consumption in Cuba 120,000 bpd.<ref xlink:type="simple" xlink:href="#xpointer(//reflist/entry[@id=%226%22])">6</ref></p>
<p>

In 2006, the two countries established a joint venture to revamp the Cienfuegos oil refinery in Cuba. Venezuela and Cuba were set to invest approximately $800m to $1bn in primary stage into the programme. According to this scheme, 51% share of the plant will be held by Cuba and 49% by <link>
Petróleos de Venezuela S.A.</link> (PDVSA), the Venezuelan <link xlink:type="simple" xlink:href="../105/22105.xml">
state-owned</link> <link xlink:type="simple" xlink:href="../195/23195.xml">
petroleum</link> company.<ref xlink:type="simple" xlink:href="#xpointer(//reflist/entry[@id=%2218%22])">18</ref> In December 2007, Chávez attended the <company wordnetid="108058098" confidence="0.9508927676800064">
<link xlink:type="simple" xlink:href="../118/2588118.xml">
Petrocaribe</link></company>
 summit in Havana along with several prime ministers and presidents from around the Caribbean and <link xlink:type="simple" xlink:href="../121/6121.xml">
Central America</link>.<ref xlink:type="simple" xlink:href="#xpointer(//reflist/entry[@id=%2219%22])">19</ref></p>

</sec>
<sec>
<st>
Health care</st>
<p>

In return for Venezuelan oil, Cuba is sending approximately 30,000 to 50,000 technical personnel to Venezuela, including physicians, sport coaches, teachers, and arts instructors who offer social services, often in poverty-stricken regions. Under the programme <it>Convenio de Atención a Pacientes</it> implemented in 2000, Venezuela send patients and their relatives for medical treatment in Cuba where the Government of Venezuela pays the transportation costs, and Cuba bears all other expenses.<ref xlink:type="simple" xlink:href="#xpointer(//reflist/entry[@id=%226%22])">6</ref></p>
<p>

In April 2005, the two countries signed an agreement to increase the number of healthcare workers in Venezuela to 30,000 and initiated health programs which included establishment of 1,000 free medical centers, training of 50,000 medical personnel, and surgical treatment for approximately 100,000 Venezuelans in Cuba. Cuba also offered to train an additional 40,000 Venezuelan physicians. Meanwhile the oil shipment to Cuba is increased to 90,000 barrels per day (bpd).<ref xlink:type="simple" xlink:href="#xpointer(//reflist/entry[@id=%2217%22])">17</ref> In 2005 alone,  50,000 Venezuelans went to Cuba for free eye treatment.<ref xlink:type="simple" xlink:href="#xpointer(//reflist/entry[@id=%225%22])">5</ref></p>

</sec>
<sec>
<st>
Military</st>
<p>

Close ties with Cuba are helping <village wordnetid="108672738" confidence="0.9508927676800064">
<link xlink:type="simple" xlink:href="../289/55289.xml">
Caracas</link></village>
 in its goal to transform the <military wordnetid="108199025" confidence="0.9508927676800064">
<link xlink:type="simple" xlink:href="../460/32460.xml">
Military of Venezuela</link></military>
; these began in 2004. As part of an effort to remove US influence from the country, the <link xlink:type="simple" xlink:href="../466/5265466.xml">
Army of Venezuela</link> is trying to replace NATO-compliant Belgian rifles with <weapon wordnetid="104565375" confidence="0.9508927676800064">
<link xlink:type="simple" xlink:href="../926/1333926.xml">
AK-103</link></weapon>
. The <military_unit wordnetid="108198398" confidence="0.9508927676800064">
<link xlink:type="simple" xlink:href="../251/73251.xml">
Military of Cuba</link></military_unit>
, which has an experience of over 40 years to handle Soviet and Russian military equipment, and in training combatants from guerrilla warfare and in counterinsurgency operations, is well able to help Chávez with this military transformation.<ref xlink:type="simple" xlink:href="#xpointer(//reflist/entry[@id=%226%22])">6</ref></p>

</sec>
<sec>
<st>
Research</st>
<p>

The <institute wordnetid="108407330" confidence="0.8">
<association wordnetid="108049401" confidence="0.8">
<link xlink:type="simple" xlink:href="../878/10124878.xml">
Venezuelan Institute for Scientific Research</link></association>
</institute>
 and Cuban scientists collaborated in a research project for analyzing "stress" in rice production caused by drought or saline soils. Research findings on this were presented in the 4th International Encounter on Rice held in Havana in 2008. One of the several objectives of this joint scientific project is to understand the effectiveness of the hormones.<ref xlink:type="simple" xlink:href="#xpointer(//reflist/entry[@id=%2220%22])">20</ref></p>

</sec>
<sec>
<st>
2008 Dávila-Maduro meeting</st>
<p>

In May 2008, Venezuelan Foreign Minister <link>
Nicolás Maduro Moros</link>, leading a delegation in Cuba to attend the 12th meeting of the Cuba-Venezuela Political Consultation Body,<ref xlink:type="simple" xlink:href="#xpointer(//reflist/entry[@id=%2221%22])">21</ref><ref xlink:type="simple" xlink:href="#xpointer(//reflist/entry[@id=%2222%22])">22</ref> met Vice President of Cuba <link>
Carlos Lage Dávila</link> at the Ministers' Council headquarters to discuss the situation in Latin America and other bilateral issues. At the opening of the meeting, Maduro said Cuban Revolution "showed us the path of the second, real political, economic, social and cultural independence 50 years ago". Describing the relations between the two countries, he said "our relation is a profound, longstanding, strategic fraternity by which we have become a single people, a single nation, as dreamed by the liberating fathers".<ref xlink:type="simple" xlink:href="#xpointer(//reflist/entry[@id=%2221%22])">21</ref> Maduro held talks with <link>
Raúl Castro</link> also and discussed issues related to bilateral relations.<ref xlink:type="simple" xlink:href="#xpointer(//reflist/entry[@id=%2223%22])">23</ref><ref xlink:type="simple" xlink:href="#xpointer(//reflist/entry[@id=%2224%22])">24</ref></p>

</sec>
<sec>
<st>
Views on the bilateral relations</st>
<p>

American journalist and political scientist <physical_entity wordnetid="100001930" confidence="0.8">
<communicator wordnetid="109610660" confidence="0.8">
<person wordnetid="100007846" confidence="0.8">
<intellectual wordnetid="109621545" confidence="0.8">
<alumnus wordnetid="109786338" confidence="0.8">
<causal_agent wordnetid="100007347" confidence="0.8">
<scientist wordnetid="110560637" confidence="0.8">
<writer wordnetid="110794014" confidence="0.8">
<scholar wordnetid="110557854" confidence="0.8">
<journalist wordnetid="110224578" confidence="0.8">
<link xlink:type="simple" xlink:href="../620/4647620.xml">
Michael Radu</link></journalist>
</scholar>
</writer>
</scientist>
</causal_agent>
</alumnus>
</intellectual>
</person>
</communicator>
</physical_entity>
 in his book <it>Dilemmas of Democracy &amp; Dictatorship</it> expressed negative view over this bilateral relations stating "most of Chavez' policies are distinctly anti-democratic, often unconstitutional, and usually anti-American and pro-Castro".<ref xlink:type="simple" xlink:href="#xpointer(//reflist/entry[@id=%2225%22])">25</ref> Another American and a <link xlink:type="simple" xlink:href="../531/216531.xml">
neoconservative</link> <physical_entity wordnetid="100001930" confidence="0.8">
<communicator wordnetid="109610660" confidence="0.8">
<columnist wordnetid="109939154" confidence="0.8">
<person wordnetid="100007846" confidence="0.8">
<intellectual wordnetid="109621545" confidence="0.8">
<alumnus wordnetid="109786338" confidence="0.8">
<causal_agent wordnetid="100007347" confidence="0.8">
<writer wordnetid="110794014" confidence="0.8">
<scholar wordnetid="110557854" confidence="0.8">
<journalist wordnetid="110224578" confidence="0.8">
<link xlink:type="simple" xlink:href="../075/154075.xml">
Frank Gaffney</link></journalist>
</scholar>
</writer>
</causal_agent>
</alumnus>
</intellectual>
</person>
</columnist>
</communicator>
</physical_entity>
, who is the founder of the neoconservative organization <conveyance wordnetid="103100490" confidence="0.8">
<armored_vehicle wordnetid="102740533" confidence="0.8">
<self-propelled_vehicle wordnetid="104170037" confidence="0.8">
<artifact wordnetid="100021939" confidence="0.8">
<tracked_vehicle wordnetid="104464852" confidence="0.8">
<instrumentality wordnetid="103575240" confidence="0.8">
<wheeled_vehicle wordnetid="104576211" confidence="0.8">
<container wordnetid="103094503" confidence="0.8">
<vehicle wordnetid="104524313" confidence="0.8">
<military_vehicle wordnetid="103764276" confidence="0.8">
<tank wordnetid="104389033" confidence="0.8">
<link xlink:type="simple" xlink:href="../377/1200377.xml">
Center for Security Policy</link></tank>
</military_vehicle>
</vehicle>
</container>
</wheeled_vehicle>
</instrumentality>
</tracked_vehicle>
</artifact>
</self-propelled_vehicle>
</armored_vehicle>
</conveyance>
, expressed similar negative view in the book <it>War Footing</it> where he writes, "Chavez represents what Castro always wanted to be: the leader of a revolution that extends  well beyond his own territory. Castro has helped Chavez learn how to undermine and destabilize liberal democracies throughout the region by using Castro's own tested method's of political warfare. ... Castro has decades of experience; Chavez has money and power. Theirs is a partnership with Chavez in charge".<ref xlink:type="simple" xlink:href="#xpointer(//reflist/entry[@id=%2226%22])">26</ref> </p>
<p>

The <link xlink:type="simple" xlink:href="../149/195149.xml">
Federal government of the United States</link> maintain the view that both Chávez and Castro are trying to undermine <link xlink:type="simple" xlink:href="../959/7959.xml">
democracy</link> in the Caribbean<ref xlink:type="simple" xlink:href="#xpointer(//reflist/entry[@id=%225%22])">5</ref> and portrays Chávez as a security threat. Critics say Chávez is using petroleum sales under preferential terms to increase his political influence in the Caribbean. He have been criticized for making friendly relations with Cuba, which is a long-time opponent of the Untied States.<ref xlink:type="simple" xlink:href="#xpointer(//reflist/entry[@id=%2227%22])">27</ref> In January 2005, the <physical_entity wordnetid="100001930" confidence="0.8">
<person wordnetid="100007846" confidence="0.8">
<leader wordnetid="109623038" confidence="0.8">
<causal_agent wordnetid="100007347" confidence="0.8">
<head wordnetid="110162991" confidence="0.8">
<secretary wordnetid="110570019" confidence="0.8">
<link xlink:type="simple" xlink:href="../293/32293.xml">
United States Secretary of State</link></secretary>
</head>
</causal_agent>
</leader>
</person>
</physical_entity>
 <person wordnetid="100007846" confidence="0.9508927676800064">
<official wordnetid="110372373" confidence="0.9508927676800064">
<link xlink:type="simple" xlink:href="../177/158177.xml">
Condoleezza Rice</link></official>
</person>
 called Cuba "outpost of tyranny"<ref xlink:type="simple" xlink:href="#xpointer(//reflist/entry[@id=%221%22])">1</ref> and Chávez a "negative force" in Latin America.<ref xlink:type="simple" xlink:href="#xpointer(//reflist/entry[@id=%2228%22])">28</ref> Chávez has been criticized by opponents on the basis that he is trying to establish a Cuba-style authoritarian government.<ref xlink:type="simple" xlink:href="#xpointer(//reflist/entry[@id=%2227%22])">27</ref> </p>
<p>

But the United States' view on this issue has been criticized. Irum Abbasi, researcher of <conveyance wordnetid="103100490" confidence="0.8">
<armored_vehicle wordnetid="102740533" confidence="0.8">
<self-propelled_vehicle wordnetid="104170037" confidence="0.8">
<artifact wordnetid="100021939" confidence="0.8">
<tracked_vehicle wordnetid="104464852" confidence="0.8">
<instrumentality wordnetid="103575240" confidence="0.8">
<wheeled_vehicle wordnetid="104576211" confidence="0.8">
<container wordnetid="103094503" confidence="0.8">
<vehicle wordnetid="104524313" confidence="0.8">
<military_vehicle wordnetid="103764276" confidence="0.8">
<tank wordnetid="104389033" confidence="0.8">
<link xlink:type="simple" xlink:href="../320/4770320.xml">
The Institute of Strategic Studies</link></tank>
</military_vehicle>
</vehicle>
</container>
</wheeled_vehicle>
</instrumentality>
</tracked_vehicle>
</artifact>
</self-propelled_vehicle>
</armored_vehicle>
</conveyance>
 in <village wordnetid="108672738" confidence="0.9508927676800064">
<link xlink:type="simple" xlink:href="../153/51153.xml">
Islamabad</link></village>
 writes, "To the US, the real issue has never been human rights but the success of its client regimes in the region, which is substantiated by the fact that it tends to overlook those human rights abuses that are perpetrated by pro-US regimes". She stated that the United States has criticized Cuba and Venezuela for human rights abuses, but often tolerated and even supported regimes which violated human rights, but were <link xlink:type="simple" xlink:href="../658/18940658.xml">
anti-communist</link>.<ref xlink:type="simple" xlink:href="#xpointer(//reflist/entry[@id=%2229%22])">29</ref> Historian Jane Franklin in an article titled <it>Who's Afraid Of Venezuela-Cuba Alliance?</it> gave the example that in 1952 the United States supported a coup which installed <president wordnetid="110468559" confidence="0.9508927676800064">
<link xlink:type="simple" xlink:href="../206/50206.xml">
Fulgencio Batista</link></president>
 as dictator of Cuba and writes "U.S. overthrows of elected governments are nothing new, as demonstrated in Brazil, Chile, the Dominican Republic, and Haiti, to name a few". Franklin pointed that Cuba is well-developed in health care and was once the only nation in Latin America to offer universal free health care, and with the help of Cuba, Venezuela has been able to give free health care to many of its citizens; thus the both countries respect health care as a basic human right. Regarding Rice's remark, she stated that the <president wordnetid="110468559" confidence="0.9173553029164789">
<businessperson wordnetid="109882716" confidence="0.9173553029164789">
<link xlink:type="simple" xlink:href="../895/183895.xml">
Bush administration</link></businessperson>
</president>
 and the media have increased their attack against Chávez and Castro.<ref xlink:type="simple" xlink:href="#xpointer(//reflist/entry[@id=%2230%22])">30</ref> </p>
<p>

<physical_entity wordnetid="100001930" confidence="0.8">
<communicator wordnetid="109610660" confidence="0.8">
<person wordnetid="100007846" confidence="0.8">
<causal_agent wordnetid="100007347" confidence="0.8">
<writer wordnetid="110794014" confidence="0.8">
<journalist wordnetid="110224578" confidence="0.8">
<link xlink:type="simple" xlink:href="../420/3204420.xml">
Richard Gott</link></journalist>
</writer>
</causal_agent>
</person>
</communicator>
</physical_entity>
 in his book <it>Hugo Chávez and the Bolivarian Revolution</it> described the Untied States as "the chief imperial power in the region and the champion of the neo-liberal philosophy" and said that Chávez and Castro have directed their rhetoric against this US policy.<ref xlink:type="simple" xlink:href="#xpointer(//reflist/entry[@id=%2212%22])">12</ref> <autocracy wordnetid="108361001" confidence="0.8">
<system wordnetid="108435388" confidence="0.8">
<social_group wordnetid="107950920" confidence="0.8">
<political_orientation wordnetid="106212839" confidence="0.8">
<monarchy wordnetid="108363812" confidence="0.8">
<state wordnetid="108168978" confidence="0.8">
<political_unit wordnetid="108359949" confidence="0.8">
<political_system wordnetid="108367880" confidence="0.8">
<economy wordnetid="108366753" confidence="0.8">
<group wordnetid="100031264" confidence="0.8">
<democracy wordnetid="106217103" confidence="0.8">
<link xlink:type="simple" xlink:href="../717/31717.xml">
British</link></democracy>
</group>
</economy>
</political_system>
</political_unit>
</state>
</monarchy>
</political_orientation>
</social_group>
</system>
</autocracy>
-<country wordnetid="108544813" confidence="0.9508927676800064">
<link xlink:type="simple" xlink:href="../235/23235.xml">
Pakistan</link></country>
i historian, filmmaker and political campaigner <person wordnetid="100007846" confidence="0.9508927676800064">
<link xlink:type="simple" xlink:href="../079/245079.xml">
Tariq Ali</link></person>
 in a letter to <it><newspaper wordnetid="106267145" confidence="0.9508927676800064">
<link xlink:type="simple" xlink:href="../515/19344515.xml">
The Guardian</link></newspaper>
</it> wrote, "The government of the US has no moral authority to elect itself as the judge over human rights in Cuba, where there has not been a single case of disappearance, torture or extra-judicial execution since 1959, and where despite the economic blockade, there are levels of health, education and culture that are internationally recognised".<ref xlink:type="simple" xlink:href="#xpointer(//reflist/entry[@id=%2231%22])">31</ref> Abbasi noted that recent election results in several Latin American countries indicate a drift towards left-wing politics which she analyzes a result of public anger over <link xlink:type="simple" xlink:href="../088/93088.xml">
neoliberalism</link>.<ref xlink:type="simple" xlink:href="#xpointer(//reflist/entry[@id=%2229%22])">29</ref></p>

</sec>
<sec>
<st>
References</st>

<p>

<reflist>
<entry id="1">
Daniel P. Erikson.&#32;"<weblink xlink:type="simple" xlink:href="http://www.britannica.com/eb/article-9403289/Cuba">
Cuba</weblink>"&#32;(HTML).&#32;  <link xlink:type="simple" xlink:href="../508/9508.xml">
Encyclopedia Britannica Online</link>.&#32;Retrieved on <link>
2008-06-10</link>.</entry>
<entry id="2">
Sujata Fernandes&#32;(2006-05-20).&#32;"<weblink xlink:type="simple" xlink:href="http://www.epw.org.in/epw/user/loginArticleError.jsp?hid_artid=2099">
Trade Treaties and US Hegemony in the Americas</weblink>"&#32;(HTML).&#32;  <link xlink:type="simple" xlink:href="../114/12322114.xml">
Economic and Political Weekly</link>.&#32;Retrieved on <link>
2008-06-08</link>.</entry>
<entry id="3">
"<weblink xlink:type="simple" xlink:href="http://www.bbc.co.uk/caribbean/news/story/2007/02/070223_sanders23feb.shtml">
Between Bush and Chavez</weblink>"&#32;(HTML).&#32;  <statement wordnetid="106722453" confidence="0.8">
<message wordnetid="106598915" confidence="0.8">
<announcement wordnetid="106746580" confidence="0.8">
<program wordnetid="106748466" confidence="0.8">
<link xlink:type="simple" xlink:href="../893/1139893.xml">
BBC News</link></program>
</announcement>
</message>
</statement>
&#32;(2007-02-23).&#32;Retrieved on <link>
2008-06-09</link>.</entry>
<entry id="4">
"<weblink xlink:type="simple" xlink:href="http://www.dnaindia.com/report.asp?newsid=1043203&amp;pageid=0">
The world according to Hugo Chavez</weblink>"&#32;(HTML).&#32;  <newspaper wordnetid="106267145" confidence="0.9508927676800064">
<link xlink:type="simple" xlink:href="../780/2527780.xml">
DNA</link></newspaper>
&#32;(2006-07-22).&#32;Retrieved on <link>
2008-06-08</link>.</entry>
<entry id="5">
"<weblink xlink:type="simple" xlink:href="http://news.bbc.co.uk/2/hi/americas/4179050.stm">
Venezuela ends upbeat Cuba visit</weblink>"&#32;(HTML).&#32;  <statement wordnetid="106722453" confidence="0.8">
<message wordnetid="106598915" confidence="0.8">
<announcement wordnetid="106746580" confidence="0.8">
<program wordnetid="106748466" confidence="0.8">
<link xlink:type="simple" xlink:href="../893/1139893.xml">
BBC News</link></program>
</announcement>
</message>
</statement>
&#32;(2005-08-24).&#32;Retrieved on <link>
2008-06-09</link>.</entry>
<entry id="6">
Javier Corrales, <university wordnetid="108286163" confidence="0.9508927676800064">
<link xlink:type="simple" xlink:href="../355/60355.xml">
Amherst College</link></university>
.&#32;"<weblink xlink:type="simple" xlink:href="http://clacs.uconn.edu/cuba_venez.pdf">
The Logic of Extremism: How Chávez Gains by Giving Cuba So Much</weblink>"&#32;(PDF).&#32;  Center for Latin American and Caribbean Studies, <university wordnetid="108286163" confidence="0.9508927676800064">
<link xlink:type="simple" xlink:href="../846/239846.xml">
University of Connecticut</link></university>
.&#32;Retrieved on <link>
2008-06-08</link>.</entry>
<entry id="7">
<it>Bulletin of the Pan American Union</it>, vol. XXXVI (1913), p. 760</entry>
<entry id="8">
Ewell, Judith. <it>Venezuela: A Century of Change</it>, p.145. Stanford University Press (1984), ISBN 0804712131</entry>
<entry id="9">
Ewell, Judith. <it>Venezuela and the United States: From Monroe's Hemisphere to Petroleum's Empire</it>, p.216. University of Georgia Press (1996), ISBN 0820317837</entry>
<entry id="10">
Weisburd, Arthur Mark. <it>Use of Force: The Practice of States Since World War II</it>, p.186. Penn State Press (1997), ISBN 0271016809</entry>
<entry id="11">
Ewell 1996, p.216</entry>
<entry id="12">
 <cite style="font-style:normal" class="book"><physical_entity wordnetid="100001930" confidence="0.8">
<communicator wordnetid="109610660" confidence="0.8">
<person wordnetid="100007846" confidence="0.8">
<causal_agent wordnetid="100007347" confidence="0.8">
<writer wordnetid="110794014" confidence="0.8">
<journalist wordnetid="110224578" confidence="0.8">
<link xlink:type="simple" xlink:href="../420/3204420.xml">
Richard Gott</link></journalist>
</writer>
</causal_agent>
</person>
</communicator>
</physical_entity>
&#32;(2005). Hugo Chávez and the Bolivarian Revolution.&#32;Verso,&#32;p12. ISBN 1844675335.</cite>&nbsp;</entry>
<entry id="13">
 <cite style="font-style:normal" class="book"><physical_entity wordnetid="100001930" confidence="0.8">
<communicator wordnetid="109610660" confidence="0.8">
<person wordnetid="100007846" confidence="0.8">
<causal_agent wordnetid="100007347" confidence="0.8">
<writer wordnetid="110794014" confidence="0.8">
<journalist wordnetid="110224578" confidence="0.8">
<link xlink:type="simple" xlink:href="../420/3204420.xml">
Richard Gott</link></journalist>
</writer>
</causal_agent>
</person>
</communicator>
</physical_entity>
&#32;(2005). Hugo Chávez and the Bolivarian Revolution.&#32;Verso,&#32;p13. ISBN 1844675335.</cite>&nbsp;</entry>
<entry id="14">
"<weblink xlink:type="simple" xlink:href="http://news.bbc.co.uk/2/hi/americas/5365142.stm">
Chavez tells UN Bush is 'devil'</weblink>"&#32;(HTML).&#32;  <statement wordnetid="106722453" confidence="0.8">
<message wordnetid="106598915" confidence="0.8">
<announcement wordnetid="106746580" confidence="0.8">
<program wordnetid="106748466" confidence="0.8">
<link xlink:type="simple" xlink:href="../893/1139893.xml">
BBC News</link></program>
</announcement>
</message>
</statement>
&#32;(2006-09-20).&#32;Retrieved on <link>
2008-06-11</link>.</entry>
<entry id="15">
 <cite style="font-style:normal" class="book">Richard Peet&#32;(2007). Geography of Power: Making Global Economic Policy.&#32;Zed Books,&#32;p173. ISBN 1842777114.</cite>&nbsp;</entry>
<entry id="17">
Dan Erikson, <link xlink:type="simple" xlink:href="../986/7322986.xml">
Inter-American Dialogue</link>.&#32;"<weblink xlink:type="simple" xlink:href="http://clacs.uconn.edu/cuba_venez.pdf">
Castro’s Chávez Strategy</weblink>"&#32;(PDF).&#32;  Center for Latin American and Caribbean Studies, <university wordnetid="108286163" confidence="0.9508927676800064">
<link xlink:type="simple" xlink:href="../846/239846.xml">
University of Connecticut</link></university>
.&#32;Retrieved on <link>
2008-06-08</link>.</entry>
<entry id="16">
"<weblink xlink:type="simple" xlink:href="http://www.dnaindia.com/report.asp?NewsID=1076277">
Cuba, Venezuela extend ties despite Castro's illness</weblink>"&#32;(HTML).&#32;  <newspaper wordnetid="106267145" confidence="0.9508927676800064">
<link xlink:type="simple" xlink:href="../780/2527780.xml">
DNA</link></newspaper>
&#32;(2007-01-25).&#32;Retrieved on <link>
2008-06-08</link>.</entry>
<entry id="19">
"<weblink xlink:type="simple" xlink:href="http://news.bbc.co.uk/2/hi/americas/7157113.stm">
Cuba and Venezuela: oil and politics</weblink>"&#32;(HTML).&#32;  <statement wordnetid="106722453" confidence="0.8">
<message wordnetid="106598915" confidence="0.8">
<announcement wordnetid="106746580" confidence="0.8">
<program wordnetid="106748466" confidence="0.8">
<link xlink:type="simple" xlink:href="../893/1139893.xml">
BBC News</link></program>
</announcement>
</message>
</statement>
&#32;(2007-12-22).&#32;Retrieved on <link>
2008-06-08</link>.</entry>
<entry id="18">
"<weblink xlink:type="simple" xlink:href="http://news.bbc.co.uk/1/hi/business/4901466.stm">
Venezuela and Cuba agree oil link</weblink>"&#32;(HTML).&#32;  <statement wordnetid="106722453" confidence="0.8">
<message wordnetid="106598915" confidence="0.8">
<announcement wordnetid="106746580" confidence="0.8">
<program wordnetid="106748466" confidence="0.8">
<link xlink:type="simple" xlink:href="../893/1139893.xml">
BBC News</link></program>
</announcement>
</message>
</statement>
&#32;(2006-04-11).&#32;Retrieved on <link>
2008-06-08</link>.</entry>
<entry id="21">
"<weblink xlink:type="simple" xlink:href="http://www.ahora.cu/modules.php?name=News&amp;file=article&amp;sid=8726">
Cuban Vice President Meets Venezuelan FM</weblink>"&#32;(HTML).&#32;  <print_media wordnetid="106263609" confidence="0.8">
<press wordnetid="106263369" confidence="0.8">
<artifact wordnetid="100021939" confidence="0.8">
<instrumentality wordnetid="103575240" confidence="0.8">
<medium wordnetid="106254669" confidence="0.8">
<newspaper wordnetid="106267145" confidence="0.8">
<link xlink:type="simple" xlink:href="../375/6558375.xml">
Ahora</link></newspaper>
</medium>
</instrumentality>
</artifact>
</press>
</print_media>
&#32;(2008-05-29).&#32;Retrieved on <link>
2008-06-08</link>.</entry>
<entry id="20">
"<weblink xlink:type="simple" xlink:href="http://www.ahora.cu/modules.php?name=News&amp;file=article&amp;sid=8827">
Cuba and Venezuela Boost Rice Research Project</weblink>"&#32;(HTML).&#32;  <print_media wordnetid="106263609" confidence="0.8">
<press wordnetid="106263369" confidence="0.8">
<artifact wordnetid="100021939" confidence="0.8">
<instrumentality wordnetid="103575240" confidence="0.8">
<medium wordnetid="106254669" confidence="0.8">
<newspaper wordnetid="106267145" confidence="0.8">
<link xlink:type="simple" xlink:href="../375/6558375.xml">
Ahora</link></newspaper>
</medium>
</instrumentality>
</artifact>
</press>
</print_media>
&#32;(2008-06-05).&#32;Retrieved on <link>
2008-06-08</link>.</entry>
<entry id="23">
"<weblink xlink:type="simple" xlink:href="http://www.ahora.cu/modules.php?name=News&amp;file=article&amp;sid=8746">
Raul Castro Meets Venezuelan Foreign Minister</weblink>"&#32;(HTML).&#32;  <print_media wordnetid="106263609" confidence="0.8">
<press wordnetid="106263369" confidence="0.8">
<artifact wordnetid="100021939" confidence="0.8">
<instrumentality wordnetid="103575240" confidence="0.8">
<medium wordnetid="106254669" confidence="0.8">
<newspaper wordnetid="106267145" confidence="0.8">
<link xlink:type="simple" xlink:href="../375/6558375.xml">
Ahora</link></newspaper>
</medium>
</instrumentality>
</artifact>
</press>
</print_media>
&#32;(2008-05-30).&#32;Retrieved on <link>
2008-06-08</link>.</entry>
<entry id="22">
"<weblink xlink:type="simple" xlink:href="http://www.granma.cu/ingles/2008/mayo/mar27/Venezuelan.html">
Venezuelan foreign minister arriving in Cuba today</weblink>"&#32;(HTML).&#32;  <newspaper wordnetid="106267145" confidence="0.9508927676800064">
<link xlink:type="simple" xlink:href="../905/3335905.xml">
Granma</link></newspaper>
&#32;(2008-05-27).&#32;Retrieved on <link>
2008-06-09</link>.</entry>
<entry id="25">
 <cite style="font-style:normal" class="book"><physical_entity wordnetid="100001930" confidence="0.8">
<communicator wordnetid="109610660" confidence="0.8">
<person wordnetid="100007846" confidence="0.8">
<intellectual wordnetid="109621545" confidence="0.8">
<alumnus wordnetid="109786338" confidence="0.8">
<causal_agent wordnetid="100007347" confidence="0.8">
<scientist wordnetid="110560637" confidence="0.8">
<writer wordnetid="110794014" confidence="0.8">
<scholar wordnetid="110557854" confidence="0.8">
<journalist wordnetid="110224578" confidence="0.8">
<link xlink:type="simple" xlink:href="../620/4647620.xml">
Michael Radu</link></journalist>
</scholar>
</writer>
</scientist>
</causal_agent>
</alumnus>
</intellectual>
</person>
</communicator>
</physical_entity>
&#32;(2006). Dilemmas of Democracy &amp; Dictatorship: Place, Time, and Ideology in Global Perspective.&#32;Transaction Publishers,&#32;p278. ISBN 0765803135.</cite>&nbsp;</entry>
<entry id="24">
"<weblink xlink:type="simple" xlink:href="http://www.granma.cu/ingles/2008/mayo/vier30/raul.html">
Raúl meets with Venezuelan foreign minister</weblink>"&#32;(HTML).&#32;  <newspaper wordnetid="106267145" confidence="0.9508927676800064">
<link xlink:type="simple" xlink:href="../905/3335905.xml">
Granma</link></newspaper>
&#32;(2008-05-30).&#32;Retrieved on <link>
2008-06-09</link>.</entry>
<entry id="27">
"<weblink xlink:type="simple" xlink:href="http://news.bbc.co.uk/2/hi/americas/country_profiles/1229345.stm">
Country profile: Venezuela</weblink>"&#32;(HTML).&#32;  <statement wordnetid="106722453" confidence="0.8">
<message wordnetid="106598915" confidence="0.8">
<announcement wordnetid="106746580" confidence="0.8">
<program wordnetid="106748466" confidence="0.8">
<link xlink:type="simple" xlink:href="../893/1139893.xml">
BBC News</link></program>
</announcement>
</message>
</statement>
&#32;(2008-03-01).&#32;Retrieved on <link>
2008-06-09</link>.</entry>
<entry id="26">
 <cite style="font-style:normal" class="book"><physical_entity wordnetid="100001930" confidence="0.8">
<communicator wordnetid="109610660" confidence="0.8">
<columnist wordnetid="109939154" confidence="0.8">
<person wordnetid="100007846" confidence="0.8">
<intellectual wordnetid="109621545" confidence="0.8">
<alumnus wordnetid="109786338" confidence="0.8">
<causal_agent wordnetid="100007347" confidence="0.8">
<writer wordnetid="110794014" confidence="0.8">
<scholar wordnetid="110557854" confidence="0.8">
<journalist wordnetid="110224578" confidence="0.8">
<link xlink:type="simple" xlink:href="../075/154075.xml">
Frank Gaffney</link></journalist>
</scholar>
</writer>
</causal_agent>
</alumnus>
</intellectual>
</person>
</columnist>
</communicator>
</physical_entity>
&#32;(2006). War Footing: 10 Steps America Must Take to Prevail in the War for the Free World.&#32;<link xlink:type="simple" xlink:href="../265/1203265.xml">
Naval Institute Press</link>,&#32;p198. ISBN 1591143012.</cite>&nbsp;</entry>
<entry id="29">
Irum Abbasi.&#32;"<weblink xlink:type="simple" xlink:href="http://www.issi.org.pk/journal/2007_files/no_2/article/a5.htm">
Changing dynamics of US influence in Latin America</weblink>"&#32;(HTML).&#32;  <conveyance wordnetid="103100490" confidence="0.8">
<armored_vehicle wordnetid="102740533" confidence="0.8">
<self-propelled_vehicle wordnetid="104170037" confidence="0.8">
<artifact wordnetid="100021939" confidence="0.8">
<tracked_vehicle wordnetid="104464852" confidence="0.8">
<instrumentality wordnetid="103575240" confidence="0.8">
<wheeled_vehicle wordnetid="104576211" confidence="0.8">
<container wordnetid="103094503" confidence="0.8">
<vehicle wordnetid="104524313" confidence="0.8">
<military_vehicle wordnetid="103764276" confidence="0.8">
<tank wordnetid="104389033" confidence="0.8">
<link xlink:type="simple" xlink:href="../320/4770320.xml">
The Institute of Strategic Studies</link></tank>
</military_vehicle>
</vehicle>
</container>
</wheeled_vehicle>
</instrumentality>
</tracked_vehicle>
</artifact>
</self-propelled_vehicle>
</armored_vehicle>
</conveyance>
, <village wordnetid="108672738" confidence="0.9508927676800064">
<link xlink:type="simple" xlink:href="../153/51153.xml">
Islamabad</link></village>
.&#32;Retrieved on <link>
2008-06-10</link>.</entry>
<entry id="28">
"<weblink xlink:type="simple" xlink:href="http://news.bbc.co.uk/2/hi/americas/4200509.stm">
Venezuela rally over rebel arrest</weblink>"&#32;(HTML).&#32;  <statement wordnetid="106722453" confidence="0.8">
<message wordnetid="106598915" confidence="0.8">
<announcement wordnetid="106746580" confidence="0.8">
<program wordnetid="106748466" confidence="0.8">
<link xlink:type="simple" xlink:href="../893/1139893.xml">
BBC News</link></program>
</announcement>
</message>
</statement>
&#32;(2005-01-23).&#32;Retrieved on <link>
2008-06-10</link>.</entry>
<entry id="31">
<weblink xlink:type="simple" xlink:href="http://www.guardian.co.uk/letters/story/0,3604,1445897,00.html">
Human rights and Cuba</weblink></entry>
<entry id="30">
Jane Franklin&#32;(2005-03-14).&#32;"<weblink xlink:type="simple" xlink:href="http://www.zmag.org/znet/viewArticle/6679">
Who's Afraid Of Venezuela-Cuba Alliance?</weblink>"&#32;(HTML).&#32;  <link xlink:type="simple" xlink:href="../354/267354.xml">
Z Magazine</link>.&#32;Retrieved on <link>
2008-06-10</link>.</entry>
</reflist>
</p>

</sec>
<sec>
<st>
External links</st>
<p>

<list>
<entry level="1" type="bullet">

<weblink xlink:type="simple" xlink:href="http://www.guardian.co.uk/environment/2007/apr/07/energy.cuba">
Cuba and Venezuela turn against ethanol</weblink></entry>
</list>
</p>

<p>

<table style=";" class="navbox" cellspacing="0">
<row>
<col style="padding:2px;">
<table style="width:100%;background:transparent;color:inherit;;" class="nowraplinks collapsible autocollapse " cellspacing="0">
<row>
<header colspan="3" style=";" class="navbox-title">
<image width="22x20px" src="Flag_of_Cuba.svg">
<caption>

Flag of Cuba
</caption>
</image>
 <link xlink:type="simple" xlink:href="../592/5592.xml">
Foreign relations of Cuba</link></header>
</row>
<row style="height:2px;">

</row>
<row>
<col style=";;" class="navbox-group">
Bilateral</col>
<col style="text-align:left;border-left:2px solid #fdfdfd;width:100%;padding:0px;padding:0.25em 0; line-height:1.4em;;;" class="navbox-list navbox-odd">
<link xlink:type="simple" xlink:href="../831/14927831.xml">
Angola</link>&nbsp;·  <link>
Brazil</link>&nbsp;·  <link>
People's Republic of China</link>&nbsp;·  <link xlink:type="simple" xlink:href="../231/17846231.xml">
Iran</link>&nbsp;·  <link xlink:type="simple" xlink:href="../531/18025531.xml">
Iraq</link>&nbsp;·  <link>
Namibia</link>&nbsp;·  <link xlink:type="simple" xlink:href="../020/17789020.xml">
Pakistan</link>&nbsp;·  <link xlink:type="simple" xlink:href="../369/17446369.xml">
Russia</link>&nbsp;·  <it><link xlink:type="simple" xlink:href="../597/6002597.xml">
Soviet Union</link></it>&nbsp;·  <link xlink:type="simple" xlink:href="../073/5231073.xml">
United States</link>&nbsp;·  <link xlink:type="simple" xlink:href="../518/10118518.xml">
Venezuela</link></col>
<col style="width:0%;padding:0px 0px 0px 2px;" rowspan="3">
<image width="50px" src="Coat_of_Arms_of_Cuba.svg">
<caption>

Coat of Arms of Cuba
</caption>
</image>
</col>
</row>
<row style="height:2px">

</row>
<row>
<col style=";;" class="navbox-group">
Multilateral</col>
<col style="text-align:left;border-left:2px solid #fdfdfd;width:100%;padding:0px;padding:0.25em 0; line-height:1.4em;;;" class="navbox-list navbox-even">
<link xlink:type="simple" xlink:href="../072/6632072.xml">
Organization of American States (OAS)</link>&nbsp;·  <link xlink:type="simple" xlink:href="../812/19355812.xml">
Oceania</link></col>
</row>
<row style="height:2px;">

</row>
<row>
<col colspan="3" style=";" class="navbox-abovebelow">
<link xlink:type="simple" xlink:href="../642/10174642.xml">
Diplomatic missions of Cuba</link></col>
</row>
</table>
</col>
</row>
</table>
</p>

<p>

<table style=";" class="navbox" cellspacing="0">
<row>
<col style="padding:2px;">
<table style="width:100%;background:transparent;color:inherit;;" class="nowraplinks collapsible autocollapse " cellspacing="0">
<row>
<header colspan="3" style=";" class="navbox-title">
<image width="22x20px" src="Flag_of_Venezuela.svg">
<caption>

Flag of Venezuela
</caption>
</image>
 <link xlink:type="simple" xlink:href="../461/32461.xml">
Foreign relations of Venezuela</link></header>
</row>
<row style="height:2px;">

</row>
<row>
<col style=";;" class="navbox-group">
<link xlink:type="simple" xlink:href="../154/429154.xml">
Bilateral</link>relations</col>
<col style="text-align:left;border-left:2px solid #fdfdfd;width:100%;padding:0px;padding:0.25em 0; line-height:1.4em;;;" class="navbox-list navbox-odd">
<link xlink:type="simple" xlink:href="../490/14769490.xml">
Canada</link>&nbsp;·  <link xlink:type="simple" xlink:href="../303/14443303.xml">
Colombia</link>&nbsp;·  <link xlink:type="simple" xlink:href="../518/10118518.xml">
Cuba</link>&nbsp;·  <link xlink:type="simple" xlink:href="../238/16096238.xml">
Ecuador</link>&nbsp;·  <link xlink:type="simple" xlink:href="../561/18825561.xml">
Greece</link>&nbsp;·  <link xlink:type="simple" xlink:href="../420/9872420.xml">
Iran</link>&nbsp;·  <link xlink:type="simple" xlink:href="../703/6383703.xml">
Israel</link>&nbsp;·  <link xlink:type="simple" xlink:href="../533/17834533.xml">
Russia</link>&nbsp;·  <link xlink:type="simple" xlink:href="../061/14789061.xml">
Taiwan</link>&nbsp;·  <link xlink:type="simple" xlink:href="../275/2071275.xml">
United States</link></col>
<col style="width:0%;padding:0px 0px 0px 2px;" rowspan="1">
<image width="35px" src="Coat_of_arms_of_Venezuela.svg">
<caption>

Coat of arms of Venezuela
</caption>
</image>
</col>
</row>
<row style="height:2px;">

</row>
<row>
<col colspan="3" style=";" class="navbox-abovebelow">
<link xlink:type="simple" xlink:href="../183/13540183.xml">
List of diplomatic missions in Venezuela</link>
&nbsp;·  <link xlink:type="simple" xlink:href="../850/3878850.xml">
Foreign aid to Venezuela</link></col>
</row>
</table>
</col>
</row>
</table>
</p>


</sec>
</bdy>
</relation>
</article>
