<?xml version="1.0" encoding="UTF-8"?>
<!-- generated by CLiX/Wiki2XML [MPI-Inf, MMCI@UdS] $LastChangedRevision: 92 $ on 16.04.2009 15:25:12[mciao0825] -->
<!DOCTYPE article SYSTEM "../article.dtd">
<article xmlns:xlink="http://www.w3.org/1999/xlink">
<system  confidence="0.9511911446218017" wordnetid="104377057">
<header>
<title>Expert system</title>
<id>10136</id>
<revision>
<id>244033015</id>
<timestamp>2008-10-09T00:47:14Z</timestamp>
<contributor>
<username>Sardanaphalus</username>
<id>427947</id>
</contributor>
</revision>
<categories>
<category>Intelligence</category>
<category>Expert systems</category>
<category>Decision theory</category>
<category>Information systems</category>
</categories>
</header>
<bdy>

An <b>expert system</b> is <link xlink:type="simple" xlink:href="../309/5309.xml">
software</link> that attempts to reproduce the performance of one or more human <link xlink:type="simple" xlink:href="../892/9892.xml">
expert</link>s, most commonly in a specific <link xlink:type="simple" xlink:href="../733/1705733.xml">
problem domain</link>, and is a traditional application  and/or subfield of <link xlink:type="simple" xlink:href="../164/1164.xml">
artificial intelligence</link>. A wide variety of methods can be used to simulate the performance of the expert however common to most or all are 1) the creation of a so-called "<link xlink:type="simple" xlink:href="../497/239497.xml">
knowledgebase</link>" which uses some <link xlink:type="simple" xlink:href="../920/16920.xml">
knowledge representation</link> formalism to capture the subject matter experts (SME) knowledge and 2) a process of gathering that knowledge from the SME and codifying it according to the formalism, which is called <link xlink:type="simple" xlink:href="../499/458499.xml">
knowledge engineering</link>. Expert systems may or may not have learning components but a third common element is that once the system is developed it is proven by being placed in the same real world problem solving situation as the human SME, typically as an aid to human workers or a supplement to some information system.<p>

As a premiere application of computing and artificial intelligence, the topic of expert systems has many points of contact with general <link xlink:type="simple" xlink:href="../238/29238.xml">
systems theory</link>, <link xlink:type="simple" xlink:href="../476/43476.xml">
operations research</link>, <link xlink:type="simple" xlink:href="../840/1638840.xml">
business process reengineering</link> and  various topics in <link xlink:type="simple" xlink:href="../988/18950988.xml">
applied mathematics</link> and <link xlink:type="simple" xlink:href="../200/20200.xml">
management science</link>.</p>
<p>

Two illustrations of actual expert systems can give an idea of how they work. In one real world case at a chemical refinery a senior employee was about to retire and the company was concerned that the loss of his expertise in managing a fractionating tower would severely impact operations of the plant. A knowledge engineer was assigned to produce an expert system reproducing his expertise saving the company the loss of the valued knowledge asset. Similarly a system called <system wordnetid="104377057" confidence="0.8">
<artifact wordnetid="100021939" confidence="0.8">
<instrumentality wordnetid="103575240" confidence="0.8">
<link xlink:type="simple" xlink:href="../929/649929.xml">
Mycin</link></instrumentality>
</artifact>
</system>
 was developed from the expertise of best diagnosticians of bacterial infections whose performance was found to be as good or better than the average clinician. An early commercial success and illustration of another typical application (a task generally considered overly complex for a human) was an expert system fielded by DEC in the 1980s to quality check the configurations of their computers prior to delivery. The eighties were the time of greatest popularity of expert systems and interest lagged after the onset of the <link xlink:type="simple" xlink:href="../574/3548574.xml">
AI Winter</link>. </p>

<sec>
<st>
 Overview </st>

<p>

The most common form of expert system is a <link xlink:type="simple" xlink:href="../853/1867853.xml">
computer program</link>, with a set of <idea wordnetid="105833840" confidence="0.8">
<concept wordnetid="105835747" confidence="0.8">
<rule wordnetid="105846054" confidence="0.8">
<link xlink:type="simple" xlink:href="../311/252311.xml">
rule</link></rule>
</concept>
</idea>
s, that analyzes information (usually supplied by the user of the system) about a specific class of problems, and recommends one or more courses of user action. The expert system may also provide <link xlink:type="simple" xlink:href="../396/48396.xml">
mathematical analysis</link> of the problem(s). The expert system utilizes what appears to be reasoning capabilities to reach conclusions. </p>
<p>

A related term is <link xlink:type="simple" xlink:href="../833/624833.xml">
wizard</link>. A wizard is an interactive computer program that helps a user solve a problem. Originally the term wizard was used for programs that construct a <link xlink:type="simple" xlink:href="../377/8377.xml">
database</link> search query based on criteria supplied by the user. However, some rule-based expert systems are also called wizards. Other "Wizards" are a sequence of online forms that guide users through a series of choices, such as the ones which manage the installation of new software on computers, and these are not expert systems.</p>

<ss1>
<st>
 Prominent expert systems and languages </st>
<p>

<list>
<entry level="1" type="bullet">

<link>
ART</link> - An early general-purpose programming language used in the development of expert systems</entry>
<entry level="1" type="bullet">

<system wordnetid="104377057" confidence="0.8">
<artifact wordnetid="100021939" confidence="0.8">
<instrumentality wordnetid="103575240" confidence="0.8">
<link xlink:type="simple" xlink:href="../474/3974474.xml">
CADUCEUS (expert system)</link></instrumentality>
</artifact>
</system>
 - Blood-borne infectious bacteria</entry>
<entry level="1" type="bullet">

<link xlink:type="simple" xlink:href="../603/418603.xml">
CLIPS</link> - Programming language used in the development of expert systems</entry>
<entry level="1" type="bullet">

<link xlink:type="simple" xlink:href="../365/10706365.xml">
Drools</link> - An open source offering from JBOSS labs</entry>
<entry level="1" type="bullet">

<system wordnetid="104377057" confidence="0.8">
<artifact wordnetid="100021939" confidence="0.8">
<instrumentality wordnetid="103575240" confidence="0.8">
<link xlink:type="simple" xlink:href="../912/557912.xml">
Dendral</link></instrumentality>
</artifact>
</system>
 - Analysis of mass spectra</entry>
<entry level="1" type="bullet">

<link xlink:type="simple" xlink:href="../814/3971814.xml">
Dipmeter Advisor</link> - Analysis of data gathered during oil exploration</entry>
<entry level="1" type="bullet">

<system wordnetid="104377057" confidence="0.8">
<artifact wordnetid="100021939" confidence="0.8">
<instrumentality wordnetid="103575240" confidence="0.8">
<engine wordnetid="103287733" confidence="0.8">
<motor wordnetid="103789946" confidence="0.8">
<device wordnetid="103183080" confidence="0.8">
<machine wordnetid="103699975" confidence="0.8">
<link xlink:type="simple" xlink:href="../091/37091.xml">
Jess</link></machine>
</device>
</motor>
</engine>
</instrumentality>
</artifact>
</system>
 - Java Expert System Shell. A CLIPS engine implemented in <message wordnetid="106598915" confidence="0.8">
<request wordnetid="106513366" confidence="0.8">
<link xlink:type="simple" xlink:href="../881/15881.xml">
Java</link></request>
</message>
 used in the development of expert systems</entry>
<entry level="1" type="bullet">

<link xlink:type="simple" xlink:href="../431/16567431.xml">
KnowledgeBench</link> – expert system for building new product development applications</entry>
<entry level="1" type="bullet">

<link xlink:type="simple" xlink:href="../386/4510386.xml">
Knowledge Engineering Environment</link> - <system wordnetid="104377057" confidence="0.8">
<artifact wordnetid="100021939" confidence="0.8">
<instrumentality wordnetid="103575240" confidence="0.8">
<link xlink:type="simple" xlink:href="../929/649929.xml">
e-mycin</link></instrumentality>
</artifact>
</system>
 derivative that implemented an <link xlink:type="simple" xlink:href="../986/849986.xml">
ATMS</link></entry>
<entry level="1" type="bullet">

<link>
MQL 4</link> - MetaQuotes Language 4, a customized language for financial strategy programming</entry>
<entry level="1" type="bullet">

<system wordnetid="104377057" confidence="0.8">
<artifact wordnetid="100021939" confidence="0.8">
<instrumentality wordnetid="103575240" confidence="0.8">
<link xlink:type="simple" xlink:href="../929/649929.xml">
Mycin</link></instrumentality>
</artifact>
</system>
 - Diagnose infectious blood diseases and recommend antibiotics (by <university wordnetid="108286163" confidence="0.9508927676800064">
<link xlink:type="simple" xlink:href="../977/26977.xml">
Stanford University</link></university>
)</entry>
<entry level="1" type="bullet">

<software wordnetid="106566077" confidence="0.9508927676800064">
<link xlink:type="simple" xlink:href="../624/17417624.xml">
NETeXPERT</link></software>
 - A mission-critical <link xlink:type="simple" xlink:href="../261/9520261.xml">
Operational Support Systems</link> framework with rules, policies, object modeling, and adapters for <link xlink:type="simple" xlink:href="../983/883983.xml">
Network Operations Center</link> automation</entry>
<entry level="1" type="bullet">

<link>
NEXPERT Object</link> - An early general-purpose commercial backwards-chaining inference engine used in the development of expert systems  </entry>
<entry level="1" type="bullet">

<link xlink:type="simple" xlink:href="../485/23485.xml">
Prolog</link> - Programming language used in the development of expert systems</entry>
<entry level="1" type="bullet">

<link xlink:type="simple" xlink:href="../012/11012.xml">
Forth</link> - Programming language used in the development of expert systems</entry>
<entry level="1" type="bullet">

<system wordnetid="104377057" confidence="0.8">
<artifact wordnetid="100021939" confidence="0.8">
<instrumentality wordnetid="103575240" confidence="0.8">
<link xlink:type="simple" xlink:href="../557/3234557.xml">
R1/Xcon</link></instrumentality>
</artifact>
</system>
 - Order processing</entry>
<entry level="1" type="bullet">

<system wordnetid="104377057" confidence="0.8">
<artifact wordnetid="100021939" confidence="0.8">
<instrumentality wordnetid="103575240" confidence="0.8">
<link xlink:type="simple" xlink:href="../797/16883797.xml">
SHINE Real-time Expert System</link></instrumentality>
</artifact>
</system>
 - Spacecraft Health INference Engine</entry>
<entry level="1" type="bullet">

<system wordnetid="104377057" confidence="0.8">
<artifact wordnetid="100021939" confidence="0.8">
<instrumentality wordnetid="103575240" confidence="0.8">
<link xlink:type="simple" xlink:href="../583/14137583.xml">
STD Wizard</link></instrumentality>
</artifact>
</system>
 - Expert system for recommending medical screening tests</entry>
<entry level="1" type="bullet">

<link>
PyKe</link> - Pyke is a knowledge-based inference engine (expert system)</entry>
</list>
</p>

</ss1>
</sec>
<sec>
<st>
 The study of expert systems </st>

<ss1>
<st>
 Knowledge representation </st>

<p>

<indent level="1">

<it>Main article: <link xlink:type="simple" xlink:href="../920/16920.xml">
Knowledge representation</link></it>
</indent>
<b>Knowledge representation</b> is an issue that arises in both <link xlink:type="simple" xlink:href="../626/5626.xml">
cognitive science</link> and <link xlink:type="simple" xlink:href="../164/1164.xml">
artificial intelligence</link>. In cognitive science, it is concerned with how people store and process information. In artificial intelligence (AI) the primary aim is to store knowledge so that programs can process it and achieve the verisimilitude of human intelligence. AI researchers have borrowed representation theories from cognitive science.  Thus there are representation techniques such as frames, rules and  semantic networks which have originated from theories of human information processing. Since knowledge is used to achieve intelligent behavior, the fundamental goal of knowledge representation is to represent knowledge in a manner as to facilitate inferencing i.e. drawing conclusions from knowledge.</p>

</ss1>
<ss1>
<st>
 Knowledge engineer </st>

<p>

<indent level="1">

<it>Main article: <link xlink:type="simple" xlink:href="../337/1904337.xml">
Knowledge engineers</link></it>
</indent>
Knowledge engineers are concerned with the <link xlink:type="simple" xlink:href="../920/16920.xml">
representation</link> chosen for the expert's knowledge declarations and with the <link xlink:type="simple" xlink:href="../609/418609.xml">
inference engine</link> used to process that knowledge. He / she can use the knowledge acquisition component of the expert system to input the several characteristics known to be appropriate to a good inference technique, including:</p>
<p>

<list>
<entry level="1" type="bullet">

 A good inference technique is independent of the problem domain.</entry>
<entry level="1" type="bullet">

 In order to realize the benefits of <link xlink:type="simple" xlink:href="../186/216186.xml">
explanation</link>, <link>
knowledge transparency</link>, and <link xlink:type="simple" xlink:href="../547/346547.xml">
reusability</link> of the programs in a new problem domain, the inference engine must not contain domain specific expertise.</entry>
<entry level="1" type="bullet">

 Inference techniques may be specific to a particular <link xlink:type="simple" xlink:href="../110/314110.xml">
task</link>, such as <link xlink:type="simple" xlink:href="../233/5837233.xml">
diagnosis</link> of <link>
hardware configuration</link>. Other techniques may be committed only to a particular <link>
processing technique</link>.</entry>
<entry level="1" type="bullet">

 Inference techniques are always specific to the knowledge structures.</entry>
<entry level="1" type="bullet">

 Successful examples of rule processing techniques are <link xlink:type="simple" xlink:href="../962/568962.xml">
forward chaining</link> and <link xlink:type="simple" xlink:href="../967/568967.xml">
backward chaining</link>.</entry>
</list>
</p>

</ss1>
</sec>
<sec>
<st>
 Expert systems topics </st>

<ss1>
<st>
 Chaining </st>
<p>
 
There are two main methods of reasoning when using inference rules: backward chaining and forward chaining. </p>
<p>

<system wordnetid="104377057" confidence="0.8">
<artifact wordnetid="100021939" confidence="0.8">
<instrumentality wordnetid="103575240" confidence="0.8">
<link xlink:type="simple" xlink:href="../962/568962.xml">
Forward chaining</link></instrumentality>
</artifact>
</system>
 starts with the data available and uses the inference rules to conclude more data until a desired <link xlink:type="simple" xlink:href="../094/14850094.xml">
goal</link> is reached. An inference engine using forward chaining searches the inference rules until it finds one in which the if-clause is known to be <link xlink:type="simple" xlink:href="../711/161711.xml">
true</link>. It then concludes the then-clause and adds this information to its <link xlink:type="simple" xlink:href="../040/18985040.xml">
data</link>. It would continue to do this until a goal is reached. Because the data available determines which inference rules are used, this method is also called <it>data driven</it>. </p>
<p>

<system wordnetid="104377057" confidence="0.8">
<artifact wordnetid="100021939" confidence="0.8">
<instrumentality wordnetid="103575240" confidence="0.8">
<link xlink:type="simple" xlink:href="../967/568967.xml">
Backward chaining</link></instrumentality>
</artifact>
</system>
 starts with a list of goals and works backwards to see if there is data which will allow it to conclude any of these goals. An inference engine using backward chaining would search the inference rules until it finds one which has a then-clause that matches a desired goal. If the if-clause of that inference rule is not known to be true, then it is added to the list of goals. For example, suppose a rulebase contains two rules: </p>
<p>

<indent level="1">

(1) If Fritz is green then Fritz is a frog.
</indent>

<indent level="1">

(2) If Fritz is a frog then Fritz hops.
</indent>

Suppose a goal is to conclude that Fritz hops.The rulebase would be searched and rule (2) would be selected because its conclusion (the then clause) matches the goal. It is not known that Fritz is a frog, so this "if" statement is added to the goal list. The rulebase is again searched and this time rule (1) is selected because its then clause matches the new goal just added to the list. This time, the if-clause (Fritz is green) is known to be true and the goal that Fritz hops is concluded. Because the list of goals determines which rules are selected and used, this method is called <it>goal driven</it>.</p>

</ss1>
<ss1>
<st>
 Certainty factors </st>
<p>

One advantage of expert systems over traditional methods of programming is that they allow the use of "confidences" (or "certainty factors"). When a human reasons he does not always conclude things with 100% confidence. He might say, "If Fritz is green, then he is probably a frog" (after all, he might be a chameleon). This type of reasoning can be imitated by using numeric values called confidences. For example, if it is known that Fritz is green, it might be concluded with 0.85 confidence that he is a frog; or, if it is known that he is a frog, it might be concluded with 0.95 confidence that he hops. These numbers are similar in nature to <link xlink:type="simple" xlink:href="../934/22934.xml">
probabilities</link>, but they are not the same. They are meant to imitate the confidences humans use in reasoning rather than to follow the mathematical definitions used in calculating probabilities.</p>

</ss1>
<ss1>
<st>
 Expert system architecture </st>
<p>

The following general points about expert systems and their architecture have been illustrated. </p>
<p>

<indent level="1">

1. The sequence of steps taken to reach a conclusion is dynamically synthesized with each new case. It is not explicitly programmed when the system is built. 
</indent>

<indent level="1">

2. Expert systems can process multiple values for any problem parameter. This permits more than one line of reasoning to be pursued and the results of incomplete (not fully determined) reasoning to be presented. 
</indent>

<indent level="1">

3. <link xlink:type="simple" xlink:href="../948/1467948.xml">
Problem solving</link> is accomplished by applying specific knowledge rather than specific technique. This is a key idea in expert systems technology. It reflects the belief that human experts do not process their knowledge differently from others, but they do possess different knowledge. With this philosophy, when one finds that their expert system does not produce the desired results, work begins to expand the knowledge base, not to re-program the <link xlink:type="simple" xlink:href="../775/775.xml">
procedure</link>s.
</indent>

There are various expert systems in which a rulebase and an inference engine cooperate to simulate the reasoning process that a human expert pursues in analyzing a problem and arriving at a conclusion. In these systems, in order to simulate the human reasoning process, a vast amount of knowledge needed to be stored in the knowledge base. Generally, the knowledge base of such an expert system consisted of a relatively large number of "if then" type of statements that were interrelated in a manner that, in theory at least, resembled the sequence of mental steps that were involved in the human reasoning process. </p>
<p>

Because of the need for large storage capacities and related programs to store the rulebase, most expert systems have, in the past, been run only on large information handling systems. Recently, the storage capacity of personal computers has increased to a point where it is becoming possible to consider running some types of simple expert systems on <link xlink:type="simple" xlink:href="../137/18457137.xml">
personal computer</link>s.</p>
<p>

In some <link xlink:type="simple" xlink:href="../746/454746.xml">
applications</link> of expert systems, the nature of the application and the amount of stored information necessary to simulate the <link>
human reasoning process</link> for that application is just too vast to store in the active <link xlink:type="simple" xlink:href="../300/5300.xml">
memory</link> of a <link xlink:type="simple" xlink:href="../457/7878457.xml">
computer</link>. In other applications of expert systems, the nature of the application is such that not all of the information is always needed in the reasoning process. An example of this latter type application would be the use of an expert system to diagnose a data processing system comprising many separate components, some of which are optional. When that type of expert system employs a single integrated rulebase to diagnose the minimum system configuration of the data processing system, much of the rulebase is not required since many of the components which are optional units of the system will not be present in the system. Nevertheless, earlier expert systems require the entire rulebase to be stored since all the rules were, in effect, chained or linked together by
the structure of the rulebase. </p>
<p>

When the rulebase is segmented, preferably into contextual segments or units, it is then possible to eliminate portions of the Rulebase containing data or knowledge that is not needed in a particular application. The segmenting of the rulebase also allows the expert system to be run with systems or on systems having much smaller memory capacities than was possible with earlier arrangements since each segment of the rulebase can be paged into and out of the system as needed. The segmenting of the rulebase into contextual segments requires that the expert system manage various intersegment relationships as segments are paged into and out of memory during execution of the program. Since the system permits a rulebase segment to be called and executed at any time during the processing of the first rulebase, provision must be made to store the data that has been accumulated up to that point so that at some time later in the process, when the system returns to the first segment, it can proceed from the last point
or rule node that was processed. Also, provision must be made so that data that has been collected by the system up to that point can be passed to the second segment of the rulebase after it has been paged into the system and data collected during the processing of the second segment can be passed to the first segment when the system returns to complete processing that segment. </p>
<p>

The <link xlink:type="simple" xlink:href="../249/45249.xml">
user interface</link> and the <link>
procedure interface</link> are two important functions in the <link>
information collection process</link>.</p>

</ss1>
<ss1>
<st>
 End user </st>
<p>
 
The end-user usually sees an expert system through an <link>
interactive dialog</link>, an example of which follows: </p>
<p>

<indent level="1">

Q. Do you know which restaurant you want to go to? 
</indent>
:A. No </p>
<p>

<indent level="1">

Q. Is there any kind of food you would particularly like? 
</indent>
:A. No </p>
<p>

<indent level="1">

Q. Do you like spicy food? 
</indent>
:A. No</p>
<p>

<indent level="1">

Q. Do you usually drink wine with meals? 
</indent>
:A. Yes </p>
<p>

<indent level="1">

Q. When you drink wine, is it French wine?
</indent>
:A. Why</p>
<p>

As can be seen from this <link xlink:type="simple" xlink:href="../594/170594.xml">
dialog</link>, the system is leading the user through a set of <link xlink:type="simple" xlink:href="../038/502038.xml">
question</link>s, the purpose of which is to determine a suitable set of restaurants to recommend. This dialog begins with the system asking if the user already knows the restaurant choice (a common feature of expert systems) and immediately illustrates a characteristic of expert systems; users may choose not to respond to any question. In expert systems, dialogs are not pre-planned. There is no fixed <link xlink:type="simple" xlink:href="../459/45459.xml">
control structure</link>. Dialogs are synthesized from the current information and the <link xlink:type="simple" xlink:href="../094/426094.xml">
content</link>s of the knowledge base. Because of this, not being able to supply the answer to a particular question does not stop the consultation.</p>

</ss1>
<ss1>
<st>
 Explanation system </st>

<p>

Another major distinction between expert systems and traditional systems is illustrated by the following answer given by the system when the user answers a question with another question, "Why", as occurred in the above example. The answer is: </p>
<p>

<indent level="1">

A. I am trying to determine the type of restaurant to suggest. So far Chinese is not a likely choice. It is possible that French is a likely choice. I know that if the diner is a wine drinker, and the preferred wine is French, then there is strong evidence that the restaurant choice should include French. 
</indent>

It is very difficult to implement a general <link>
explanation system</link> (answering questions like "Why" and "How") in a traditional computer program. An expert system can generate an explanation by retracing the steps of its reasoning. The response of the expert system to the question WHY is an exposure of the underlying <link>
knowledge structure</link>. It is a rule; a set of <link xlink:type="simple" xlink:href="../141/2012141.xml">
antecedent condition</link>s which, if true, allow the <link xlink:type="simple" xlink:href="../355/252355.xml">
assertion</link> of a <link xlink:type="simple" xlink:href="../778/804778.xml">
consequent</link>. The rule references values, and tests them against various <link xlink:type="simple" xlink:href="../360/206360.xml">
constraint</link>s or asserts constraints onto them. This, in fact, is a significant part of the knowledge structure. There are values, which may be associated with some organizing <link xlink:type="simple" xlink:href="../176/42176.xml">
entity</link>. For example, the individual diner is an entity with various attributes (values) including whether they drink wine and the kind of wine. There are also rules, which associate the currently known <information wordnetid="105816287" confidence="0.8">
<datum wordnetid="105816622" confidence="0.8">
<link xlink:type="simple" xlink:href="../331/338331.xml">
value</link></datum>
</information>
s of some <link xlink:type="simple" xlink:href="../738/40738.xml">
attribute</link>s with assertions that can be made about other attributes. It is the orderly processing of these rules that dictates the dialog itself.</p>

</ss1>
<ss1>
<st>
 Expert systems versus problem-solving systems </st>
<p>
 
The principal distinction between expert systems and traditional <link xlink:type="simple" xlink:href="../948/1467948.xml">
problem solving</link> programs is the way in which the problem related expertise is coded. In traditional applications, problem expertise is encoded in both program and data structures.</p>
<p>

In the expert system approach all of the problem related expertise is encoded in <link xlink:type="simple" xlink:href="../519/8519.xml">
data structure</link>s only; none is in programs. This organization has several benefits.</p>
<p>

An example may help contrast the traditional problem solving program with the expert system approach. The example is the problem of tax advice. In the traditional approach data structures describe the taxpayer and tax tables, and a program in which there are statements representing an expert tax consultant's knowledge, such as statements which relate information about the taxpayer to tax table choices. It is this representation of the tax expert's knowledge that is difficult for the tax expert to understand or modify. </p>
<p>

In the expert system approach, the information about taxpayers and tax computations is again found in data structures, but now the knowledge describing the relationships between them is encoded in data structures as well. The programs of an expert system are independent of the <link xlink:type="simple" xlink:href="../733/1705733.xml">
problem domain</link> (taxes) and serve to process the data structures without regard to the nature of the problem area they describe. For example, there are programs to acquire the described data values through <link xlink:type="simple" xlink:href="../528/644528.xml">
user interaction</link>, programs to represent and process special organizations of description, and programs to process the <link xlink:type="simple" xlink:href="../406/4329406.xml">
declaration</link>s that represent semantic relationships within the problem domain and an <link xlink:type="simple" xlink:href="../775/775.xml">
algorithm</link> to control the processing sequence and focus. </p>
<p>

The general <link xlink:type="simple" xlink:href="../378/903378.xml">
architecture</link> of an expert system involves two principal components: a problem dependent set of <link>
data declaration</link>s called the knowledge base or <link xlink:type="simple" xlink:href="../961/12162961.xml">
rule base</link>, and a problem independent (although highly data structure dependent) program which is called the <link xlink:type="simple" xlink:href="../609/418609.xml">
inference engine</link>.</p>

</ss1>
<ss1>
<st>
 Individuals involved with expert systems </st>
<p>
 
There are generally three individuals having an interaction with expert systems. Primary among these is the <link xlink:type="simple" xlink:href="../759/127759.xml">
end-user</link>; the individual who uses the system for its problem solving assistance. In the building and maintenance of the system there are two other roles: the <link xlink:type="simple" xlink:href="../773/1402773.xml">
problem domain expert</link> who builds and supplies the knowledge base providing the domain expertise, and a <link xlink:type="simple" xlink:href="../337/1904337.xml">
knowledge engineer</link> who assists the experts in determining the <link xlink:type="simple" xlink:href="../920/16920.xml">
representation</link> of their knowledge, enters this knowledge into an <link xlink:type="simple" xlink:href="../645/5581645.xml">
explanation module</link> and who defines the <link xlink:type="simple" xlink:href="../465/317465.xml">
inference technique</link> required to obtain useful problem solving activity. Usually, the <link xlink:type="simple" xlink:href="../337/1904337.xml">
knowledge engineer</link> will represent the problem solving activity in the form of rules which is referred to as a <link xlink:type="simple" xlink:href="../de)/17927_(Z$I$P$_code).xml">
rule-based</link> expert system. When these rules are created from the domain expertise, the knowledge base stores the rules of the expert system.</p>

</ss1>
<ss1>
<st>
 Inference rule </st>
<p>
 
An understanding of the "<link xlink:type="simple" xlink:href="../311/252311.xml">
inference rule</link>" concept is important to understand expert systems. An inference rule is a <link xlink:type="simple" xlink:href="../746/41746.xml">
statement</link> that has two parts, an <link>
if-clause</link> and a <link>
then-clause</link>. This rule is what gives expert systems the ability to find solutions to diagnostic and <link xlink:type="simple" xlink:href="../136/229136.xml">
prescriptive</link> problems. An example of an inference rule is: </p>
<p>

<indent level="1">

If the restaurant choice includes French, and the occasion is romantic, 
</indent>

<indent level="1">

Then the restaurant choice is definitely <chef wordnetid="109963574" confidence="0.9508927676800064">
<link xlink:type="simple" xlink:href="../127/857127.xml">
Paul Bocuse</link></chef>
.
</indent>

An expert system's rulebase is made up of many such inference rules. They are entered as separate rules and it is the inference engine that uses them together to draw <link xlink:type="simple" xlink:href="../907/307907.xml">
conclusion</link>s. Because each rule is a unit, rules may be deleted or added without affecting other rules (though it should affect which conclusions are reached). One advantage of inference rules over traditional programming is that inference rules use <link xlink:type="simple" xlink:href="../755/89755.xml">
reasoning</link> which more closely resemble human reasoning. </p>
<p>

Thus, when a conclusion is drawn, it is possible to understand how this conclusion was reached. Furthermore, because the expert system uses knowledge in a form similar to the <link xlink:type="simple" xlink:href="../892/9892.xml">
expert</link>, it may be easier to retrieve this information from the expert. </p>

</ss1>
<ss1>
<st>
 Procedure node interface </st>
<p>
 
The function of the procedure node interface is to receive information from the procedures coordinator and create the appropriate <link xlink:type="simple" xlink:href="../988/40988.xml">
procedure call</link>. The ability to call a <link xlink:type="simple" xlink:href="../988/40988.xml">
procedure</link> and receive information from that procedure can be viewed as simply a <link xlink:type="simple" xlink:href="../746/12746.xml">
generalization</link> of <link xlink:type="simple" xlink:href="../264/41264.xml">
input</link> from the external world. While in some earlier expert systems external information has been obtained, that information was obtained only in a predetermined manner so only certain information could actually be acquired. This expert system, disclosed in the cross-referenced application, through the knowledge base, is permitted to invoke any procedure allowed on its host system. This makes the expert system useful in a much wider class of knowledge domains than if it had no external access or only limited external access. </p>
<p>

In the area of <link>
machine diagnostics</link> using expert systems, particularly self-diagnostic applications, it is not possible to conclude the current state of "health" of a machine without some information. The best source of information is the machine itself, for it contains much detailed information that could not reasonably be provided by the operator.</p>
<p>

The knowledge that is represented in the system appears in the rulebase. In the rulebase described in the cross-referenced applications, there are basically four different types of objects, with associated information present. </p>
<p>

<list>
<entry level="1" type="number">

 Classes--these are questions asked to the user. </entry>
<entry level="1" type="number">

 Parameters--a parameter is a place holder for a character string which may be a variable that can be inserted into a class question at the point in the question where the parameter is positioned. </entry>
<entry level="1" type="number">

 Procedures--these are definitions of calls to external procedures. </entry>
<entry level="1" type="number">

 Rule Nodes--The inferencing in the system is done by a tree structure which indicates the rules or logic which mimics human reasoning. The nodes of these trees are called rule nodes. There are several different types of rule nodes. </entry>
</list>
</p>
<p>

The rulebase comprises a forest of many trees. The top node of the tree is called the goal node, in that it contains the conclusion. Each tree in the forest has a different goal node. The leaves of the tree are also referred to as rule nodes, or one of the types of rule nodes. A leaf may be an evidence node, an external node, or a reference node. </p>
<p>

An evidence node functions to obtain information from the operator by asking a specific question. In responding to a question presented by an evidence node, the operator is generally instructed to answer "yes" or "no" represented by numeric values 1 and 0 or provide a value of between 0 and 1, represented by a "maybe." </p>
<p>

Questions which require a response from the operator other than yes or no or a value between 0 and 1 are handled in a different manner. </p>
<p>

A leaf that is an external node indicates that data will be used which was obtained from a procedure call. </p>
<p>

A reference node functions to refer to another tree or subtree. </p>
<p>

A tree may also contain intermediate or minor nodes between the goal node and the leaf node. An intermediate node can represent <link xlink:type="simple" xlink:href="../153/18153.xml">
logical operation</link>s like And or Or. </p>
<p>

The <link>
inference logic</link> has two functions. It selects a <link xlink:type="simple" xlink:href="../875/18955875.xml">
tree</link> to trace and then it traces that tree. Once a tree has been selected, that tree is traced, depth-first, left to right. </p>
<p>

The word "tracing" refers to the action the system takes as it traverses the tree, asking classes (questions), calling procedures, and calculating confidences as it proceeds. </p>
<p>

As explained in the cross-referenced applications, the selection of a tree depends on the ordering of the trees. The original ordering of the trees is the order in which they appear in the rulebase. This order can be changed, however, by assigning an evidence node an attribute "initial" which is described in detail in these applications. The first action taken is to obtain values for all evidence nodes which have been assigned an "initial" attribute. Using only the answers to these initial evidences, the rules are ordered so that the most likely to succeed is evaluated first. The trees can be further re-ordered since they are constantly being updated as a selected tree is being traced. </p>
<p>

It has been found that the type of information that is solicited by the system from the user by means of questions or classes should be tailored to the level of knowledge of the user. In many applications, the group of prospective uses is nicely defined and the knowledge level can be estimated so that the questions can be presented at a level which corresponds generally to the average user. However, in other applications, knowledge of the specific domain of the expert system might vary considerably among the group of prospective users. </p>
<p>

One application where this is particularly true involves the use of an expert system, operating in a self-diagnostic mode on a personal computer to assist the operator of the personal computer to diagnose the cause of a fault or error in either the hardware or software. In general, asking the operator for information is the most straightforward way for the expert system to gather information assuming, of course, that the information is or should be within the operator's understanding. For example, in diagnosing a personal computer, the expert system must know the major functional <idea wordnetid="105833840" confidence="0.8">
<concept wordnetid="105835747" confidence="0.8">
<component wordnetid="105868954" confidence="0.8">
<part wordnetid="105867413" confidence="0.8">
<link xlink:type="simple" xlink:href="../820/1886820.xml">
components</link></part>
</component>
</concept>
</idea>
 of the system. It could ask the operator, for instance, if the <artifact wordnetid="100021939" confidence="0.8">
<instrumentality wordnetid="103575240" confidence="0.8">
<device wordnetid="103183080" confidence="0.8">
<link xlink:type="simple" xlink:href="../703/450703.xml">
display</link></device>
</instrumentality>
</artifact>
 is a monochrome or color display. The operator should, in all probability, be able to provide the correct answer 100% of the time. The expert system could, on the other hand, cause a <link>
test unit</link> to be run to determine the type of display. The accuracy of the data collected by either approach in this instance probably would not be that
different so the <link xlink:type="simple" xlink:href="../499/458499.xml">
knowledge engineer</link> could employ either approach without affecting the accuracy of the diagnosis. However, in many instances, because of the nature of the information being solicited, it is better to obtain the information from the system rather than asking the operator, because the <link xlink:type="simple" xlink:href="../932/41932.xml">
accuracy</link> of the data supplied by the operator is so low that the system could not effectively process it to a meaningful conclusion.</p>
<p>

In many situations the information is already in the system, in a form of which permits the correct <link xlink:type="simple" xlink:href="../642/642.xml">
answer</link> to a question to be obtained through a process of inductive or deductive reasoning. The data previously collected by the system could be answers provided by the user to less complex questions that were asked for a different reason or results returned from test units that were previously run.</p>

</ss1>
<ss1>
<st>
 User interface </st>
<p>
 
The function of the user interface is to present questions and information to the user and supply the user's responses to the inference engine.</p>
<p>

Any values entered by the user must be received and interpreted by the user interface. Some responses are restricted to a set of possible legal answers, others are not. The user interface checks all responses to insure that they are of the correct data type. Any responses that are restricted to a legal set of answers are compared against these legal answers. Whenever the user enters an illegal answer, the user interface informs the user that his answer was invalid and prompts him to correct it.</p>

</ss1>
</sec>
<sec>
<st>
 Application of expert systems  </st>
<p>

Expert systems are designed and created to facilitate tasks in the fields of <link xlink:type="simple" xlink:href="../593/2593.xml">
accounting</link>, medicine, <link xlink:type="simple" xlink:href="../183/658183.xml">
process control</link>, <link xlink:type="simple" xlink:href="../425/433425.xml">
financial service</link>, <link xlink:type="simple" xlink:href="../388/39388.xml">
production</link>, <link xlink:type="simple" xlink:href="../053/46053.xml">
human resources</link> etc. Indeed, the foundation of a successful expert system depends on a series of technical procedures and development that may be designed by certain technicians and related experts.</p>
<p>

A good example of application of expert systems in banking area is <link xlink:type="simple" xlink:href="../144/14693144.xml">
expert systems for mortgages</link>. Loan departments are interested in expert systems for <link xlink:type="simple" xlink:href="../708/256708.xml">
mortgages</link> because of the growing cost of labour which makes the handling and acceptance of relatively small loans less profitable. They also see in the application of expert systems a possibility for standardised, efficient handling of <link xlink:type="simple" xlink:href="../731/8449731.xml">
mortgage loan</link>, and appreciate that for the acceptance of <link xlink:type="simple" xlink:href="../708/256708.xml">
mortgages</link> there are hard and fast rules which do not always exist with other types of loans.</p>
<p>

While expert systems have distinguished themselves in <link xlink:type="simple" xlink:href="../164/1164.xml">
AI</link> research in finding practical application, their application has been limited. Expert systems are notoriously narrow in their domain of <link xlink:type="simple" xlink:href="../391/243391.xml">
knowledge</link>&mdash;as an amusing example, a researcher used the "skin disease" expert system to diagnose his rustbucket car as likely to have developed measles&mdash;and the systems were thus prone to making <link xlink:type="simple" xlink:href="../118/41118.xml">
error</link>s that <link xlink:type="simple" xlink:href="../482/682482.xml">
human</link>s would easily spot. Additionally, once some of the mystique had worn off, most <link xlink:type="simple" xlink:href="../716/23716.xml">
programmer</link>s realized that simple expert systems were essentially just slightly more elaborate versions of the <link>
decision logic</link> they had already been using. Therefore, some of the techniques of expert systems can now be found in most complex programs without any fuss about them.</p>
<p>

An example, and a good demonstration of the limitations of, an expert system used by many people is the <link xlink:type="simple" xlink:href="../890/18890.xml">
Microsoft Windows</link> <link xlink:type="simple" xlink:href="../194/22194.xml">
operating system</link> <link xlink:type="simple" xlink:href="../274/1714274.xml">
troubleshooting</link> software located in the "help" section in the <link xlink:type="simple" xlink:href="../410/455410.xml">
taskbar</link> menu. Obtaining expert / technical operating system support is often difficult for individuals not closely involved with the development of the operating system. Microsoft has designed their expert system to provide solutions, advice, and suggestions to common errors encountered throughout using the operating systems.</p>
<p>

Another 1970s and 1980s application of expert systems &mdash; which we today would simply call <link xlink:type="simple" xlink:href="../268/1268.xml">
AI</link> &mdash; was in <link xlink:type="simple" xlink:href="../363/5363.xml">
computer games</link>.  For example, the computer <link xlink:type="simple" xlink:href="../850/3850.xml">
baseball</link> games <event wordnetid="100029378" confidence="0.8">
<social_event wordnetid="107288639" confidence="0.8">
<contest wordnetid="107456188" confidence="0.8">
<game wordnetid="100456199" confidence="0.8">
<psychological_feature wordnetid="100023100" confidence="0.8">
<link xlink:type="simple" xlink:href="../495/2694495.xml">
Earl Weaver Baseball</link></psychological_feature>
</game>
</contest>
</social_event>
</event>
 and <event wordnetid="100029378" confidence="0.8">
<social_event wordnetid="107288639" confidence="0.8">
<contest wordnetid="107456188" confidence="0.8">
<game wordnetid="100456199" confidence="0.8">
<psychological_feature wordnetid="100023100" confidence="0.8">
<link xlink:type="simple" xlink:href="../180/2789180.xml">
Tony La Russa Baseball</link></psychological_feature>
</game>
</contest>
</social_event>
</event>
 each had highly detailed simulations of the game strategies of those two baseball managers.  When a human played the game against the computer, the computer queried the <physical_entity wordnetid="100001930" confidence="0.8">
<communicator wordnetid="109610660" confidence="0.8">
<person wordnetid="100007846" confidence="0.8">
<announcer wordnetid="109795334" confidence="0.8">
<leader wordnetid="109623038" confidence="0.8">
<administrator wordnetid="109770949" confidence="0.8">
<causal_agent wordnetid="100007347" confidence="0.8">
<head wordnetid="110162991" confidence="0.8">
<director wordnetid="110014939" confidence="0.8">
<link xlink:type="simple" xlink:href="../520/475520.xml">
Earl Weaver</link></director>
</head>
</causal_agent>
</administrator>
</leader>
</announcer>
</person>
</communicator>
</physical_entity>
 or <person wordnetid="100007846" confidence="0.9508927676800064">
<link xlink:type="simple" xlink:href="../098/1110098.xml">
Tony La Russa</link></person>
 Expert System for a decision on what strategy to follow.  Even those choices where some randomness was part of the natural system (such as when to throw a surprise pitch-out to try to trick a runner trying to steal a base) were decided based on probabilities supplied by Weaver or La Russa.  Today we would simply say that "the game's AI provided the opposing manager's strategy."</p>

<ss1>
<st>
 Advantages and disadvantages </st>
<p>

Advantages:
<list>
<entry level="1" type="bullet">

 Provides consistent answers for repetitive decisions, processes and tasks</entry>
<entry level="1" type="bullet">

 Holds and maintains significant levels of information</entry>
<entry level="1" type="bullet">

 Encourages organizations to clarify the logic of their decision-making</entry>
<entry level="1" type="bullet">

 Never "forgets" to ask a question, as a human might</entry>
</list>
</p>
<p>

Disadvantages:
<list>
<entry level="1" type="bullet">

 Lacks common sense needed in some decision making</entry>
<entry level="1" type="bullet">

 Cannot make creative responses as human expert would in unusual circumstances</entry>
<entry level="1" type="bullet">

 Domain experts not always able to explain their logic and reasoning</entry>
<entry level="1" type="bullet">

 Errors may occur in the knowledge base, and lead to wrong decisions</entry>
<entry level="1" type="bullet">

 Cannot adapt to changing environments, unless knowledge base is changed</entry>
</list>
</p>

</ss1>
<ss1>
<st>
 Types of problems solved by expert systems </st>
<p>

Expert systems are most valuable to organizations that have a high-level of <link xlink:type="simple" xlink:href="../950/4707950.xml">
know-how</link> experience and expertise that cannot be easily transferred to other members. They are designed to carry the intelligence and information found in the intellect of experts and provide this knowledge to other members of the organization for <link xlink:type="simple" xlink:href="../948/1467948.xml">
problem-solving</link> purposes.</p>
<p>

Typically, the problems to be solved are of the sort that would normally be tackled by a medical or other <link xlink:type="simple" xlink:href="../809/290809.xml">
professional</link>. Real experts in the problem domain (which will typically be very narrow, for instance "diagnosing skin conditions in human teenagers") are asked to provide "<link xlink:type="simple" xlink:href="../538/56538.xml">
rules of thumb</link>" on how they evaluate the problems, either explicitly with the aid of experienced <link xlink:type="simple" xlink:href="../565/27565.xml">
systems developer</link>s, or sometimes implicitly, by getting such experts to evaluate <link xlink:type="simple" xlink:href="../949/1343949.xml">
test case</link>s and using computer programs to examine the test data and (in a strictly limited manner) derive <link xlink:type="simple" xlink:href="../213/22213.xml">
rule</link>s from that.  Generally, expert systems are used for problems for which there is no single "correct" solution which can be encoded in a conventional algorithm &mdash; one would not write an expert system to find shortest paths through graphs, or sort data, as there are simply easier ways to do these tasks.</p>
<p>

Simple systems use simple true/false <link xlink:type="simple" xlink:href="../225/3729225.xml">
logic</link> to evaluate data. more sophisticated systems are capable of performing at least some <link xlink:type="simple" xlink:href="../433/62433.xml">
evaluation</link>, taking into account real-world uncertainties, using such methods as <link xlink:type="simple" xlink:href="../180/49180.xml">
fuzzy logic</link>. Such sophistication is difficult to develop and still highly imperfect.</p>

</ss1>
</sec>
<sec>
<st>
 Expert Systems Shells or <system wordnetid="104377057" confidence="0.8">
<artifact wordnetid="100021939" confidence="0.8">
<instrumentality wordnetid="103575240" confidence="0.8">
<link>
Inference Engine</link></instrumentality>
</artifact>
</system>
 </st>

<p>

A shell is a complete development environment for building and maintaining knowledge-based applications. It provides a step-by-step methodology for a knowledge engineer that allows the domain experts themselves to be directly involved in structuring and encoding the knowledge. Use of shells reduces development time up to 50%. Many commercial shells are available.</p>

</sec>
<sec>
<st>
 See also </st>

<p>

<table style="background-color:transparent;table-layout:fixed;" width="100%" cellpadding="0" border="0" cellspacing="0">
<row valign="top">
<col>
<list>
<entry level="1" type="bullet">

 <link xlink:type="simple" xlink:href="../457/3157457.xml">
AI production</link>s</entry>
<entry level="1" type="bullet">

 <link xlink:type="simple" xlink:href="../164/1164.xml">
Artificial intelligence</link></entry>
<entry level="1" type="bullet">

 <event wordnetid="100029378" confidence="0.8">
<rule wordnetid="105846932" confidence="0.8">
<act wordnetid="100030358" confidence="0.8">
<psychological_feature wordnetid="100023100" confidence="0.8">
<procedure wordnetid="101023820" confidence="0.8">
<activity wordnetid="100407535" confidence="0.8">
<algorithm wordnetid="105847438" confidence="0.8">
<link xlink:type="simple" xlink:href="../523/21523.xml">
Artificial neural network</link></algorithm>
</activity>
</procedure>
</psychological_feature>
</act>
</rule>
</event>
</entry>
<entry level="1" type="bullet">

 <link xlink:type="simple" xlink:href="../373/5033373.xml">
Action selection mechanism</link></entry>
<entry level="1" type="bullet">

 <link xlink:type="simple" xlink:href="../387/168387.xml">
Business Intelligence</link></entry>
<entry level="1" type="bullet">

 <event wordnetid="100029378" confidence="0.8">
<rule wordnetid="105846932" confidence="0.8">
<act wordnetid="100030358" confidence="0.8">
<psychological_feature wordnetid="100023100" confidence="0.8">
<procedure wordnetid="101023820" confidence="0.8">
<activity wordnetid="100407535" confidence="0.8">
<algorithm wordnetid="105847438" confidence="0.8">
<link xlink:type="simple" xlink:href="../333/170333.xml">
Case-based reasoning</link></algorithm>
</activity>
</procedure>
</psychological_feature>
</act>
</rule>
</event>
</entry>
<entry level="1" type="bullet">

 <software wordnetid="106566077" confidence="0.8">
<application wordnetid="106570110" confidence="0.8">
<program wordnetid="106568978" confidence="0.8">
<written_communication wordnetid="106349220" confidence="0.8">
<writing wordnetid="106359877" confidence="0.8">
<code wordnetid="106355894" confidence="0.8">
<coding_system wordnetid="106353757" confidence="0.8">
<link xlink:type="simple" xlink:href="../154/2368154.xml">
Clinical decision support system</link></coding_system>
</code>
</writing>
</written_communication>
</program>
</application>
</software>
</entry>
</list>
</col>
<col>
<list>
<entry level="1" type="bullet">

 <link xlink:type="simple" xlink:href="../264/2368264.xml">
Connectionist expert system</link></entry>
<entry level="1" type="bullet">

 <link xlink:type="simple" xlink:href="../253/42253.xml">
Data Mining</link></entry>
<entry level="1" type="bullet">

 <link xlink:type="simple" xlink:href="../180/49180.xml">
Fuzzy logic</link></entry>
<entry level="1" type="bullet">

 <link xlink:type="simple" xlink:href="../509/846509.xml">
Heuristic (computer science)</link></entry>
<entry level="1" type="bullet">

 <system wordnetid="104377057" confidence="0.8">
<artifact wordnetid="100021939" confidence="0.8">
<instrumentality wordnetid="103575240" confidence="0.8">
<link xlink:type="simple" xlink:href="../609/418609.xml">
Inference engine</link></instrumentality>
</artifact>
</system>
</entry>
<entry level="1" type="bullet">

 <link xlink:type="simple" xlink:href="../001/18039001.xml">
Knowledge Acquisition and Documentation Structuring</link></entry>
<entry level="1" type="bullet">

 <link xlink:type="simple" xlink:href="../497/239497.xml">
Knowledge base</link></entry>
</list>
</col>
<col>
<list>
<entry level="1" type="bullet">

 <link xlink:type="simple" xlink:href="../488/233488.xml">
Machine learning</link></entry>
<entry level="1" type="bullet">

 <system wordnetid="104377057" confidence="0.8">
<artifact wordnetid="100021939" confidence="0.8">
<instrumentality wordnetid="103575240" confidence="0.8">
<language wordnetid="106282651" confidence="0.8">
<link xlink:type="simple" xlink:href="../829/475829.xml">
OPS5</link></language>
</instrumentality>
</artifact>
</system>
</entry>
<entry level="1" type="bullet">

 <system wordnetid="104377057" confidence="0.8">
<artifact wordnetid="100021939" confidence="0.8">
<instrumentality wordnetid="103575240" confidence="0.8">
<link xlink:type="simple" xlink:href="../457/3157457.xml">
Production system</link></instrumentality>
</artifact>
</system>
</entry>
<entry level="1" type="bullet">

 <system wordnetid="104377057" confidence="0.8">
<artifact wordnetid="100021939" confidence="0.8">
<instrumentality wordnetid="103575240" confidence="0.8">
<link xlink:type="simple" xlink:href="../566/172566.xml">
Rete algorithm</link></instrumentality>
</artifact>
</system>
</entry>
<entry level="1" type="bullet">

 <link xlink:type="simple" xlink:href="../653/3663653.xml">
Self service software</link></entry>
<entry level="1" type="bullet">

 <link xlink:type="simple" xlink:href="../144/14693144.xml">
Expert systems for mortgages</link></entry>
</list>
</col>
</row>
</table>
</p>


</sec>
<sec>
<st>
 Bibliography </st>
<p>

<list>
<entry level="1" type="bullet">

 James <b>Ignizio,</b> <it>Introduction to Expert Systems</it> (1991), ISBN 0-07-909785-5</entry>
<entry level="1" type="bullet">

 Joseph C. <b>Giarratano,</b> Gary <b>Riley</b> <it>Expert Systems, Principles and Programming</it> (2005), ISBN 0-534-38447-1</entry>
<entry level="1" type="bullet">

 Peter <b>Jackson</b> <it>Introduction to Expert Systems</it> (1998), ISBN 0-201-87686-8</entry>
<entry level="1" type="bullet">

  <cite style="font-style:normal" class="book">WALKER, Adrian et al&#32;(1990). Knowledge Systems and Prolog.&#32;Addison-Wesley. ISBN 0-201-52424-4.</cite>&nbsp;</entry>
</list>
</p>

</sec>
<sec>
<st>
External links</st>
<p>

<list>
<entry level="1" type="bullet">

 <weblink xlink:type="simple" xlink:href="http://www.dmoz.org/Computers/Artificial_Intelligence//">
Artificial Intelligence</weblink> at the <work wordnetid="100575741" confidence="0.8">
<possession wordnetid="100032613" confidence="0.8">
<event wordnetid="100029378" confidence="0.8">
<company wordnetid="108058098" confidence="0.8">
<undertaking wordnetid="100795720" confidence="0.8">
<property wordnetid="113244109" confidence="0.8">
<act wordnetid="100030358" confidence="0.8">
<psychological_feature wordnetid="100023100" confidence="0.8">
<activity wordnetid="100407535" confidence="0.8">
<subsidiary_company wordnetid="108003935" confidence="0.8">
<institution wordnetid="108053576" confidence="0.8">
<link xlink:type="simple" xlink:href="../501/18949501.xml">
Open Directory Project</link></institution>
</subsidiary_company>
</activity>
</psychological_feature>
</act>
</property>
</undertaking>
</company>
</event>
</possession>
</work>
</entry>
</list>
</p>


</sec>
</bdy>
</system>
</article>
