<?xml version="1.0" encoding="UTF-8"?>
<!-- generated by CLiX/Wiki2XML [MPI-Inf, MMCI@UdS] $LastChangedRevision: 92 $ on 16.04.2009 17:59:32[mciao0827] -->
<!DOCTYPE article SYSTEM "../article.dtd">
<article xmlns:xlink="http://www.w3.org/1999/xlink">
<trial  confidence="0.9511911446218017" wordnetid="105799212">
<header>
<title>Solovay–Strassen primality test</title>
<id>1013089</id>
<revision>
<id>244617357</id>
<timestamp>2008-10-11T18:54:14Z</timestamp>
<contributor>
<username>Arcan</username>
<id>477748</id>
</contributor>
</revision>
<categories>
<category>Modular arithmetic</category>
<category>Primality tests</category>
</categories>
</header>
<bdy>

The <b>Solovay–Strassen <link xlink:type="simple" xlink:href="../751/183751.xml">
primality test</link></b>, developed by <physical_entity wordnetid="100001930" confidence="0.8">
<expert wordnetid="109617867" confidence="0.8">
<person wordnetid="100007846" confidence="0.8">
<theorist wordnetid="110706812" confidence="0.8">
<intellectual wordnetid="109621545" confidence="0.8">
<causal_agent wordnetid="100007347" confidence="0.8">
<scientist wordnetid="110560637" confidence="0.8">
<mathematician wordnetid="110301261" confidence="0.8">
<logician wordnetid="110269785" confidence="0.8">
<link xlink:type="simple" xlink:href="../110/3160110.xml">
Robert M. Solovay</link></logician>
</mathematician>
</scientist>
</causal_agent>
</intellectual>
</theorist>
</person>
</expert>
</physical_entity>
 and <physical_entity wordnetid="100001930" confidence="0.8">
<person wordnetid="100007846" confidence="0.8">
<causal_agent wordnetid="100007347" confidence="0.8">
<scientist wordnetid="110560637" confidence="0.8">
<mathematician wordnetid="110301261" confidence="0.8">
<link xlink:type="simple" xlink:href="../960/771960.xml">
Volker Strassen</link></mathematician>
</scientist>
</causal_agent>
</person>
</physical_entity>
, is a <link xlink:type="simple" xlink:href="../383/495383.xml">
probabilistic</link> test to determine if a number is <link xlink:type="simple" xlink:href="../289/82289.xml">
composite</link> or <it>probably</it> prime.  It has been largely superseded by the <link>
Miller–Rabin primality test</link>, but has great historical importance in showing the practical feasibility of the <link xlink:type="simple" xlink:href="../385/25385.xml">
RSA</link> <link xlink:type="simple" xlink:href="../383/506383.xml">
cryptosystem</link>.
<sec>
<st>
Concepts</st>
<p>

<person wordnetid="100007846" confidence="0.9508927676800064">
<scientist wordnetid="110560637" confidence="0.9508927676800064">
<link xlink:type="simple" xlink:href="../902/17902.xml">
Euler</link></scientist>
</person>
 proved that for an odd <link xlink:type="simple" xlink:href="../666/23666.xml">
prime number</link> <it>p</it> and any integer <it>a</it>, </p>
<p>

<indent level="1">

<math>a^{(p-1)/2} \equiv \left(\frac{a}{p}\right) \pmod p</math> 
</indent>

where </p>
<p>

<indent level="1">

<math>\left(\frac{a}{p}\right)</math> 
</indent>

is the <link xlink:type="simple" xlink:href="../567/18567.xml">
Legendre symbol</link>. The <link xlink:type="simple" xlink:href="../313/97313.xml">
Jacobi symbol</link> is a generalisation of the Legendre symbol to </p>
<p>

<indent level="1">

<math>\left(\frac{a}{n}\right)</math>
</indent>

where <it>n</it> can be any odd integer.  The Jacobi symbol can be computed in time O((log&nbsp;<it>n</it>)²) using Jacobi's generalization of 
<link xlink:type="simple" xlink:href="../272/25272.xml">
law of quadratic reciprocity</link>.</p>
<p>

Given an odd number <it>n</it> we can contemplate whether or not the congruence </p>
<p>

<indent level="1">

<math> a^{(n-1)/2} \equiv \left(\frac{a}{n}\right) \pmod n</math>
</indent>

holds for various values of the "base" <it>a</it>.  If <it>n</it> is prime then this congruence is true for all <it>a</it>.  So if we pick values of <it>a</it> at random and test the congruence, then 
as soon as we find an <it>a</it> which doesn't fit the congruence we know that <it>n</it> is not prime (but this does not tell us a nontrivial factorization of <it>n</it>).</p>
<p>

Call a base <it>a</it> an <it>Euler witness</it> for <it>n</it> if the above congruence with the Jacobi symbol does not hold at <it>a</it> — that is to say that <it>a</it> is a witness for the compositeness of <it>n</it>.
For every composite odd <it>n</it> at least half of all bases</p>
<p>

<indent level="1">

<math>a \in (\mathbb{Z}/n\mathbb{Z})^* </math> 
</indent>

are (Euler) witnesses: this contrasts with the <process wordnetid="105701363" confidence="0.8">
<inquiry wordnetid="105797597" confidence="0.8">
<thinking wordnetid="105770926" confidence="0.8">
<problem_solving wordnetid="105796750" confidence="0.8">
<experiment wordnetid="105798043" confidence="0.8">
<trial wordnetid="105799212" confidence="0.8">
<higher_cognitive_process wordnetid="105770664" confidence="0.8">
<link xlink:type="simple" xlink:href="../755/157755.xml">
Fermat primality test</link></higher_cognitive_process>
</trial>
</experiment>
</problem_solving>
</thinking>
</inquiry>
</process>
, for which the proportion of witnesses may be much smaller.  Therefore, there are no (odd) composite <it>n</it> without lots of witnesses, unlike the case of <series wordnetid="108457976" confidence="0.8">
<arrangement wordnetid="107938773" confidence="0.8">
<sequence wordnetid="108459252" confidence="0.8">
<ordering wordnetid="108456993" confidence="0.8">
<group wordnetid="100031264" confidence="0.8">
<link xlink:type="simple" xlink:href="../723/7723.xml">
Carmichael number</link></group>
</ordering>
</sequence>
</arrangement>
</series>
s for Fermat's test.</p>

</sec>
<sec>
<st>
Algorithm and running time</st>
<p>

The algorithm can be written as follows:
<indent level="1">

<b>Inputs</b>: <it>n</it>: a value to test for primality; <it>k</it>: a parameter that determines the accuracy of the test
</indent>
:<b>Output</b>: <it>composite</it> if <it>n</it> is composite, otherwise <it>probably prime</it>
<indent level="1">

repeat <it>k</it> times:
</indent>
::choose <it>a</it> at random in the interval [1,''n'' − 1]
<indent level="2">

<it>x</it> ← (<it>a</it>/<it>n</it>)
</indent>
::if <it>x</it> = 0 or <it>a</it>(<it>n</it> &amp;minus; 1)/2 mod <it>n</it> ≠ <it>x</it> then return <it>composite</it>
<indent level="1">

return <it>probably prime</it>
</indent>

Using fast algorithms for <link xlink:type="simple" xlink:href="../032/903032.xml">
modular exponentiation</link>, the running time of this algorithm is <math>\mathcal O(k \times \log^3 n)</math>, where <it>k</it> is the number of "rounds", that is random choices of base <it>a</it>, and <it>n</it> is the value we want to test for primality.  </p>
<p>

It is possible for the algorithm to "fail", that is, return an incorrect answer.  If the input <it>n</it> is indeed prime, then the output will always correctly be <it>probably prime</it>.  However, if the input <it>n</it> is composite then it is possible for the output to be incorrectly <it>probably prime</it>.  The probability of failure is at most 2−<it>k</it>.  For purposes of <link xlink:type="simple" xlink:href="../432/18934432.xml">
cryptography</link> if we pick a sufficiently large value of <it>k</it>, such as 100, the chance of the algorithm failing in this way is so small that we can use the prime in cryptographic applications without worrying.</p>

</sec>
<sec>
<st>
Average-case behaviour</st>
<p>

The bound 1/2 on the error probability of a single round of the Solovay–Strassen test holds for any input <it>n</it>, but those numbers <it>n</it> for which the bound is (approximately) attained are extremely rare. On the average, the error probability of the algorithm is significantly smaller: it is less than</p>
<p>

<indent level="1">

 <math>2^{-k}\exp\left(-(1+o(1))\frac{\log x\,\log\log\log x}{\log\log x}\right)</math>
</indent>

for <it>k</it> rounds of the test, applied to uniformly random <it>n</it> ≤ <it>x</it>.<ref xlink:type="simple" xlink:href="#xpointer(//reflist/entry[@id=%221%22])">1</ref><ref xlink:type="simple" xlink:href="#xpointer(//reflist/entry[@id=%222%22])">2</ref> The same bound also applies to the related problem of what is the conditional probability of <it>n</it> being composite for a random number <it>n</it> ≤ <it>x</it> which has been declared prime in <it>k</it> rounds of the test.</p>

</sec>
<sec>
<st>
Complexity</st>
<p>

The Solovay&ndash;Strassen algorithm shows that the <link xlink:type="simple" xlink:href="../336/8336.xml">
decision problem</link> <b>COMPOSITE</b> is in the <link xlink:type="simple" xlink:href="../426/502426.xml">
complexity class</link>  <b><class wordnetid="107997703" confidence="0.8">
<collection wordnetid="107951464" confidence="0.8">
<group wordnetid="100031264" confidence="0.8">
<link xlink:type="simple" xlink:href="../771/54771.xml">
RP</link></group>
</collection>
</class>
</b><ref xlink:type="simple" xlink:href="#xpointer(//reflist/entry[@id=%223%22])">3</ref>.  </p>

</sec>
<sec>
<st>
References</st>
<p>

<reflist>
<entry id="1">
 <cite style="font-style:normal">P. Erdős; C. Pomerance&#32;(1986).&#32;"On the number of false witnesses for a composite number". <it>Mathematics of Computation</it>&#32;<b>46</b>&#32;(173): 259–279. <document wordnetid="106470073" confidence="0.8">
<written_communication wordnetid="106349220" confidence="0.8">
<writing wordnetid="106362953" confidence="0.8">
<link xlink:type="simple" xlink:href="../994/422994.xml">
doi</link></writing>
</written_communication>
</document>
:<weblink xlink:type="simple" xlink:href="http://dx.doi.org/10.2307%2F2008231">
10.2307/2008231</weblink>.</cite>&nbsp;</entry>
<entry id="2">
 <cite style="font-style:normal">I. Damgård; P. Landrock, C. Pomerance&#32;(1993).&#32;"Average case error estimates for the strong probable prime test". <it>Mathematics of Computation</it>&#32;<b>61</b>&#32;(203): 177–194. <document wordnetid="106470073" confidence="0.8">
<written_communication wordnetid="106349220" confidence="0.8">
<writing wordnetid="106362953" confidence="0.8">
<link xlink:type="simple" xlink:href="../994/422994.xml">
doi</link></writing>
</written_communication>
</document>
:<weblink xlink:type="simple" xlink:href="http://dx.doi.org/10.2307%2F2152945">
10.2307/2152945</weblink>.</cite>&nbsp;</entry>
<entry id="3">
 <cite style="font-style:normal" class="book">R. Motwani;&#32;P. Raghavan&#32;(1995). Randomized Algorithms.&#32;Cambridge University Press,&#32;417-423. ISBN 0-521-47465-5.</cite>&nbsp;</entry>
</reflist>

<list>
<entry level="1" type="bullet">

 <cite style="font-style:normal">Robert M. Solovay; Volker Strassen&#32;(1977).&#32;"A fast Monte-Carlo test for primality". <it>SIAM Journal on Computing</it>&#32;<b>6</b>&#32;(1): 84–85. <document wordnetid="106470073" confidence="0.8">
<written_communication wordnetid="106349220" confidence="0.8">
<writing wordnetid="106362953" confidence="0.8">
<link xlink:type="simple" xlink:href="../994/422994.xml">
doi</link></writing>
</written_communication>
</document>
:<weblink xlink:type="simple" xlink:href="http://dx.doi.org/10.1137%2F0206006">
10.1137/0206006</weblink>.</cite>&nbsp;</entry>
<entry level="1" type="bullet">

 Martin Dietzfelbinger, Primality Testing in Polynomial Time, From Randomized Algorithms to "PRIMES Is in P" (section 6), Series: Lecture Notes in Computer Science , Vol. 3000</entry>
</list>
</p>

<p>

<table style=";" class="navbox" cellspacing="0">
<row>
<col style="padding:2px;">
<table style="width:100%;background:transparent;color:inherit;;" class="nowraplinks collapsible uncollapsed " cellspacing="0">
<row>
<header colspan="2" style=";" class="navbox-title">
<link xlink:type="simple" xlink:href="../527/21527.xml">
Number-theoretic</link> <link xlink:type="simple" xlink:href="../775/775.xml">
algorithm</link>s</header>
</row>
<row style="height:2px;">

</row>
<row>
<col style=";;" class="navbox-group">
<link xlink:type="simple" xlink:href="../751/183751.xml">
Primality test</link>s</col>
<col style="text-align:left;border-left:2px solid #fdfdfd;width:100%;padding:0px;;;" class="navbox-list navbox-odd">
<b><process wordnetid="105701363" confidence="0.8">
<institute wordnetid="108407330" confidence="0.8">
<inquiry wordnetid="105797597" confidence="0.8">
<thinking wordnetid="105770926" confidence="0.8">
<association wordnetid="108049401" confidence="0.8">
<problem_solving wordnetid="105796750" confidence="0.8">
<experiment wordnetid="105798043" confidence="0.8">
<trial wordnetid="105799212" confidence="0.8">
<higher_cognitive_process wordnetid="105770664" confidence="0.8">
<link xlink:type="simple" xlink:href="../847/405847.xml">
AKS</link></higher_cognitive_process>
</trial>
</experiment>
</problem_solving>
</association>
</thinking>
</inquiry>
</institute>
</process>
</b> · <b><link>
APR</link></b> · <process wordnetid="105701363" confidence="0.8">
<inquiry wordnetid="105797597" confidence="0.8">
<thinking wordnetid="105770926" confidence="0.8">
<problem_solving wordnetid="105796750" confidence="0.8">
<experiment wordnetid="105798043" confidence="0.8">
<trial wordnetid="105799212" confidence="0.8">
<higher_cognitive_process wordnetid="105770664" confidence="0.8">
<link xlink:type="simple" xlink:href="../890/3609890.xml">
Ballie-PSW</link></higher_cognitive_process>
</trial>
</experiment>
</problem_solving>
</thinking>
</inquiry>
</process>
 · <b><process wordnetid="105701363" confidence="0.8">
<curve wordnetid="113867641" confidence="0.8">
<inquiry wordnetid="105797597" confidence="0.8">
<thinking wordnetid="105770926" confidence="0.8">
<problem_solving wordnetid="105796750" confidence="0.8">
<experiment wordnetid="105798043" confidence="0.8">
<line wordnetid="113863771" confidence="0.8">
<shape wordnetid="100027807" confidence="0.8">
<trial wordnetid="105799212" confidence="0.8">
<higher_cognitive_process wordnetid="105770664" confidence="0.8">
<link xlink:type="simple" xlink:href="../015/4049015.xml">
ECPP</link></higher_cognitive_process>
</trial>
</shape>
</line>
</experiment>
</problem_solving>
</thinking>
</inquiry>
</curve>
</process>
</b> · <process wordnetid="105701363" confidence="0.8">
<inquiry wordnetid="105797597" confidence="0.8">
<thinking wordnetid="105770926" confidence="0.8">
<problem_solving wordnetid="105796750" confidence="0.8">
<experiment wordnetid="105798043" confidence="0.8">
<trial wordnetid="105799212" confidence="0.8">
<higher_cognitive_process wordnetid="105770664" confidence="0.8">
<link xlink:type="simple" xlink:href="../755/157755.xml">
Fermat</link></higher_cognitive_process>
</trial>
</experiment>
</problem_solving>
</thinking>
</inquiry>
</process>
 · <b><link>
Lucas–Lehmer</link></b> · <b><it><link>
Lucas–Lehmer (Mersenne numbers)</link></it></b> · <b><it><process wordnetid="105701363" confidence="0.8">
<inquiry wordnetid="105797597" confidence="0.8">
<thinking wordnetid="105770926" confidence="0.8">
<problem_solving wordnetid="105796750" confidence="0.8">
<experiment wordnetid="105798043" confidence="0.8">
<trial wordnetid="105799212" confidence="0.8">
<higher_cognitive_process wordnetid="105770664" confidence="0.8">
<link xlink:type="simple" xlink:href="../861/15371861.xml">
Lucas–Lehmer–Riesel</link></higher_cognitive_process>
</trial>
</experiment>
</problem_solving>
</thinking>
</inquiry>
</process>
</it></b> · <b><it><statement wordnetid="106722453" confidence="0.8">
<process wordnetid="105701363" confidence="0.8">
<message wordnetid="106598915" confidence="0.8">
<inquiry wordnetid="105797597" confidence="0.8">
<thinking wordnetid="105770926" confidence="0.8">
<theorem wordnetid="106752293" confidence="0.8">
<problem_solving wordnetid="105796750" confidence="0.8">
<experiment wordnetid="105798043" confidence="0.8">
<proposition wordnetid="106750804" confidence="0.8">
<trial wordnetid="105799212" confidence="0.8">
<higher_cognitive_process wordnetid="105770664" confidence="0.8">
<link xlink:type="simple" xlink:href="../985/3225985.xml">
Proth's theorem</link></higher_cognitive_process>
</trial>
</proposition>
</experiment>
</problem_solving>
</theorem>
</thinking>
</inquiry>
</message>
</process>
</statement>
</it></b> · <b><it><link>
Pépin's</link></it></b> · <link>
Solovay–Strassen</link> · <link>
Miller–Rabin</link> · <b><problem_solving wordnetid="105796750" confidence="0.8">
<algorithm wordnetid="105847438" confidence="0.8">
<process wordnetid="105701363" confidence="0.8">
<inquiry wordnetid="105797597" confidence="0.8">
<thinking wordnetid="105770926" confidence="0.8">
<event wordnetid="100029378" confidence="0.8">
<experiment wordnetid="105798043" confidence="0.8">
<rule wordnetid="105846932" confidence="0.8">
<act wordnetid="100030358" confidence="0.8">
<trial wordnetid="105799212" confidence="0.8">
<psychological_feature wordnetid="100023100" confidence="0.8">
<activity wordnetid="100407535" confidence="0.8">
<procedure wordnetid="101023820" confidence="0.8">
<higher_cognitive_process wordnetid="105770664" confidence="0.8">
<link xlink:type="simple" xlink:href="../660/557660.xml">
Trial division</link></higher_cognitive_process>
</procedure>
</activity>
</psychological_feature>
</trial>
</act>
</rule>
</experiment>
</event>
</thinking>
</inquiry>
</process>
</algorithm>
</problem_solving>
</b></col>
</row>
<row style="height:2px">

</row>
<row>
<col style=";;" class="navbox-group">
Sieving algorithms</col>
<col style="text-align:left;border-left:2px solid #fdfdfd;width:100%;padding:0px;;;" class="navbox-list navbox-even">
<process wordnetid="105701363" confidence="0.8">
<inquiry wordnetid="105797597" confidence="0.8">
<thinking wordnetid="105770926" confidence="0.8">
<problem_solving wordnetid="105796750" confidence="0.8">
<experiment wordnetid="105798043" confidence="0.8">
<trial wordnetid="105799212" confidence="0.8">
<higher_cognitive_process wordnetid="105770664" confidence="0.8">
<link xlink:type="simple" xlink:href="../920/2150920.xml">
Sieve of Atkin</link></higher_cognitive_process>
</trial>
</experiment>
</problem_solving>
</thinking>
</inquiry>
</process>
 · <process wordnetid="105701363" confidence="0.8">
<inquiry wordnetid="105797597" confidence="0.8">
<thinking wordnetid="105770926" confidence="0.8">
<problem_solving wordnetid="105796750" confidence="0.8">
<experiment wordnetid="105798043" confidence="0.8">
<trial wordnetid="105799212" confidence="0.8">
<higher_cognitive_process wordnetid="105770664" confidence="0.8">
<link xlink:type="simple" xlink:href="../415/73415.xml">
Sieve of Eratosthenes</link></higher_cognitive_process>
</trial>
</experiment>
</problem_solving>
</thinking>
</inquiry>
</process>
 · <process wordnetid="105701363" confidence="0.8">
<inquiry wordnetid="105797597" confidence="0.8">
<thinking wordnetid="105770926" confidence="0.8">
<problem_solving wordnetid="105796750" confidence="0.8">
<experiment wordnetid="105798043" confidence="0.8">
<trial wordnetid="105799212" confidence="0.8">
<higher_cognitive_process wordnetid="105770664" confidence="0.8">
<link xlink:type="simple" xlink:href="../330/14517330.xml">
Sieve of Sundaram</link></higher_cognitive_process>
</trial>
</experiment>
</problem_solving>
</thinking>
</inquiry>
</process>
 · <process wordnetid="105701363" confidence="0.8">
<inquiry wordnetid="105797597" confidence="0.8">
<thinking wordnetid="105770926" confidence="0.8">
<problem_solving wordnetid="105796750" confidence="0.8">
<experiment wordnetid="105798043" confidence="0.8">
<trial wordnetid="105799212" confidence="0.8">
<higher_cognitive_process wordnetid="105770664" confidence="0.8">
<link xlink:type="simple" xlink:href="../216/4621216.xml">
Wheel factorization</link></higher_cognitive_process>
</trial>
</experiment>
</problem_solving>
</thinking>
</inquiry>
</process>
</col>
</row>
<row style="height:2px">

</row>
<row>
<col style=";;" class="navbox-group">
<statement wordnetid="106722453" confidence="0.8">
<message wordnetid="106598915" confidence="0.8">
<premise wordnetid="106753800" confidence="0.8">
<postulate wordnetid="106753299" confidence="0.8">
<proposition wordnetid="106750804" confidence="0.8">
<link xlink:type="simple" xlink:href="../491/15491.xml">
Integer factorization</link></proposition>
</postulate>
</premise>
</message>
</statement>
algorithms</col>
<col style="text-align:left;border-left:2px solid #fdfdfd;width:100%;padding:0px;;;" class="navbox-list navbox-odd">
<link xlink:type="simple" xlink:href="../392/1335392.xml">
CFRAC</link> · <event wordnetid="100029378" confidence="0.8">
<rule wordnetid="105846932" confidence="0.8">
<act wordnetid="100030358" confidence="0.8">
<psychological_feature wordnetid="100023100" confidence="0.8">
<procedure wordnetid="101023820" confidence="0.8">
<activity wordnetid="100407535" confidence="0.8">
<algorithm wordnetid="105847438" confidence="0.8">
<link xlink:type="simple" xlink:href="../877/1033877.xml">
Dixon's</link></algorithm>
</activity>
</procedure>
</psychological_feature>
</act>
</rule>
</event>
 · <region wordnetid="108630985" confidence="0.8">
<field wordnetid="108569998" confidence="0.8">
<location wordnetid="100027167" confidence="0.8">
<tract wordnetid="108673395" confidence="0.8">
<event wordnetid="100029378" confidence="0.8">
<rule wordnetid="105846932" confidence="0.8">
<geographical_area wordnetid="108574314" confidence="0.8">
<act wordnetid="100030358" confidence="0.8">
<psychological_feature wordnetid="100023100" confidence="0.8">
<procedure wordnetid="101023820" confidence="0.8">
<activity wordnetid="100407535" confidence="0.8">
<algorithm wordnetid="105847438" confidence="0.8">
<link xlink:type="simple" xlink:href="../212/154212.xml">
ECM</link></algorithm>
</activity>
</procedure>
</psychological_feature>
</act>
</geographical_area>
</rule>
</event>
</tract>
</location>
</field>
</region>
 · <it><event wordnetid="100029378" confidence="0.8">
<rule wordnetid="105846932" confidence="0.8">
<act wordnetid="100030358" confidence="0.8">
<psychological_feature wordnetid="100023100" confidence="0.8">
<procedure wordnetid="101023820" confidence="0.8">
<activity wordnetid="100407535" confidence="0.8">
<algorithm wordnetid="105847438" confidence="0.8">
<link xlink:type="simple" xlink:href="../069/15822069.xml">
Euler's</link></algorithm>
</activity>
</procedure>
</psychological_feature>
</act>
</rule>
</event>
</it> · <it><event wordnetid="100029378" confidence="0.8">
<rule wordnetid="105846932" confidence="0.8">
<act wordnetid="100030358" confidence="0.8">
<psychological_feature wordnetid="100023100" confidence="0.8">
<procedure wordnetid="101023820" confidence="0.8">
<activity wordnetid="100407535" confidence="0.8">
<algorithm wordnetid="105847438" confidence="0.8">
<link xlink:type="simple" xlink:href="../668/580668.xml">
Pollard's rho</link></algorithm>
</activity>
</procedure>
</psychological_feature>
</act>
</rule>
</event>
</it> · <it><event wordnetid="100029378" confidence="0.8">
<rule wordnetid="105846932" confidence="0.8">
<act wordnetid="100030358" confidence="0.8">
<psychological_feature wordnetid="100023100" confidence="0.8">
<procedure wordnetid="101023820" confidence="0.8">
<activity wordnetid="100407535" confidence="0.8">
<algorithm wordnetid="105847438" confidence="0.8">
<link xlink:type="simple" xlink:href="../753/578753.xml">
P − 1</link></algorithm>
</activity>
</procedure>
</psychological_feature>
</act>
</rule>
</event>
</it> · <it><event wordnetid="100029378" confidence="0.8">
<rule wordnetid="105846932" confidence="0.8">
<act wordnetid="100030358" confidence="0.8">
<psychological_feature wordnetid="100023100" confidence="0.8">
<procedure wordnetid="101023820" confidence="0.8">
<activity wordnetid="100407535" confidence="0.8">
<algorithm wordnetid="105847438" confidence="0.8">
<link xlink:type="simple" xlink:href="../573/1916573.xml">
P + 1</link></algorithm>
</activity>
</procedure>
</psychological_feature>
</act>
</rule>
</event>
</it> · <link xlink:type="simple" xlink:href="../340/582340.xml">
QS</link> · <link xlink:type="simple" xlink:href="../734/152734.xml">
GNFS</link> · <it><link xlink:type="simple" xlink:href="../132/589132.xml">
SNFS</link></it> · <link xlink:type="simple" xlink:href="../510/2608510.xml">
rational sieve</link> · <event wordnetid="100029378" confidence="0.8">
<rule wordnetid="105846932" confidence="0.8">
<act wordnetid="100030358" confidence="0.8">
<psychological_feature wordnetid="100023100" confidence="0.8">
<procedure wordnetid="101023820" confidence="0.8">
<activity wordnetid="100407535" confidence="0.8">
<algorithm wordnetid="105847438" confidence="0.8">
<link xlink:type="simple" xlink:href="../433/2132433.xml">
Fermat's</link></algorithm>
</activity>
</procedure>
</psychological_feature>
</act>
</rule>
</event>
 · <event wordnetid="100029378" confidence="0.8">
<rule wordnetid="105846932" confidence="0.8">
<act wordnetid="100030358" confidence="0.8">
<psychological_feature wordnetid="100023100" confidence="0.8">
<procedure wordnetid="101023820" confidence="0.8">
<activity wordnetid="100407535" confidence="0.8">
<algorithm wordnetid="105847438" confidence="0.8">
<link xlink:type="simple" xlink:href="../328/3387328.xml">
Shanks' square forms</link></algorithm>
</activity>
</procedure>
</psychological_feature>
</act>
</rule>
</event>
 · <problem_solving wordnetid="105796750" confidence="0.8">
<algorithm wordnetid="105847438" confidence="0.8">
<process wordnetid="105701363" confidence="0.8">
<inquiry wordnetid="105797597" confidence="0.8">
<thinking wordnetid="105770926" confidence="0.8">
<event wordnetid="100029378" confidence="0.8">
<experiment wordnetid="105798043" confidence="0.8">
<rule wordnetid="105846932" confidence="0.8">
<act wordnetid="100030358" confidence="0.8">
<trial wordnetid="105799212" confidence="0.8">
<psychological_feature wordnetid="100023100" confidence="0.8">
<activity wordnetid="100407535" confidence="0.8">
<procedure wordnetid="101023820" confidence="0.8">
<higher_cognitive_process wordnetid="105770664" confidence="0.8">
<link xlink:type="simple" xlink:href="../660/557660.xml">
Trial division</link></higher_cognitive_process>
</procedure>
</activity>
</psychological_feature>
</trial>
</act>
</rule>
</experiment>
</event>
</thinking>
</inquiry>
</process>
</algorithm>
</problem_solving>
 · <event wordnetid="100029378" confidence="0.8">
<rule wordnetid="105846932" confidence="0.8">
<act wordnetid="100030358" confidence="0.8">
<psychological_feature wordnetid="100023100" confidence="0.8">
<procedure wordnetid="101023820" confidence="0.8">
<activity wordnetid="100407535" confidence="0.8">
<algorithm wordnetid="105847438" confidence="0.8">
<link xlink:type="simple" xlink:href="../674/42674.xml">
Shor's algorithm</link></algorithm>
</activity>
</procedure>
</psychological_feature>
</act>
</rule>
</event>
</col>
</row>
<row style="height:2px">

</row>
<row>
<col style=";;" class="navbox-group">
Other algorithms</col>
<col style="text-align:left;border-left:2px solid #fdfdfd;width:100%;padding:0px;;;" class="navbox-list navbox-even">
<event wordnetid="100029378" confidence="0.8">
<rule wordnetid="105846932" confidence="0.8">
<act wordnetid="100030358" confidence="0.8">
<psychological_feature wordnetid="100023100" confidence="0.8">
<procedure wordnetid="101023820" confidence="0.8">
<activity wordnetid="100407535" confidence="0.8">
<algorithm wordnetid="105847438" confidence="0.8">
<link xlink:type="simple" xlink:href="../814/3975814.xml">
Ancient Egyptian multiplication</link></algorithm>
</activity>
</procedure>
</psychological_feature>
</act>
</rule>
</event>
 · <event wordnetid="100029378" confidence="0.8">
<rule wordnetid="105846932" confidence="0.8">
<act wordnetid="100030358" confidence="0.8">
<psychological_feature wordnetid="100023100" confidence="0.8">
<procedure wordnetid="101023820" confidence="0.8">
<activity wordnetid="100407535" confidence="0.8">
<algorithm wordnetid="105847438" confidence="0.8">
<link xlink:type="simple" xlink:href="../197/4039197.xml">
Aryabhata</link></algorithm>
</activity>
</procedure>
</psychological_feature>
</act>
</rule>
</event>
 · <link xlink:type="simple" xlink:href="../410/985410.xml">
Binary GCD</link> · <link xlink:type="simple" xlink:href="../658/4050658.xml">
Chakravala</link> · <event wordnetid="100029378" confidence="0.8">
<rule wordnetid="105846932" confidence="0.8">
<act wordnetid="100030358" confidence="0.8">
<psychological_feature wordnetid="100023100" confidence="0.8">
<procedure wordnetid="101023820" confidence="0.8">
<activity wordnetid="100407535" confidence="0.8">
<algorithm wordnetid="105847438" confidence="0.8">
<link xlink:type="simple" xlink:href="../377/10377.xml">
Euclidean</link></algorithm>
</activity>
</procedure>
</psychological_feature>
</act>
</rule>
</event>
 · <event wordnetid="100029378" confidence="0.8">
<rule wordnetid="105846932" confidence="0.8">
<act wordnetid="100030358" confidence="0.8">
<psychological_feature wordnetid="100023100" confidence="0.8">
<procedure wordnetid="101023820" confidence="0.8">
<activity wordnetid="100407535" confidence="0.8">
<algorithm wordnetid="105847438" confidence="0.8">
<link xlink:type="simple" xlink:href="../438/99438.xml">
Extended Euclidean</link></algorithm>
</activity>
</procedure>
</psychological_feature>
</act>
</rule>
</event>
 · <link xlink:type="simple" xlink:href="../054/13644054.xml">
integer relation algorithm</link> · <link xlink:type="simple" xlink:href="../655/981655.xml">
integer square root</link> · <event wordnetid="100029378" confidence="0.8">
<rule wordnetid="105846932" confidence="0.8">
<act wordnetid="100030358" confidence="0.8">
<psychological_feature wordnetid="100023100" confidence="0.8">
<procedure wordnetid="101023820" confidence="0.8">
<activity wordnetid="100407535" confidence="0.8">
<algorithm wordnetid="105847438" confidence="0.8">
<link xlink:type="simple" xlink:href="../032/903032.xml">
Modular exponentiation</link></algorithm>
</activity>
</procedure>
</psychological_feature>
</act>
</rule>
</event>
 · <event wordnetid="100029378" confidence="0.8">
<rule wordnetid="105846932" confidence="0.8">
<act wordnetid="100030358" confidence="0.8">
<psychological_feature wordnetid="100023100" confidence="0.8">
<procedure wordnetid="101023820" confidence="0.8">
<activity wordnetid="100407535" confidence="0.8">
<algorithm wordnetid="105847438" confidence="0.8">
<link xlink:type="simple" xlink:href="../375/3667375.xml">
Shanks-Tonelli</link></algorithm>
</activity>
</procedure>
</psychological_feature>
</act>
</rule>
</event>
</col>
</row>
<row style="height:2px;">

</row>
<row>
<col colspan="2" style=";" class="navbox-abovebelow">
<it>Italics</it> indicate that algorithm is for numbers of special forms; <b>bold</b> indicates <link xlink:type="simple" xlink:href="../951/665951.xml">
deterministic algorithm</link>for primality tests.</col>
</row>
</table>
</col>
</row>
</table>
</p>



</sec>
</bdy>
</trial>
</article>
