<?xml version="1.0" encoding="UTF-8"?>
<!-- generated by CLiX/Wiki2XML [MPI-Inf, MMCI@UdS] $LastChangedRevision: 92 $ on 17.04.2009 00:14:27[mciao0827] -->
<!DOCTYPE article SYSTEM "../article.dtd">
<article xmlns:xlink="http://www.w3.org/1999/xlink">
<structure  confidence="0.8" wordnetid="104341686">
<building  confidence="0.8" wordnetid="102913152">
<artifact  confidence="0.8" wordnetid="100021939">
<restaurant  confidence="0.8" wordnetid="104081281">
<header>
<title>DiFara&apos;s</title>
<id>10135033</id>
<revision>
<id>244299739</id>
<timestamp>2008-10-10T04:19:20Z</timestamp>
<contributor>
<username>Bottom Spanker</username>
<id>6024936</id>
</contributor>
</revision>
<categories>
<category>Buildings and structures in Brooklyn</category>
<category>Articles with topics of unclear notability from December 2007</category>
<category>Brooklyn</category>
<category>Orphaned articles from December 2007</category>
<category>Pizzerias</category>
<category>Articles lacking reliable references from December 2007</category>
<category>All orphaned articles</category>
<category>Restaurants in New York City</category>
<category>United States articles missing geocoordinate data</category>
<category>Articles which may be unencyclopedic</category>
</categories>
</header>
<bdy>

<table class="metadata plainlinks ambox ">
<row>
<col>

ambox-content" style=""</col>
</row>
<row>
<col class="mbox-image"><p>

<image width="40x40px" src="Ambox_content.png">
</image>
</p>
</col>
<col style="" class="mbox-text">
 <p>

This article or section has multiple issues. Please help <b><weblink xlink:type="simple" xlink:href="http://localhost:18088/wiki/index.php?title=DiFara%27s&amp;action=edit">
improve the article</weblink></b> or discuss these issues on the .
<list>
<entry level="1" type="bullet">

 It relies largely or entirely upon a . Tagged since December 2007.</entry>
<entry level="1" type="bullet">

 The  of this article's subject is in question. If notability cannot be established, it may be  or removed. Tagged since December 2007.</entry>
<entry level="1" type="bullet">

 <b>Very few or no other articles .</b> Please help  in articles on <weblink xlink:type="simple" xlink:href="http://www.google.com/search?hl=en&amp;as_qdr=all&amp;q=+site%3Aen.wikipedia.org+%22DiFara%26%2339%3Bs%22">
related topics</weblink>. Tagged since December 2007.</entry>
<entry level="1" type="bullet">

 An editor has expressed concern that the article is . Tagged since December 2007.</entry>
<entry level="1" type="bullet">

 It may contain material . Tagged since April 2009.</entry>
</list>
</p>
</col>
</row>
</table>

<p>

<b>Di Fara Pizza</b>, is located in <link xlink:type="simple" xlink:href="../739/564739.xml">
Midwood</link>'s largely Orthodox Jewish section of <village wordnetid="108672738" confidence="0.9508927676800064">
<link xlink:type="simple" xlink:href="../384/47384.xml">
Brooklyn</link></village>
, <link xlink:type="simple" xlink:href="../131/8210131.xml">
NY</link> and owned and operated by Domenico DeMarco since 1964. A favourable review in a guidebook put the place in 1999 on the map. Regular slices go for USD 4 and a pie for USD 20. The venture, which opens Tuesday trough Sunday form noon to four and six to nine, should not visited by people who see cleanliness an important feature.</p>
<p>

Domenico DeMarco (born 1936) emigrated from the <region wordnetid="108630985" confidence="0.8">
<administrative_district wordnetid="108491826" confidence="0.8">
<location wordnetid="100027167" confidence="0.8">
<state wordnetid="108654360" confidence="0.8">
<district wordnetid="108552138" confidence="0.8">
<link xlink:type="simple" xlink:href="../102/1418102.xml">
Province of Caserta</link></district>
</state>
</location>
</administrative_district>
</region>
, <system wordnetid="108435388" confidence="0.8">
<economy wordnetid="108366753" confidence="0.8">
<group wordnetid="100031264" confidence="0.8">
<link xlink:type="simple" xlink:href="../532/14532.xml">
Italy</link></group>
</economy>
</system>
 to Brooklyn in 1959. He opened this place with his partner Farina – who he bought out in 1978 - in 1964. </p>
<p>

The way Mr. DeMarco, who makes 150 or so pizzas a day, is art and to watch him while waiting an hour or so is half the fun. He uses fresh dough and the crispiness of the very thin pizza is near-coal-oven. Mr. DeMarco uses a combination of fresh and canned San Marzano tomatoes for the sauce, extra-virgin olive oil, three types of mozzarella (standard, fior di latte and buffalo). Before serving the pizza, he tops the pie with Parmigiano-reggiano and generous pieces of the basil and oregano, which he cuts using a pair of scissors.</p>

<sec>
<st>
External links</st>
<p>

<list>
<entry level="1" type="bullet">

 <weblink xlink:type="simple" xlink:href="http://www.difara.com/">
Di Fara Pizza</weblink> Official Website</entry>
<entry level="1" type="bullet">

 <weblink xlink:type="simple" xlink:href="http://www.observer.com/2007/pizzeria-one-everything-except-health-department">
The New York Observer on June 12th 2007</weblink>: Pizzeria One With Everything—Except the Health Department</entry>
<entry level="1" type="bullet">

 <weblink xlink:type="simple" xlink:href="http://slice.seriouseats.com/archives/2007/04/the_dominator_hes_back.html">
Review on Slice</weblink>, America's Favorite Pizza Weblog (April 3rd 2007)</entry>
<entry level="1" type="bullet">

 <weblink xlink:type="simple" xlink:href="http://query.nytimes.com/gst/fullpage.html?res=9400E0DB153AF93BA25754C0A9629C8B63">
New York Times on July 18th 2004</weblink>: Domenico DeMarco told reporter Jeff Vandam secrets of the slice</entry>
<entry level="1" type="bullet">

 <weblink xlink:type="simple" xlink:href="http://www.youtube.com/watch?v=5Ebf6gD-UyU">
What is DiFara's?</weblink> A short video about Di Fara Pizza</entry>
</list>
</p>
<p>

Coordinates needed: </p>

</sec>
</bdy>
</restaurant>
</artifact>
</building>
</structure>
</article>
