<?xml version="1.0" encoding="UTF-8"?>
<!-- generated by CLiX/Wiki2XML [MPI-Inf, MMCI@UdS] $LastChangedRevision: 92 $ on 17.04.2009 00:14:35[mciao0827] -->
<!DOCTYPE article SYSTEM "../article.dtd">
<article xmlns:xlink="http://www.w3.org/1999/xlink">
<system  confidence="0.8" wordnetid="108435388">
<group  confidence="0.8" wordnetid="100031264">
<network  confidence="0.8" wordnetid="108434259">
<header>
<title>Organizational network analysis</title>
<id>10141125</id>
<revision>
<id>235733601</id>
<timestamp>2008-09-02T03:11:11Z</timestamp>
<contributor>
<username>Terrillfrantz</username>
<id>6378350</id>
</contributor>
</revision>
<categories>
<category>Social networks</category>
<category>Systems theory</category>
</categories>
</header>
<bdy>

<b>Organizational network analysis</b> is a method for studying communication<ref xlink:type="simple" xlink:href="#xpointer(//reflist/entry[@id=%221%22])">1</ref> and socio-technical networks within a formal organization.
It is a quantitative descriptive technique for creating statistical and graphical models of the people, tasks, groups, knowledge and resources of organizational systems. It is based on <link xlink:type="simple" xlink:href="../726/325726.xml">
social network theory</link><ref xlink:type="simple" xlink:href="#xpointer(//reflist/entry[@id=%222%22])">2</ref> and more specifically, <link xlink:type="simple" xlink:href="../898/5162898.xml">
dynamic network analysis</link>.<p>

Many tools exist to assist with both data capture (e.g. onasurveys.com<weblink xlink:type="simple" xlink:href="http://www.onasurveys.com">
http://www.onasurveys.com</weblink>) and visualisation (e.g. Netdraw<weblink xlink:type="simple" xlink:href="http://www.analytictech.com/downloadnd.htm">
http://www.analytictech.com/downloadnd.htm</weblink>).</p>

<sec>
<st>
References</st>

<p>

<reflist>
<entry id="1">
 <cite style="font-style:normal">Merrill, Jacqueline; Suzanne Bakken, Maxine Rockoff, Kristine Gebbie, Kathleen Carley&#32;(August 2007).&#32;"<weblink xlink:type="simple" xlink:href="http://www.sciencedirect.com/science?_ob=ArticleURL&amp;_udi=B6WHD-4M2206P-1&amp;_user=10&amp;_coverDate=08%2F31%2F2007&amp;_rdoc=1&amp;_fmt=&amp;_orig=search&amp;_sort=d&amp;view=c&amp;_acct=C000050221&amp;_version=1&amp;_urlVersion=0&amp;_userid=10&amp;md5=5914571e6b45828dc7eee0495ea64564">
Description of a method to support public health information management: Organizational network analysis (abstract)</weblink>". <it>Journal of Biomedical Informatics</it>&#32;<b>40</b>&#32;(40): 422–428.&#32;Elsevier Inc.. <document wordnetid="106470073" confidence="0.8">
<written_communication wordnetid="106349220" confidence="0.8">
<writing wordnetid="106362953" confidence="0.8">
<link xlink:type="simple" xlink:href="../994/422994.xml">
doi</link></writing>
</written_communication>
</document>
:<weblink xlink:type="simple" xlink:href="http://dx.doi.org/10.1016%2Fj.jbi.2006.09.004">
10.1016/j.jbi.2006.09.004</weblink>. Retrieved on <link>
2007-11-20</link>.</cite>&nbsp;</entry>
<entry id="2">
 <cite style="font-style:normal">Merrill, Jacqueline;&#32;Suzanne Bakken, Michael Caldwell, Kathleen Carley, Maxine Rockoff&#32;(2005). "<weblink xlink:type="simple" xlink:href="http://www.pubmedcentral.nih.gov/articlerender.fcgi?artid=1560595">
Applying Organizational Network Analysis Techniques to Study Information Use in a Public Health Agency (summary)</weblink>".&#32;<it>AMIA Annual Symposium Proceedings 2005</it>: 1052, American Medical Infomatics Association. Retrieved on <link>
2007-11-20</link>.</cite>&nbsp;</entry>
</reflist>
</p>

</sec>
</bdy>
</network>
</group>
</system>
</article>
