<?xml version="1.0" encoding="UTF-8"?>
<!-- generated by CLiX/Wiki2XML [MPI-Inf, MMCI@UdS] $LastChangedRevision: 92 $ on 17.04.2009 00:03:12[mciao0828] -->
<!DOCTYPE article SYSTEM "../article.dtd">
<article xmlns:xlink="http://www.w3.org/1999/xlink">
<academician  confidence="0.9511911446218017" wordnetid="109759069">
<scientist  confidence="0.9508927676800064" wordnetid="110560637">
<header>
<title>Robert M. Hayes</title>
<id>10148645</id>
<revision>
<id>238392266</id>
<timestamp>2008-09-14T17:05:40Z</timestamp>
<contributor>
<username>Lightbot</username>
<id>7178666</id>
</contributor>
</revision>
<categories>
<category>University of California, Los Angeles faculty</category>
<category>Information scientists</category>
<category>American academics</category>
<category>Living people</category>
<category>1926 births</category>
</categories>
</header>
<bdy>
<template>
<name>Infobox Scientist</name>
<parameters>

<image width="150px" src="Replace_this_image_male.svg">
</image>
<birth_date>
3 December 1926</birth_date>
<birth_place>
<village wordnetid="108672738" confidence="0.9508927676800064">
<link xlink:type="simple" xlink:href="../042/645042.xml">
New York City</link></village>
, <body wordnetid="107965085" confidence="0.8">
<social_group wordnetid="107950920" confidence="0.8">
<political_orientation wordnetid="106212839" confidence="0.8">
<colony wordnetid="108374049" confidence="0.8">
<state wordnetid="108168978" confidence="0.8">
<political_unit wordnetid="108359949" confidence="0.8">
<group wordnetid="100031264" confidence="0.8">
<democracy wordnetid="106217103" confidence="0.8">
<link xlink:type="simple" xlink:href="../750/3434750.xml">
United States</link></democracy>
</group>
</political_unit>
</state>
</colony>
</political_orientation>
</social_group>
</body>
 <image width="22x20px" src="Flag_of_the_United_States.svg">
<caption>

Flag of the United States
</caption>
</image>
</birth_place>
<footnotes>
President, <link xlink:type="simple" xlink:href="../076/1464076.xml">
American Society for Information Science and Technology</link>, 1967-1968</footnotes>
<alma_mater>
<link xlink:type="simple" xlink:href="../765/37765.xml">
UCLA</link></alma_mater>
<field>
<link xlink:type="simple" xlink:href="../354/149354.xml">
Information science</link></field>
<known_for>
Work on information systems and information economy</known_for>
<nationality>
American</nationality>
<residence>
<village wordnetid="108672738" confidence="0.9508927676800064">
<link xlink:type="simple" xlink:href="../110/18110.xml">
Los Angeles, California</link></village>
</residence>
<name>
Robert M. Hayes</name>
<work_institution>
<link xlink:type="simple" xlink:href="../765/37765.xml">
UCLA</link></work_institution>
</parameters>
</template>


For other persons named Robert Hayes, see <link xlink:type="simple" xlink:href="../707/15049707.xml">
Robert Hayes (disambiguation)</link>.<p>

<b>Robert M. Hayes</b> (born 1926) is Professor Emeritus and former dean of the School of Library Service (1974-1989), now the <link xlink:type="simple" xlink:href="../844/1370844.xml">
 Graduate School of Education and Information Studies</link> at <link xlink:type="simple" xlink:href="../765/37765.xml">
UCLA</link>. He jointly taught <link xlink:type="simple" xlink:href="../831/18831.xml">
mathematics</link> and <link xlink:type="simple" xlink:href="../354/149354.xml">
information science</link>. Hayes was president of the <link xlink:type="simple" xlink:href="../076/1464076.xml">
American Society for Information Science and Technology</link>, formerly known as the American Documentation Institute (1962-1963). He was visiting professor at <university wordnetid="108286163" confidence="0.9508927676800064">
<link xlink:type="simple" xlink:href="../982/338982.xml">
Loughborough University</link></university>
, Strossmayer University, <university wordnetid="108286163" confidence="0.9508927676800064">
<link xlink:type="simple" xlink:href="../078/146078.xml">
University of New South Wales</link></university>
, <university wordnetid="108286163" confidence="0.9508927676800064">
<link xlink:type="simple" xlink:href="../513/4754513.xml">
Khazar University</link></university>
, <university wordnetid="108286163" confidence="0.9508927676800064">
<link xlink:type="simple" xlink:href="../432/376432.xml">
Keio University</link></university>
, University of LIS in <link xlink:type="simple" xlink:href="../801/6792801.xml">
Tsukuba Science City</link> (<link xlink:type="simple" xlink:href="../573/15573.xml">
Japan</link>), <university wordnetid="108286163" confidence="0.9508927676800064">
<link xlink:type="simple" xlink:href="../881/289881.xml">
Nankai University</link></university>
, <university wordnetid="108286163" confidence="0.9508927676800064">
<link xlink:type="simple" xlink:href="../695/384695.xml">
University of Illinois</link></university>
, and <university wordnetid="108286163" confidence="0.9508927676800064">
<link xlink:type="simple" xlink:href="../776/31776.xml">
University of Washington</link></university>
. </p>
<p>

Hayes had a lifetime influence on <link xlink:type="simple" xlink:href="../354/149354.xml">
information science</link>.<ref xlink:type="simple" xlink:href="#xpointer(//reflist/entry[@id=%221%22])">1</ref> He was an expert on <link xlink:type="simple" xlink:href="../495/237495.xml">
information systems</link>. He co-authored with Joseph Becker <it>Information Storage and Retrieval</it>, the most comprehensive text in the field at that time (1962).<ref xlink:type="simple" xlink:href="#xpointer(//reflist/entry[@id=%222%22])">2</ref> Hayes was responsible for the training program in library automation for the ALA staff of "Library/USA," an exhibit at the <work wordnetid="100575741" confidence="0.8">
<diversion wordnetid="100426928" confidence="0.8">
<carnival wordnetid="100519333" confidence="0.8">
<event wordnetid="100029378" confidence="0.8">
<undertaking wordnetid="100795720" confidence="0.8">
<show wordnetid="100520257" confidence="0.8">
<act wordnetid="100030358" confidence="0.8">
<psychological_feature wordnetid="100023100" confidence="0.8">
<entertainment wordnetid="100429048" confidence="0.8">
<activity wordnetid="100407535" confidence="0.8">
<link xlink:type="simple" xlink:href="../442/99442.xml">
1964 New York World's Fair</link></activity>
</entertainment>
</psychological_feature>
</act>
</show>
</undertaking>
</event>
</carnival>
</diversion>
</work>
 and <link>
1964 Seattle World's Fair</link><ref xlink:type="simple" xlink:href="#xpointer(//reflist/entry[@id=%223%22])">3</ref> to introduce online retrieval to the general public.<ref xlink:type="simple" xlink:href="#xpointer(//reflist/entry[@id=%224%22])">4</ref> His current research focuses on <link xlink:type="simple" xlink:href="../885/198885.xml">
information economy</link> and philosophical foundations of <link xlink:type="simple" xlink:href="../354/149354.xml">
information science</link>. </p>
<p>

He received his BA, MA and PhD (1952) in <link xlink:type="simple" xlink:href="../831/18831.xml">
Mathematics</link> from <link xlink:type="simple" xlink:href="../765/37765.xml">
UCLA</link>. </p>

<sec>
<st>
Publications</st>
<p>

<list>
<entry level="1" type="bullet">

Hayes, Robert M. Models for Library Management, Decision-Making, and Planning. San Diego: Academic Press, 2001.</entry>
<entry level="1" type="bullet">

Hayes, Robert M. Strategic Management for Academic Libraries. Westport, CO: Greenwood Press, 1993.</entry>
<entry level="1" type="bullet">

Hayes, Robert M. and Becker, Joseph. Handbook of Data Processing for Libraries. New York: John Wiley, 1968, 1972</entry>
<entry level="1" type="bullet">

Becker, Joseph and Hayes, Robert M. Information Storage and Retrieval: Tools, Elements,Theories. New York: John Wiley, 1963</entry>
<entry level="1" type="bullet">

Hayes, Robert M. Libraries and the Information Economy of California. Los Angeles: UCLA, 1985.</entry>
</list>
</p>

</sec>
<sec>
<st>
External links</st>
<p>

<list>
<entry level="1" type="bullet">

<weblink xlink:type="simple" xlink:href="http://polaris.gseis.ucla.edu/rhayes/index.html">
Faculty web page</weblink></entry>
</list>
</p>

</sec>
<sec>
<st>
Notes</st>

<p>

<reflist>
<entry id="1">
PIONEERS OF INFORMATION SCIENCE IN NORTH AMERICA. A Project of SIG/HFIS (History and Foundations of Information Science) 
American Society of Information Scientists (ASIS) http://www.libsci.sc.edu/bob/isp/hayes.htm#"home" Retrieved March 19, 2007</entry>
<entry id="2">
PIONEERS OF INFORMATION SCIENCE IN NORTH AMERICA. A Project of SIG/HFIS (History and Foundations of Information Science) American Society of Information Scientists (ASIS) http://www.libsci.sc.edu/bob/isp/hayes.htm#"home" Retrieved March 19, 2007</entry>
<entry id="3">
<weblink xlink:type="simple" xlink:href="http://www.libsci.sc.edu/bob/isp/hayes.htm">
hayes</weblink></entry>
<entry id="4">
PIONEERS OF INFORMATION SCIENCE IN NORTH AMERICA. A Project of SIG/HFIS (History and Foundations of Information Science) American Society of Information Scientists (ASIS) http://www.libsci.sc.edu/bob/isp/hayes.htm#"home" Retrieved March 19, 2007</entry>
</reflist>
</p>


</sec>
</bdy>
</scientist>
</academician>
</article>
