<?xml version="1.0" encoding="UTF-8"?>
<!-- generated by CLiX/Wiki2XML [MPI-Inf, MMCI@UdS] $LastChangedRevision: 92 $ on 16.04.2009 17:59:23[mciao0825] -->
<!DOCTYPE article SYSTEM "../article.dtd">
<article xmlns:xlink="http://www.w3.org/1999/xlink">
<computer  confidence="0.8" wordnetid="103082979">
<artifact  confidence="0.8" wordnetid="100021939">
<instrumentality  confidence="0.8" wordnetid="103575240">
<device  confidence="0.8" wordnetid="103183080">
<machine  confidence="0.8" wordnetid="103699975">
<digital_computer  confidence="0.8" wordnetid="103196324">
<workstation  confidence="0.8" wordnetid="104603399">
<header>
<title>PERQ</title>
<id>1014399</id>
<revision>
<id>222703505</id>
<timestamp>2008-06-30T18:26:16Z</timestamp>
<contributor>
<username>Ghettoblaster</username>
<id>6603820</id>
</contributor>
</revision>
<categories>
<category>Personal computers</category>
<category>International Computers Limited</category>
<category>Computer workstations</category>
</categories>
</header>
<bdy>

<b>PERQ</b>, often referred to as the <b>Three Rivers PERQ</b>, was an influential <link xlink:type="simple" xlink:href="../457/7878457.xml">
computer</link> <link xlink:type="simple" xlink:href="../181/68181.xml">
workstation</link> first released in <link xlink:type="simple" xlink:href="../754/34754.xml">
1979</link>. The workstation was conceived by five former <university wordnetid="108286163" confidence="0.9508927676800064">
<link xlink:type="simple" xlink:href="../093/48093.xml">
Carnegie Mellon University</link></university>
 employees that formed the startup <company wordnetid="108058098" confidence="0.9508927676800064">
<link xlink:type="simple" xlink:href="../652/12414652.xml">
Three Rivers Computer Corporation</link></company>
 (3RCC) in <link xlink:type="simple" xlink:href="../654/34654.xml">
1974</link>. One of the founders, Brian Rosen, had worked at <link xlink:type="simple" xlink:href="../154/34154.xml">
Xerox PARC</link> on the Dolphin workstation.  The system was a direct descendant of the original workstation, the <computer wordnetid="103082979" confidence="0.8">
<artifact wordnetid="100021939" confidence="0.8">
<instrumentality wordnetid="103575240" confidence="0.8">
<device wordnetid="103183080" confidence="0.8">
<machine wordnetid="103699975" confidence="0.8">
<digital_computer wordnetid="103196324" confidence="0.8">
<workstation wordnetid="104603399" confidence="0.8">
<link xlink:type="simple" xlink:href="../252/77252.xml">
Xerox Alto</link></workstation>
</digital_computer>
</machine>
</device>
</instrumentality>
</artifact>
</computer>
 and was the first commercially available personal workstation, being launched at the 1979 <social_group wordnetid="107950920" confidence="0.8">
<meeting wordnetid="108307589" confidence="0.8">
<gathering wordnetid="107975026" confidence="0.8">
<group wordnetid="100031264" confidence="0.8">
<conference wordnetid="108308497" confidence="0.8">
<link xlink:type="simple" xlink:href="../279/29279.xml">
SIGGRAPH</link></conference>
</group>
</gathering>
</meeting>
</social_group>
 conference.  <p>

As a result of interest from the <autocracy wordnetid="108361001" confidence="0.8">
<system wordnetid="108435388" confidence="0.8">
<social_group wordnetid="107950920" confidence="0.8">
<political_orientation wordnetid="106212839" confidence="0.8">
<monarchy wordnetid="108363812" confidence="0.8">
<state wordnetid="108168978" confidence="0.8">
<political_unit wordnetid="108359949" confidence="0.8">
<political_system wordnetid="108367880" confidence="0.8">
<economy wordnetid="108366753" confidence="0.8">
<group wordnetid="100031264" confidence="0.8">
<democracy wordnetid="106217103" confidence="0.8">
<link xlink:type="simple" xlink:href="../717/31717.xml">
UK</link></democracy>
</group>
</economy>
</political_system>
</political_unit>
</state>
</monarchy>
</political_orientation>
</social_group>
</system>
</autocracy>
 <link xlink:type="simple" xlink:href="../243/623243.xml">
Science and Engineering Research Council</link>, 3RCC entered into a deal with the British computer company <company wordnetid="108058098" confidence="0.8">
<institution wordnetid="108053576" confidence="0.8">
<link xlink:type="simple" xlink:href="../789/515789.xml">
ICL</link></institution>
</company>
, for European distribution, and later co-development and manufacturing. The PERQ was used in a number of academic research projects in the UK during the 1980s.</p>
<p>

The origin of the name "PERQ" is from the word <it><link xlink:type="simple" xlink:href="../074/1633074.xml">
perquisite</link></it>. 3RCC, by then renamed PERQ System Corporation, went out of business in <link xlink:type="simple" xlink:href="../761/34761.xml">
1986</link>, largely due to competition from upstart workstation manufacturers such as <company wordnetid="108058098" confidence="0.8">
<institution wordnetid="108053576" confidence="0.8">
<link xlink:type="simple" xlink:href="../980/26980.xml">
Sun Microsystems</link></institution>
</company>
, <company wordnetid="108058098" confidence="0.8">
<institution wordnetid="108053576" confidence="0.8">
<link xlink:type="simple" xlink:href="../443/181443.xml">
Apollo Computer</link></institution>
</company>
 and <link xlink:type="simple" xlink:href="../013/28013.xml">
Silicon Graphics</link>.</p>

<sec>
<st>
Technical specifications</st>
<p>

There are three official PERQ models that were released: the original PERQ (also known as the PERQ 1)<weblink xlink:type="simple" xlink:href="http://www.chilton-computing.org.uk/acd/sus/perq_pr/p005.htm">
Brochure</weblink>, the PERQ T-1 (<link xlink:type="simple" xlink:href="../776/34776.xml">
1981</link>), and the PERQ T-2 (<link xlink:type="simple" xlink:href="../756/34756.xml">
1982</link>). All PERQ workstations used <link xlink:type="simple" xlink:href="../769/47769.xml">
discrete logic</link> <link xlink:type="simple" xlink:href="../999/19999.xml">
microcoded</link> <link xlink:type="simple" xlink:href="../218/5218.xml">
CPUs</link> instead of <link xlink:type="simple" xlink:href="../553/19553.xml">
microprocessor</link>s. The later PERQ models looked more like workstations such as the <computer wordnetid="103082979" confidence="0.8">
<artifact wordnetid="100021939" confidence="0.8">
<instrumentality wordnetid="103575240" confidence="0.8">
<device wordnetid="103183080" confidence="0.8">
<machine wordnetid="103699975" confidence="0.8">
<digital_computer wordnetid="103196324" confidence="0.8">
<workstation wordnetid="104603399" confidence="0.8">
<link xlink:type="simple" xlink:href="../738/82738.xml">
Xerox Star</link></workstation>
</digital_computer>
</machine>
</device>
</instrumentality>
</artifact>
</computer>
 and had a more standard square-shaped <link xlink:type="simple" xlink:href="../677/7677.xml">
monitor</link> than the original page-shaped monitor (more height than width). The PERQ 1 configuration was 256K of 16-bit <link xlink:type="simple" xlink:href="../847/25847.xml">
memory</link>, 12 or 24 MB of <link xlink:type="simple" xlink:href="../777/13777.xml">
hard disk</link> storage, and an instruction speed of 1 <link>
MIPS</link>. The original PERQ had 2 expansion slots and two communications ports: one <standard wordnetid="107260623" confidence="0.8">
<system_of_measurement wordnetid="113577171" confidence="0.8">
<link xlink:type="simple" xlink:href="../183/162183.xml">
IEEE-488</link></system_of_measurement>
</standard>
 connection and one RS-232 <link xlink:type="simple" xlink:href="../359/77359.xml">
serial port</link>. PERQ 1s had the ability to use <link xlink:type="simple" xlink:href="../499/9499.xml">
Ethernet</link> with a special expansion card in its OIO slot; later PERQs had up to two built-in Ethernet ports. All PERQ workstations had options for both a <link xlink:type="simple" xlink:href="../677/50677.xml">
laser printer</link> and a <link xlink:type="simple" xlink:href="../679/50679.xml">
dot-matrix printer</link> and could also be interfaced to DEC <link xlink:type="simple" xlink:href="../399/24399.xml">
PDP-11</link>s or other PERQs using the special 16-bit PERQlink interface.</p>

</sec>
<sec>
<st>
Operating systems</st>
<p>

The initial <link xlink:type="simple" xlink:href="../194/22194.xml">
operating system</link> for PERQ workstations was POS (<link>
PERQ Operating System</link>). Other operating systems available for the PERQ included MPOS (POS with <link xlink:type="simple" xlink:href="../857/6857.xml">
multitasking</link>), <plant_part wordnetid="113086908" confidence="0.8">
<natural_object wordnetid="100019128" confidence="0.8">
<kernel wordnetid="113137010" confidence="0.8">
<link xlink:type="simple" xlink:href="../415/1531415.xml">
Accent</link></kernel>
</natural_object>
</plant_part>
 (sometimes with QNIX, a <family wordnetid="108078020" confidence="0.8">
<link xlink:type="simple" xlink:href="../642/31642.xml">
Unix</link></family>
 add-on), PNX (a <family wordnetid="108078020" confidence="0.8">
<link xlink:type="simple" xlink:href="../642/31642.xml">
Unix</link></family>
 port developed by ICL at <link xlink:type="simple" xlink:href="../222/1504222.xml">
Dalkeith Palace</link>, <country wordnetid="108544813" confidence="0.9508927676800064">
<link xlink:type="simple" xlink:href="../994/26994.xml">
Scotland</link></country>
), and <link xlink:type="simple" xlink:href="../748/376748.xml">
FLEX</link>. Accent was a multitasking operating system developed at Carnegie Mellon University that predated the <link xlink:type="simple" xlink:href="../028/21028.xml">
Mach kernel</link> which many later operating systems would use. FLEX was somewhat similar to other workstation systems such as <computer wordnetid="103082979" confidence="0.8">
<artifact wordnetid="100021939" confidence="0.8">
<instrumentality wordnetid="103575240" confidence="0.8">
<device wordnetid="103183080" confidence="0.8">
<machine wordnetid="103699975" confidence="0.8">
<digital_computer wordnetid="103196324" confidence="0.8">
<workstation wordnetid="104603399" confidence="0.8">
<link xlink:type="simple" xlink:href="../123/18123.xml">
Lisp machine</link></workstation>
</digital_computer>
</machine>
</device>
</instrumentality>
</artifact>
</computer>
s and workstations running microcoded UCSD <programming_language wordnetid="106898352" confidence="0.9508927676800064">
<link xlink:type="simple" xlink:href="../773/23773.xml">
Pascal</link></programming_language>
 or <programming_language wordnetid="106898352" confidence="0.9508927676800064">
<link xlink:type="simple" xlink:href="../259/81259.xml">
Modula-2</link></programming_language>
, except that the language of choice was <programming_language wordnetid="106898352" confidence="0.9508927676800064">
<link xlink:type="simple" xlink:href="../880/692880.xml">
ALGOL 68</link></programming_language>
.</p>

</sec>
<sec>
<st>
Miscellaneous PERQ software and uses</st>
<p>

Perq was a microcoded machine, and its default instruction set was a variant of <link xlink:type="simple" xlink:href="../316/347316.xml">
p-code</link> which was optimized for Pascal. The operating system and utilities were all written in <programming_language wordnetid="106898352" confidence="0.9508927676800064">
<link xlink:type="simple" xlink:href="../773/23773.xml">
Pascal</link></programming_language>
.  In fact it was generally more efficient to use Pascal than to attempt to create "assembler" programs directly with P-Code.   </p>
<p>

The PERQ was a popular early graphical workstation; therefore, it helped spawn many early third-party applications that took advantage of the <link xlink:type="simple" xlink:href="../293/12293.xml">
graphical user interface</link> and <link xlink:type="simple" xlink:href="../742/25742.xml">
bitmapped graphics</link>. Intran (around <link xlink:type="simple" xlink:href="../756/34756.xml">
1982</link>) produced a pioneering graphical program suite called MetaForm, which consisted of the separate Graphics Builder, Font Builder, Form Builder, and File Manager programs. The PERQ also served as a dedicated platform for several pioneering <link xlink:type="simple" xlink:href="../460/13460.xml">
hypertext</link> programs, such as <link xlink:type="simple" xlink:href="../275/286275.xml">
ZOG</link> and <link xlink:type="simple" xlink:href="../351/286351.xml">
Guide</link>.</p>
<p>

PERQ schematics were drawn using DP (drawing package), a <link xlink:type="simple" xlink:href="../315/37315.xml">
CAD</link> system written by <link>
Dario Giuse</link>, which ran on the PERQ.</p>

</sec>
<sec>
<st>
PERQ 3</st>
<p>

The PERQ 3 workstation was developed jointly by ICL and 3RCC as a replacement for the PERQ 2. The PERQ 3 had an all-new hardware architecture based around a 12.5 MHz <company wordnetid="108058098" confidence="0.9508927676800064">
<link xlink:type="simple" xlink:href="../319/20319.xml">
Motorola</link></company>
 MC<link xlink:type="simple" xlink:href="../302/20302.xml">
68020</link> processor and MC<link xlink:type="simple" xlink:href="../803/1830803.xml">
68881</link> <link xlink:type="simple" xlink:href="../see/Linden=2C_T$ennessee.xml">
floating-point unit</link>, and was housed in a desktop "mini-tower"-style enclosure. Prototype units were produced in 1985, but the project was cancelled before full production commenced, following the collapse of 3RCC.</p>

</sec>
<sec>
<st>
External links</st>
<p>

<list>
<entry level="1" type="bullet">

<weblink xlink:type="simple" xlink:href="http://vonhagen.org/perq-gen-faq.html">
PERQ FAQ, Rev. 7(C) by R. D. Davis</weblink></entry>
<entry level="1" type="bullet">

<weblink xlink:type="simple" xlink:href="http://bitsavers.org/pdf/perq">
PERQ Documentation</weblink></entry>
<entry level="1" type="bullet">

<weblink xlink:type="simple" xlink:href="http://www.digibarn.com/collections/systems/perqt2/">
DigiBarn PERQ page</weblink></entry>
<entry level="1" type="bullet">

<weblink xlink:type="simple" xlink:href="http://246.dk/perq.html">
PERQ bitmap images</weblink></entry>
<entry level="1" type="bullet">

<weblink xlink:type="simple" xlink:href="http://www.chiark.greenend.org.uk/~pmaydell/PERQ/">
All About PERQ Workstations</weblink></entry>
<entry level="1" type="bullet">

<weblink xlink:type="simple" xlink:href="http://toastytech.com/guis/perq.html">
The Graphical User Interface Gallery PERQ page</weblink></entry>
<entry level="1" type="bullet">

<weblink xlink:type="simple" xlink:href="http://www.chilton-computing.org.uk/acd/sus/overview.htm">
Rutherford Laboratory Atlas Computing Division: Single User System Programme archive</weblink></entry>
</list>
</p>

</sec>
</bdy>
</workstation>
</digital_computer>
</machine>
</device>
</instrumentality>
</artifact>
</computer>
</article>
