<?xml version="1.0" encoding="UTF-8"?>
<!-- generated by CLiX/Wiki2XML [MPI-Inf, MMCI@UdS] $LastChangedRevision: 92 $ on 17.04.2009 00:04:12[mciao0828] -->
<!DOCTYPE article SYSTEM "../article.dtd">
<article xmlns:xlink="http://www.w3.org/1999/xlink">
<school  confidence="0.9511911446218017" wordnetid="108276720">
<header>
<title>Engineering and Science Education Program</title>
<id>10194908</id>
<revision>
<id>242129588</id>
<timestamp>2008-10-01T01:03:46Z</timestamp>
<contributor>
<username>Boleyn</username>
<id>6127189</id>
</contributor>
</revision>
<categories>
<category>Education in the Philippines</category>
<category>Science high schools in the Philippines</category>
</categories>
</header>
<bdy>

The <b>Engineering and Science Education Program</b> (ESEP) is a <link xlink:type="simple" xlink:href="../700/26700.xml">
science</link> and <link xlink:type="simple" xlink:href="../831/18831.xml">
mathematics</link>-oriented <link xlink:type="simple" xlink:href="../983/479983.xml">
curriculum</link> devised for <link xlink:type="simple" xlink:href="../556/42556.xml">
high school</link>s in the <country wordnetid="108544813" confidence="0.9508927676800064">
<link xlink:type="simple" xlink:href="../440/23440.xml">
Philippines</link></country>
.  The ESEP program is offered by specialized high schools, whether public or private, supervised by the <generic wordnetid="107899976" confidence="0.9508927676800064">
<link xlink:type="simple" xlink:href="../548/5464548.xml">
Department of Education</link></generic>
.  Currently, there are 110 high schools offering the ESEP program, the majority being public.
<sec>
<st>
Comparison between the ESEP, the RSHS Union and the PSHS System</st>
<p>

All three types of science high schools in the Philippines (ESEP high schools, high schools in the <school wordnetid="108276720" confidence="0.8">
<educational_institution wordnetid="108276342" confidence="0.8">
<institution wordnetid="108053576" confidence="0.8">
<link xlink:type="simple" xlink:href="../894/6308894.xml">
Regional Science High School Union</link></institution>
</educational_institution>
</school>
 and the <school wordnetid="108276720" confidence="0.9508927676800064">
<link xlink:type="simple" xlink:href="../450/3450450.xml">
Philippine Science High School System</link></school>
) offer a curriculum placing importance in mathematics and the sciences, as well as research.   It is noted though that the RSHS Union and the PSHS System have higher standards of science and mathematics education than ESEP high schools.  Likewise, ESEP high schools and the RSHS Union are operated by Department of Education, while the PSHS system is operated by <link xlink:type="simple" xlink:href="../859/4701859.xml">
Department of Science and Technology</link>.</p>
<p>

In ESEP high schools, transfer students are permitted to enroll provided the student is coming from another ESEP high school, from an RSHS or from the PSHS System.  In the Regional Science High School Union and the PSHS System, transfers are only allowed within their respective systems for incoming sophomores only.  Students who wish to transfer from an ESEP high school to the RSHS or PSHS systems will not be admitted, although the reverse is permissible.</p>
<p>

All three types of science high school also maintain different grading systems.  ESEP high schools and the RSHS Union apply the standard grading system for high schools in the Philippines, while the PSHS System maintains a unique grading system using the 1.00-5.00 scale.</p>

</sec>
<sec>
<st>
Academic Programme</st>


<ss1>
<st>
Philippine Science High School (PSHS)  Core Curriculum</st>
<p>

<table class="wikitable">
<row>
<header>
Curriculum Year Level 1</header>
<header>
Curriculum Year Level 2</header>
<header>
Curriculum Year Level 3</header>
<header>
Curriculum Year Level 4</header>
</row>
<row>
<col>
Integrated Science</col>
<col>
Introduction to Biology (Biology 1)</col>
<col>
Advanced Biology 1(Biology 2)</col>
<col>
Advanced Biology 2 (Biology 3)</col>
</row>
<row>
<col>
Elementary Algebra (Mathematics 1)</col>
<col>
Inorganic Chemistry Part 1 (Chemistry 1)</col>
<col>
Inorganic Chemistry Part 2 (Chemistry 2)</col>
<col>
Advanced Chemistry (Chemistry 3)</col>
</row>
<row>
<col>
Communication Arts 1 (English 1)</col>
<col>
General Physics (Physics 1)</col>
<col>
Advanced Physics 1 (Physics 2)</col>
<col>
Advanced Physics 2 (Physics 3)</col>
</row>
<row>
<col>
Introduction to Computer Science (Computer Science 1)</col>
<col>
Plane Geometry (Mathematics 2)</col>
<col>
Advanced Algebra and Trigonometry (Mathematics 4)</col>
<col>
Elementary Analysis (Mathematics 5)</col>
</row>
<row>
<col>
Sining ng Komunikasyon (Filipino 1)</col>
<col>
Advanced Algebra (Mathematics 3)</col>
<col>
Software Project Planning (Computer Science 3)</col>
<col>
Special Topics in Computer Science (Computer Science 4)</col>
</row>
<row>
<col>
Philippine History &amp; Government (Social Science 1)</col>
<col>
Introduction to Programming (Computer Science 2)</col>
<col>
Communication Arts, Asian Literature (English 3)</col>
<col>
Communication Arts (American and European Literature) (English 4)</col>
</row>
<row>
<col>
Introduction to Values Education (Values Education 1)</col>
<col>
Communication Arts 2 (English 2)</col>
<col>
Malikhaing Pagsulat (Filipino 3)</col>
<col>
Panitikang Pilipino (Filipino 4)</col>
</row>
<row>
<col>
Introduction to Values Education (Values Education 1)</col>
<col>
Pagsusuri at Pagpapahalagang Pampanitikan (Filipino 2)</col>
<col>
World History (Social Science 3)</col>
<col>
Panitikang Pilipino (Filipino 4)</col>
</row>
<row>
<col>
Physical Ed., Health &amp; Music I (PEHM 1)</col>
<col>
Asian Studies (Social Science 2)</col>
<col>
Physical Education and Health III (PEH)</col>
<col>
Economics (Social Science 4)</col>
</row>
<row>
<col>
Art I &amp; Drafting I (one semester each)</col>
<col>
Values Development (Values Education 2)</col>
<col>
Principles of Science/Technology Research (Research 1)</col>
<col>
Physical Education and Health 4 (PEH 4), Preparatory Military Training (PMT)</col>
</row>
<row>
<col>
Earth Science</col>
<col>
P.E., Health, Music 2 (PEHM 2)</col>

<col>
Experimental Science, Technology Research (Research 2)</col>
</row>
<row>
<col>
Technology Preparation</col>
<col>
Art II / Drafting II</col>
<col>
Elective</col>
<col>
Elective</col>
</row>
<row>

<col>
Environmental Science / Technology Skills</col>


</row>
</table>
</p>

<ss2>
<st>
Electives</st>
<p>

<table class="wikitable">
<row>
<header>
Curriculum Year Level 3</header>
<header>
Curriculum Year Level 4</header>
</row>
<row>
<col>
Laboratory Techniques</col>
<col>
Digital Design</col>
</row>
<row>
<col>
Food Science</col>
<col>
Visual Communication</col>
</row>
<row>
<col>
Problem-Based Physics</col>
<col>
Cell and Molecular Biology</col>
</row>
<row>
<col>
Selected Topics in Number Theory</col>
<col>
Journalism II (Filipino or English)</col>
</row>
<row>
<col>
Basic Robotics</col>
<col>
Selected Topics in Mathematics</col>
</row>
<row>
<col>
Data Communications</col>
<col>
Theater Arts</col>
</row>
<row>
<col>
Popular Law</col>
<col>
Advanced Electronics</col>
</row>
<row>
<col>
Creative Writing</col>
<col>
Cisco Networking 1</col>
</row>
<row>
<col>
English Journalism I</col>
<col>
Embedded Systems</col>
</row>
<row>
<col>
Filipino Journalism I</col>

</row>
<row>
<col>
Science Summer Internship Program (SUMMER)</col>

</row>
<row>
<col>
Field Biology (SUMMER)</col>

</row>
</table>
</p>

</ss2>
</ss1>
<ss1>
<st>
Regional Science High School Curriculum</st>
<p>

<table class="wikitable">
<row>
<header>
Subject Area</header>
<header>
Curriculum Year Level 1</header>
<header>
Curriculum Year Level 2</header>
<header>
Curriculum Year Level 3</header>
<header>
Curriculum Year Level 4</header>
</row>
<row>
<col>
Science</col>
<col>
Earth and Environmental Science; Natural Science</col>
<col>
Basic Biological Science; Advanced Biological Science</col>
<col>
Chemistry I (Basic Chemistry); Physics I (Basic Physics);</col>
<col>
Chemistry II (Advanced Chemistry); Physics II (Advanced Physics)</col>
</row>
<row>
<col>
Mathematics</col>
<col>
Elementary Algebra</col>
<col>
Mathematics II-A (Advanced Algebra); Mathematics II-B (Geometry)</col>
<col>
Mathematics III (Pre-Calculus and Trigonometry); Analytic Geometry; Advanced Statistics</col>
<col>
Calculus with Linear Algebra</col>
</row>
<row>
<col>
English</col>
<col>
Grammar, Communication Skills, and Literature</col>
<col>
Grammar, Communication Skills, and Afro-Asian Literature</col>
<col>
Grammar, Communication Skills, and Asian Literature</col>
<col>
Grammar, Communication Skills, and World Literature</col>
</row>
<row>
<col>
Filipino</col>
<col>
Filipino I (Ibong Adarna)</col>
<col>
Filipino II (Florante at Laura)</col>
<col>
Filipino III (Noli Me Tangere)</col>
<col>
Filipino IV (El Filibusterismo)</col>
</row>
<row>
<col>
Social Science</col>
<col>
Araling Panlipunan I (Philippine History)</col>
<col>
Araling Panlipunan II (Asian History)</col>
<col>
Araling Panlipunan III (World History)</col>
<col>
Araling Panlipunan IV (Economics)</col>
</row>
<row>
<col>
MAPEH</col>
<col>
Music, Arts, Physical Education, and Health I</col>
<col>
Music, Arts, Physical Education, and Health II</col>
<col>
Music, Arts, Physical Education, and Health III</col>
<col>
Music, Arts, Physical Education, and Health IV</col>
</row>
<row>
<col>
Computer Education</col>
<col>
Computer Education I</col>
<col>
Computer Education II</col>
<col>
 No Computer Education [for this curriculum]</col>
<col>
 No Computer Education [for this curriculum]</col>
</row>
<row>
<col>
Research</col>
<col>
Research I (Technical Writing and Basic Statistics)</col>
<col>
Research II (Advanced Technical Writing II)</col>
<col>
Research II-A (Intermediate Research in Science)</col>
<col>
Research II-B (Advanced Research in Science)</col>
</row>
<row>
<col>
Electives</col>
<col>
No Electives for this Year Level</col>
<col>
Advanced Technical Writing; Biotechnology; Botany; Business Mathematics; Journalism I; Pamamahayag I; Drafting</col>
<col>
Speech and Drama; Technical Writing; Journalism II; Pamamahayag II</col>
<col>
Creative Writing; Environmental Chemistry; Geology, Meteorology and Astronomy; Linear Algebra; Journalism III; Pamamahayag III, Theater Arts; French II; Humanities; Electricity</col>
</row>
</table>
</p>

</ss1>
<ss1>
<st>
Engineering and Science Education Program (ESEP) Curriculum</st>
<p>

<table class="wikitable">
<row>
<header>
Subject Area</header>
<header>
Curriculum Year Level 1</header>
<header>
Curriculum Year Level 2</header>
<header>
Curriculum Year Level 3</header>
<header>
Curriculum Year Level 4</header>
</row>
<row>
<col>
Science</col>
<col>
Integrated Science; Earth and Environmental Science</col>
<col>
Biological Science</col>
<col>
Chemistry I(Basic Chemistry); Physics I(Basic Physics)</col>
<col>
Chemistry II(Advanced Chemistry); Physics II(Advanced Physics)</col>
</row>
<row>
<col>
Mathematics</col>
<col>
Elementary Algebra</col>
<col>
Intermediate Algebra; Geometry</col>
<col>
Advanced Algebra</col>
<col>
Mathematics IV</col>
</row>
<row>
<col>
English</col>
<col>
Grammar, Communication Skills, and Literature</col>
<col>
Grammar, Communication Skills, and Afro-Asian Literature</col>
<col>
Grammar, Communication Skills, and Asian Literature</col>
<col>
Grammar, Communication Skills, and World Literature</col>
</row>
<row>
<col>
Filipino</col>
<col>
Filipino I</col>
<col>
Filipino II</col>
<col>
Filipino III</col>
<col>
Filipino IV</col>
</row>
<row>
<col>
Social Science</col>
<col>
Araling Panlipunan I</col>
<col>
Araling Panlipunan II</col>
<col>
Araling Panlipunan III</col>
<col>
Araling Panlipunan IV</col>
</row>
<row>
<col>
Technology and Livelihood Education</col>
<col>
TLE I: Computer Education</col>
<col>
TLE II: Information and Communications Technology, Agriculture/Fisheries, Civil Technology, Electronics/Electricity</col>
<col>
TLE III: Information and Communications Technology, Agriculture/Fisheries, Civil Technology, Electronics/Electricity</col>
<col>
TLE IV: Information and Communications Technology, Agriculture/Fisheries, Civil Technology, Digital Electronics(Robotics)/Electricity</col>
</row>
<row>
<col>
MAPEH</col>
<col>
Music, Arts, Physical Education, and Health I</col>
<col>
Music, Arts, Physical Education, and Health II</col>
<col>
Music, Arts, Physical Education, and Health III</col>
<col>
Music, Arts, Physical Education, and Health IV</col>
</row>
<row>
<col>
Research</col>
<col>
Research I-A (Basic Statistics and Technical Writing)</col>
<col>
Research II (Engineering for Science and Tech., Basic Statistics in Research)</col>
<col>
 [no research in curriculum]</col>
<col>
Research III (Research in Science)</col>
</row>
<row>
<col>
Values Education</col>
<col>
Values Education I</col>
<col>
Values Education II</col>
<col>
Values Education III</col>
<col>
Values Education IV</col>
</row>
<row>

<col>
Developmental Reading</col>

<col>
Biotechnology, Advanced Statistics</col>

</row>
</table>
</p>

</ss1>
</sec>
<sec>
<st>
Other Programs</st>


<ss1>
<st>
The Technical-Vocational Education Program (Tech-Voc/TVEP)</st>
<p>

The Tech-Voc program seeks to provide early training for labor skills, particularly on machine works, trade, agriculture, information technology, among others.The program is offered to graduating high school students and its main purpose is to either prepare them for college or to enable them to work in various industries.</p>
<p>

The technical-vocation has 18 areas of specialization which includes: machine shop, automotive technology, welding, electronics technology, building construction, furniture and cabinet making, plumbing, electricity, computer technology, food processing, animal production, fish processing, fish capture, fish culture, agriculture, PC operations and technical drawing.</p>
<p>

Currently, there are 280 Tech-Voc High Schools in the Philippines, 140 of which are priority Tech-Voc High Schools.</p>

</ss1>
<ss1>
<st>
The Special Program for the Arts (SPA)</st>
<p>
  
The Special Program for the Arts is a nationwide program for students with potentials or talents in the Arts. One pilot school in every region was selected to pilot and implement this program and is now on its fourth year of implementation. </p>
<p>

The selected school offers a comprehensive secondary education program centered in the Arts, covering a range of art forms and disciplines. Arts education is an integral component of a balance educational program in all year level which also provides the background for post-secondary level work.</p>

</ss1>
<ss1>
<st>
Special Program for Sports(SPS)</st>
<p>

The Special Program in Sports (SPS) is in the line with efforts of the DepEd to institutionalize a program that will identify/ discover students with potential sports talents and train them for higher levels of athletic competitions. </p>
<p>

The Special Program for Sports offers a four year secondary curriculum patterned after that of a regular high school, with specialization in sports:</p>

</ss1>
</sec>
<sec>
<st>
Special Science Grade School (SSGS)</st>
<p>

As part of the expansion program of the Department of Educations' Engineering and Science Education Program, the Special Science Elementary School was established, to serve as feeder school for science high schools. This program envisions developing Filipino children who are equipped with scientific and technological knowledge, skills and attitudes; creative and have positive values; and lifelong learning skills to become productive partners in the development of the community and society and it aims to determine the qualities that science inclined learners possess; describe the characteristics of a good special elementary school; and determine the factors inputted into the SSES that significantly contribute to the improved performance of the learners involved in the study. </p>
<p>

SSES, according to the guidelines should have “state of the art” technology that provides for standard size classrooms of 7 meters by 9 meters with at least two computers, a television set, cassette recorder, player LCD projector, OHP, VHS/VCD/DVD player for every classroom. The classrooms should also have science laboratories, computer laboratory with multimedia and internet facilities; speech laboratory; music room and musical instruments and a gym with functional sports facilities.<ref xlink:type="simple" xlink:href="#xpointer(//reflist/entry[@id=%221%22])">1</ref></p>

<p>

<table style="text-align:center; font-size:87%; clear:both;" width="94%" align="center" class="toccolours">
<header width="80px">
<image width="25px" src="Nuvola_apps_kalzium.png">
</image>
</header>
<header style="background-color: #bce">
 <b>Science <link xlink:type="simple" xlink:href="../556/42556.xml">
high school</link>s in the <country wordnetid="108544813" confidence="0.9508927676800064">
<link xlink:type="simple" xlink:href="../440/23440.xml">
Philippines</link></country>
</b></header>
<row>
<header style="background-color: #bce">
 <b><school wordnetid="108276720" confidence="0.9508927676800064">
<link xlink:type="simple" xlink:href="../450/3450450.xml">
Philippine Science High School System</link></school>
</b></header>
<col colspan="2" align="left">
<link xlink:type="simple" xlink:href="../916/3544916.xml">
Main</link> •
<school wordnetid="108276720" confidence="0.8">
<educational_institution wordnetid="108276342" confidence="0.8">
<institution wordnetid="108053576" confidence="0.8">
<link xlink:type="simple" xlink:href="../691/17243691.xml">
Ilocos</link></institution>
</educational_institution>
</school>
 •
<link>
Cagayan Valley</link> • 
<link>
Bicol</link> •
<school wordnetid="108276720" confidence="0.9508927676800064">
<link xlink:type="simple" xlink:href="../130/4628130.xml">
Western Visayas</link></school>
 • 
<school wordnetid="108276720" confidence="0.9508927676800064">
<link xlink:type="simple" xlink:href="../570/5998570.xml">
Eastern Visayas</link></school>
 • 
<school wordnetid="108276720" confidence="0.8">
<educational_institution wordnetid="108276342" confidence="0.8">
<institution wordnetid="108053576" confidence="0.8">
<link xlink:type="simple" xlink:href="../736/17256736.xml">
Central Visayas</link></institution>
</educational_institution>
</school>
 • 
<link xlink:type="simple" xlink:href="../965/3544965.xml">
Southern Mindanao</link> • 
<link xlink:type="simple" xlink:href="../450/3450450.xml">
Central Mindanao</link></col>
</row>
<row>
<header style="background-color: #bce">
 <b><school wordnetid="108276720" confidence="0.8">
<educational_institution wordnetid="108276342" confidence="0.8">
<institution wordnetid="108053576" confidence="0.8">
<link xlink:type="simple" xlink:href="../894/6308894.xml">
Regional Science High School Union</link></institution>
</educational_institution>
</school>
</b></header>
<col colspan="2" style="background-color: #eee" align="left">
<b>Luzon :</b> <school wordnetid="108276720" confidence="0.9508927676800064">
<link xlink:type="simple" xlink:href="../985/5004985.xml">
I</link></school>
 • 
<school wordnetid="108276720" confidence="0.8">
<senior_high_school wordnetid="108409617" confidence="0.8">
<educational_institution wordnetid="108276342" confidence="0.8">
<institution wordnetid="108053576" confidence="0.8">
<link xlink:type="simple" xlink:href="../417/11080417.xml">
II</link></institution>
</educational_institution>
</senior_high_school>
</school>
 • 
<link xlink:type="simple" xlink:href="../446/18764446.xml">
III</link> • 
<school wordnetid="108276720" confidence="0.8">
<educational_institution wordnetid="108276342" confidence="0.8">
<institution wordnetid="108053576" confidence="0.8">
<link xlink:type="simple" xlink:href="../649/13965649.xml">
IV-A</link></institution>
</educational_institution>
</school>
 • 
<link>
IV-B</link> • 
<link>
V</link> • 
<school wordnetid="108276720" confidence="0.8">
<educational_institution wordnetid="108276342" confidence="0.8">
<institution wordnetid="108053576" confidence="0.8">
<link xlink:type="simple" xlink:href="../296/12790296.xml">
CAR</link></institution>
</educational_institution>
</school>
 • 
<school wordnetid="108276720" confidence="0.9508927676800064">
<link xlink:type="simple" xlink:href="../276/1433276.xml">
NCR</link></school>
<p>

<b>Visayas:</b> <link xlink:type="simple" xlink:href="../453/7403453.xml">
VI</link> • 
<school wordnetid="108276720" confidence="0.8">
<educational_institution wordnetid="108276342" confidence="0.8">
<institution wordnetid="108053576" confidence="0.8">
<link xlink:type="simple" xlink:href="../671/13965671.xml">
VII</link></institution>
</educational_institution>
</school>
 • 
<link>
VIII</link></p>
<p>

<b>Mindanao:</b> <link>
IX</link> • 
<link>
X</link> • 
<link>
XI</link> • 
<school wordnetid="108276720" confidence="0.8">
<educational_institution wordnetid="108276342" confidence="0.8">
<institution wordnetid="108053576" confidence="0.8">
<link xlink:type="simple" xlink:href="../194/13067194.xml">
XII</link></institution>
</educational_institution>
</school>
 • 
<link>
XIII</link> • 
<link>
ARMM</link></p>
</col>
</row>
<row>
<header style="background-color: #bce">
 <b><link xlink:type="simple" xlink:href="../908/10194908.xml">
Engineering and Science Education Program</link></b></header>
<col colspan="2" align="left">
<b>NCR Public Science High Schools:</b> <school wordnetid="108276720" confidence="0.9508927676800064">
<link xlink:type="simple" xlink:href="../945/9499945.xml">
Caloocan</link></school>
 • 
<link>
Las Piñas</link> • 
<school wordnetid="108276720" confidence="0.9508927676800064">
<link xlink:type="simple" xlink:href="../606/9606606.xml">
Makati</link></school>
 • 
<school wordnetid="108276720" confidence="0.8">
<educational_institution wordnetid="108276342" confidence="0.8">
<institution wordnetid="108053576" confidence="0.8">
<link xlink:type="simple" xlink:href="../352/13967352.xml">
Mandaluyong</link></institution>
</educational_institution>
</school>
 • 
<link xlink:type="simple" xlink:href="../029/13981029.xml">
Raja Soliman (Manila)</link> • 
<school wordnetid="108276720" confidence="0.9508927676800064">
<link xlink:type="simple" xlink:href="../832/3514832.xml">
Manila</link></school>
 •  
<school wordnetid="108276720" confidence="0.9508927676800064">
<link xlink:type="simple" xlink:href="../987/12507987.xml">
Marikina</link></school>
 • 
<school wordnetid="108276720" confidence="0.9508927676800064">
<link xlink:type="simple" xlink:href="../043/5100043.xml">
Muntinlupa</link></school>
 • 
<link>
Parañaque</link> • 
<link>
Pasay</link> • 
<school wordnetid="108276720" confidence="0.9508927676800064">
<link xlink:type="simple" xlink:href="../320/13891320.xml">
Pasig</link></school>
 • 
<link>
Taguig</link> • 
<link>
Valenzuela</link><p>

<b>Provincial Public Science High Schools:</b> <school wordnetid="108276720" confidence="0.8">
<educational_institution wordnetid="108276342" confidence="0.8">
<institution wordnetid="108053576" confidence="0.8">
<link xlink:type="simple" xlink:href="../316/13965316.xml">
Angeles City</link></institution>
</educational_institution>
</school>
 • 
<school wordnetid="108276720" confidence="0.8">
<educational_institution wordnetid="108276342" confidence="0.8">
<institution wordnetid="108053576" confidence="0.8">
<link xlink:type="simple" xlink:href="../559/13965559.xml">
Aurora</link></institution>
</educational_institution>
</school>
 • 
<school wordnetid="108276720" confidence="0.9508927676800064">
<link xlink:type="simple" xlink:href="../675/17538675.xml">
Baguio City (National)</link></school>
 • 
<link xlink:type="simple" xlink:href="../480/162480.xml">
Baguio City (Pine City)</link> • 
<school wordnetid="108276720" confidence="0.8">
<educational_institution wordnetid="108276342" confidence="0.8">
<institution wordnetid="108053576" confidence="0.8">
<link xlink:type="simple" xlink:href="../602/13965602.xml">
Bais City</link></institution>
</educational_institution>
</school>
 • 
<link>
Barotac Nuevo, Iloilo</link> • 
<link xlink:type="simple" xlink:href="../613/13965613.xml">
Batanes</link> • 
<school wordnetid="108276720" confidence="0.8">
<educational_institution wordnetid="108276342" confidence="0.8">
<institution wordnetid="108053576" confidence="0.8">
<link xlink:type="simple" xlink:href="../630/13965630.xml">
Batangas</link></institution>
</educational_institution>
</school>
 • 
<link xlink:type="simple" xlink:href="../205/19126205.xml">
Bulacan</link> • 
<link>
Cabanatuan City</link> • 
<school wordnetid="108276720" confidence="0.9508927676800064">
<link xlink:type="simple" xlink:href="../009/9440009.xml">
Cagayan</link></school>
 • 
<school wordnetid="108276720" confidence="0.8">
<senior_high_school wordnetid="108409617" confidence="0.8">
<educational_institution wordnetid="108276342" confidence="0.8">
<institution wordnetid="108053576" confidence="0.8">
<link xlink:type="simple" xlink:href="../655/4510655.xml">
Cebu City</link></institution>
</educational_institution>
</senior_high_school>
</school>
 • 
<link xlink:type="simple" xlink:href="../810/10232810.xml">
Dipolog City</link> • 
<link xlink:type="simple" xlink:href="../726/13965726.xml">
Dumangas, Iloilo</link> • 
<link>
Ifugao</link> • 
<link xlink:type="simple" xlink:href="../756/13965756.xml">
Kabasalan, Zamboanga Sibugay</link> • 
<link>
La Union</link> • 
<school wordnetid="108276720" confidence="0.8">
<educational_institution wordnetid="108276342" confidence="0.8">
<institution wordnetid="108053576" confidence="0.8">
<link xlink:type="simple" xlink:href="../786/13965786.xml">
Lipa City</link></institution>
</educational_institution>
</school>
 • 
<link xlink:type="simple" xlink:href="../799/13965799.xml">
Medellin, Cebu</link> • 
<link xlink:type="simple" xlink:href="../810/13965810.xml">
Minglanilla, Cebu</link> • 
<link xlink:type="simple" xlink:href="../861/13965861.xml">
Misamis Occidental</link> • 
<school wordnetid="108276720" confidence="0.8">
<educational_institution wordnetid="108276342" confidence="0.8">
<institution wordnetid="108053576" confidence="0.8">
<link xlink:type="simple" xlink:href="../921/13965921.xml">
Naga City</link></institution>
</educational_institution>
</school>
 • 
<school wordnetid="108276720" confidence="0.8">
<educational_institution wordnetid="108276342" confidence="0.8">
<institution wordnetid="108053576" confidence="0.8">
<link xlink:type="simple" xlink:href="../239/13967239.xml">
Negros Occidental</link></institution>
</educational_institution>
</school>
 • 
<school wordnetid="108276720" confidence="0.8">
<educational_institution wordnetid="108276342" confidence="0.8">
<institution wordnetid="108053576" confidence="0.8">
<link xlink:type="simple" xlink:href="../319/13967319.xml">
Puerto Princesa City</link></institution>
</educational_institution>
</school>
 • 
<school wordnetid="108276720" confidence="0.8">
<senior_high_school wordnetid="108409617" confidence="0.8">
<educational_institution wordnetid="108276342" confidence="0.8">
<institution wordnetid="108053576" confidence="0.8">
<link xlink:type="simple" xlink:href="../732/7217732.xml">
Rizal</link></institution>
</educational_institution>
</senior_high_school>
</school>
 • 
<school wordnetid="108276720" confidence="0.8">
<educational_institution wordnetid="108276342" confidence="0.8">
<institution wordnetid="108053576" confidence="0.8">
<link xlink:type="simple" xlink:href="../337/13967337.xml">
San Pablo City</link></institution>
</educational_institution>
</school>
 •
<link xlink:type="simple" xlink:href="../882/13965882.xml">
Santa Rosa City</link> • 
<school wordnetid="108276720" confidence="0.8">
<educational_institution wordnetid="108276342" confidence="0.8">
<institution wordnetid="108053576" confidence="0.8">
<link xlink:type="simple" xlink:href="../263/13967263.xml">
Siquijor</link></institution>
</educational_institution>
</school>
 • 
<school wordnetid="108276720" confidence="0.8">
<educational_institution wordnetid="108276342" confidence="0.8">
<institution wordnetid="108053576" confidence="0.8">
<link xlink:type="simple" xlink:href="../595/13980595.xml">
Tagaytay City</link></institution>
</educational_institution>
</school>
 • 
<school wordnetid="108276720" confidence="0.8">
<educational_institution wordnetid="108276342" confidence="0.8">
<institution wordnetid="108053576" confidence="0.8">
<link>
Tagbilaran City</link></institution>
</educational_institution>
</school>
 • 
<school wordnetid="108276720" confidence="0.8">
<educational_institution wordnetid="108276342" confidence="0.8">
<institution wordnetid="108053576" confidence="0.8">
<link xlink:type="simple" xlink:href="../814/13980814.xml">
Talisay City, Cebu</link></institution>
</educational_institution>
</school>
 • 
<school wordnetid="108276720" confidence="0.8">
<educational_institution wordnetid="108276342" confidence="0.8">
<institution wordnetid="108053576" confidence="0.8">
<link xlink:type="simple" xlink:href="../826/13980826.xml">
Tandag City</link></institution>
</educational_institution>
</school>
 • 
<school wordnetid="108276720" confidence="0.8">
<educational_institution wordnetid="108276342" confidence="0.8">
<institution wordnetid="108053576" confidence="0.8">
<link xlink:type="simple" xlink:href="../837/13980837.xml">
Tanjay City</link></institution>
</educational_institution>
</school>
 • 
<school wordnetid="108276720" confidence="0.8">
<educational_institution wordnetid="108276342" confidence="0.8">
<institution wordnetid="108053576" confidence="0.8">
<link xlink:type="simple" xlink:href="../935/13980935.xml">
Toledo City</link></institution>
</educational_institution>
</school>
 • 
<school wordnetid="108276720" confidence="0.9508927676800064">
<link xlink:type="simple" xlink:href="../197/12101197.xml">
Ubay, Bohol</link></school>
</p>
<p>

<b>Private Science High Schools:</b> <school wordnetid="108276720" confidence="0.8">
<educational_institution wordnetid="108276342" confidence="0.8">
<institution wordnetid="108053576" confidence="0.8">
<link xlink:type="simple" xlink:href="../488/7646488.xml">
Batangas</link></institution>
</educational_institution>
</school>
 • 
<link>
Emilio Aguinaldo College</link> • 
<link>
Lorma College</link> • 
<school wordnetid="108276720" confidence="0.9508927676800064">
<link xlink:type="simple" xlink:href="../077/9385077.xml">
Malayan</link></school>
 • 
<link>
PCU-Union</link> • 
<link>
SLC</link> • 
<senior_high_school wordnetid="108409617" confidence="0.8">
<link xlink:type="simple" xlink:href="../733/17017733.xml">
Roosevelt College</link></senior_high_school>
 • 
<link>
University of Baguio</link></p>
</col>
</row>
</table>
</p>



</sec>
</bdy>
</school>
</article>
