<?xml version="1.0" encoding="UTF-8"?>
<!-- generated by CLiX/Wiki2XML [MPI-Inf, MMCI@UdS] $LastChangedRevision: 92 $ on 16.04.2009 18:00:24[mciao0827] -->
<!DOCTYPE article SYSTEM "../article.dtd">
<article xmlns:xlink="http://www.w3.org/1999/xlink">
<header>
<title>Distance (graph theory)</title>
<id>1020021</id>
<revision>
<id>244527092</id>
<timestamp>2008-10-11T07:08:56Z</timestamp>
<contributor>
<username>Eloz002</username>
<id>2562355</id>
</contributor>
</revision>
<categories>
<category>Graph theory</category>
</categories>
</header>
<bdy>

In the <link xlink:type="simple" xlink:href="../831/18831.xml">
mathematical</link> field of <link xlink:type="simple" xlink:href="../401/12401.xml">
graph theory</link>, the <b>distance</b> between two <link xlink:type="simple" xlink:href="../899/638899.xml">
vertices</link> in a <link xlink:type="simple" xlink:href="../806/325806.xml">
graph</link> is the number of edges in a <link xlink:type="simple" xlink:href="../985/41985.xml">
shortest path</link> connecting them.  This is also known as the <b>geodesic distance</b> 
<ref xlink:type="simple" xlink:href="#xpointer(//reflist/entry[@id=%221%22])">1</ref>
because it is the length of the graph geodesic between those two vertices.<ref xlink:type="simple" xlink:href="#xpointer(//reflist/entry[@id=%222%22])">2</ref>  If there is no path connecting the two vertices, i.e., if they belong to different <link xlink:type="simple" xlink:href="../223/246223.xml">
connected component</link>s, then conventionally the distance is defined as infinite.<p>

The vertex set and the distance function form a <link xlink:type="simple" xlink:href="../018/20018.xml">
metric space</link>, if and only if the graph is <link xlink:type="simple" xlink:href="../492/1614492.xml">
connected</link>.</p>
<p>

A <link>
metric</link> defined over a set of points in terms of distances in a graph defined over this set is called a <b>graph metric</b>.</p>
<p>

There are a number of other measurements defined in terms of distance:</p>
<p>

The <b>eccentricity</b> <math>\epsilon</math> of a vertex <math>v</math> is the greatest distance between <math>v</math> and any other vertex.</p>
<p>

The <b>radius</b> of a graph is the minimum eccentricity of any vertex.</p>
<p>

The <b>diameter</b> of a graph is the maximum eccentricity of any vertex in the graph.  That is, it is the greatest distance between any two vertices.  A <b>peripheral vertex</b> in a graph of diameter <math>d</math> is one that is distance <math>d</math> from some other vertex&mdash;that is, a vertex that achieves the diameter.</p>
<p>

A <b>pseudo-peripheral vertex</b> <math>v</math> has the property that for any vertex <math>u</math>, if <math>v</math> is as far away from <math>u</math> as possible, then <math>u</math> is as far away from <math>v</math> as possible.  Formally, if the distance from <math>u</math> to <math>v</math> equals the eccentricity of <math>u</math>, then it equals the eccentricity of <math>v</math>.</p>

<sec>
<st>
Algorithm for finding pseudo-peripheral vertices</st>

<p>

Often peripheral <link xlink:type="simple" xlink:href="../015/341015.xml">
sparse matrix</link> algorithms need a starting vertex with a high eccentricity. A peripheral vertex would be perfect, but is often hard to calculate. In most circumstances a pseudo-peripheral vertex can be used.  A pseudo-peripheral vertex can easily be found with the following algorithm:</p>
<p>

<list>
<entry level="1" type="number">

 Choose a vertex <math>u</math>.</entry>
<entry level="1" type="number">

 Among all the vertices that are as far from <math>u</math> as possible, let <math>v</math> be one with minimal degree.</entry>
<entry level="1" type="number">

 If <math>\epsilon(v) &amp;gt; \epsilon(u)</math> then set <it>u</it>=<it>v</it> and repeat with step 2, else <it>v</it> is a pseudo-peripheral vertex.</entry>
</list>
</p>

</sec>
<sec>
<st>
Notes</st>

<p>

<reflist>
<entry id="1">
 <cite style="font-style:normal">Bouttier, Jérémie; Di Francesco,P. ,Guitter, E.&#32;(July 2003).&#32;"<weblink xlink:type="simple" xlink:href="http://www.sciencedirect.com/science?_ob=ArticleURL&amp;_udi=B6TVC-48KW72R-1&amp;_user=3742306&amp;_rdoc=1&amp;_fmt=&amp;_orig=search&amp;_sort=d&amp;view=c&amp;_acct=C000061256&amp;_version=1&amp;_urlVersion=0&amp;_userid=3742306&amp;md5=86dd4de63373a7e72d23d16840947661">
Geodesic distance in planar graphs</weblink>". <it>Nuclear Physics B</it>&#32;<b>663</b>&#32;(3): 535–567. <document wordnetid="106470073" confidence="0.8">
<written_communication wordnetid="106349220" confidence="0.8">
<writing wordnetid="106362953" confidence="0.8">
<link xlink:type="simple" xlink:href="../994/422994.xml">
doi</link></writing>
</written_communication>
</document>
:<weblink xlink:type="simple" xlink:href="http://dx.doi.org/10.1016%2FS0550-3213%2803%2900355-9">
10.1016/S0550-3213(03)00355-9</weblink>. Retrieved on <link>
2008-04-23</link>.&#32;“By distance we mean here geodesic distance along the graph, namely the length of any shortest path between say two given faces”</cite>&nbsp;</entry>
<entry id="2">
<physical_entity wordnetid="100001930" confidence="0.8">
<communicator wordnetid="109610660" confidence="0.8">
<person wordnetid="100007846" confidence="0.8">
<intellectual wordnetid="109621545" confidence="0.8">
<encyclopedist wordnetid="110055566" confidence="0.8">
<compiler wordnetid="109946957" confidence="0.8">
<alumnus wordnetid="109786338" confidence="0.8">
<causal_agent wordnetid="100007347" confidence="0.8">
<scientist wordnetid="110560637" confidence="0.8">
<writer wordnetid="110794014" confidence="0.8">
<mathematician wordnetid="110301261" confidence="0.8">
<scholar wordnetid="110557854" confidence="0.8">
<link xlink:type="simple" xlink:href="../189/836189.xml">
Weisstein, Eric W.</link></scholar>
</mathematician>
</writer>
</scientist>
</causal_agent>
</alumnus>
</compiler>
</encyclopedist>
</intellectual>
</person>
</communicator>
</physical_entity>
.&#32;"<weblink xlink:type="simple" xlink:href="http://mathworld.wolfram.com/GraphGeodesic.html">
"Graph Geodesic"</weblink>"&#32;(HTML).&#32;<it>MathWorld--A Wolfram Web Resource</it>.&#32;  Wolfram Research.&#32;Retrieved on <link>
2008-04-23</link>.&nbsp;"The length of the graph geodesic between these points d(u,v) is called the graph distance between u and v"
</entry>
</reflist>
</p>

</sec>
<sec>
<st>
See also</st>

<p>

<list>
<entry level="1" type="bullet">

 <link xlink:type="simple" xlink:href="../350/831350.xml">
Distance matrix</link></entry>
<entry level="1" type="bullet">

 <link xlink:type="simple" xlink:href="../230/695230.xml">
Resistance distance</link></entry>
<entry level="1" type="bullet">

 <link>
Betweenness</link></entry>
<entry level="1" type="bullet">

 <link xlink:type="simple" xlink:href="../712/1462712.xml">
Centrality</link></entry>
<entry level="1" type="bullet">

 <link>
Closeness</link></entry>
<entry level="1" type="bullet">

<link xlink:type="simple" xlink:href="../161/19726161.xml">
Degree diameter problem</link> for <link xlink:type="simple" xlink:href="../806/325806.xml">
 graph</link>s and <link xlink:type="simple" xlink:href="../986/19721986.xml">
digraph</link>s</entry>
</list>
</p>


</sec>
</bdy>
</article>
