<?xml version="1.0" encoding="UTF-8"?>
<!-- generated by CLiX/Wiki2XML [MPI-Inf, MMCI@UdS] $LastChangedRevision: 92 $ on 17.04.2009 00:11:40[mciao0825] -->
<!DOCTYPE article SYSTEM "../article.dtd">
<article xmlns:xlink="http://www.w3.org/1999/xlink">
<header>
<title>Ad-hoc Wireless Distribution Service</title>
<id>10217523</id>
<revision>
<id>228509496</id>
<timestamp>2008-07-29T00:54:34Z</timestamp>
<contributor>
<username>Mlaffs</username>
<id>5875630</id>
</contributor>
</revision>
<categories>
<category>Ad hoc routing protocols</category>
<category>Wireless networking</category>
</categories>
</header>
<bdy>

<b>Ad-hoc Wireless Distribution Service</b> (AWDS) is a <link xlink:type="simple" xlink:href="../949/152949.xml">
layer 2</link> routing protocol to connect <link xlink:type="simple" xlink:href="../569/142569.xml">
mobile ad-hoc network</link>s, sometimes called <link xlink:type="simple" xlink:href="../497/713497.xml">
wireless mesh network</link>s.  It is based on a <link xlink:type="simple" xlink:href="../632/159632.xml">
link-state routing protocol</link>, similar to <link xlink:type="simple" xlink:href="../183/976183.xml">
OLSR</link>.
<sec>
<st>
Principle of operation</st>

<p>

AWDS uses a <link xlink:type="simple" xlink:href="../632/159632.xml">
link-state routing protocol</link> for organizing the network. In contrast to other 
implementations like <link xlink:type="simple" xlink:href="../183/976183.xml">
OLSR</link> it operates in layer 2. That means no <link xlink:type="simple" xlink:href="../921/14921.xml">
IP address</link>es must be 
assigned because the unique <symbol wordnetid="106806469" confidence="0.8">
<signal wordnetid="106791372" confidence="0.8">
<identifier wordnetid="107270601" confidence="0.8">
<link xlink:type="simple" xlink:href="../668/20668.xml">
MAC address</link></identifier>
</signal>
</symbol>
es of the <link xlink:type="simple" xlink:href="../143/33143.xml">
WLAN</link> hardware is used instead. Furthermore, all kinds of layer 3 protocols can be used, like IP, DHCP, IPv6, IPX, etc. The protocol <link xlink:type="simple" xlink:href="../986/458986.xml">
daemon</link> creates a 
virtual network interface, which can be used by the <link xlink:type="simple" xlink:href="../394/50394.xml">
kernel</link> like a typical LAN interface.</p>

</sec>
<sec>
<st>
Alternatives</st>

<p>

The <link xlink:type="simple" xlink:href="../563/142563.xml">
ad hoc routing protocol list</link> contains a large set of alternatives. However, most of them 
are academic and do not exist as practical implementations.</p>

</sec>
<sec>
<st>
External links</st>

<p>

<list>
<entry level="1" type="bullet">

 An implementation for <O wordnetid="106832680" confidence="0.9508927676800064">
<link xlink:type="simple" xlink:href="../297/6097297.xml">
Linux</link></O>
 is available at http://awds.berlios.de</entry>
<entry level="1" type="bullet">

 <weblink xlink:type="simple" xlink:href="http://www.muniwireless.com/article/articleview/4537/1/2/Performance">
Analysis of Mesh Architectures</weblink> Why all mesh technologies are not created equal.</entry>
<entry level="1" type="bullet">

 <weblink xlink:type="simple" xlink:href="http://wireless-straight-talk.blogspot.com/2006/11/talkin-bout-my-generation.html">
What is Third Generation Mesh? </weblink> Review of three generation of mesh networking architectures.</entry>
<entry level="1" type="bullet">

<weblink xlink:type="simple" xlink:href="http://www.muniwireless.com/article/articleview/5768/1/2/">
Is Multi-radio mesh worthwhile?</weblink> Cost and performance considerations of multi-radio mesh.</entry>
</list>
</p>

</sec>
</bdy>
</article>
