<?xml version="1.0" encoding="UTF-8"?>
<!-- generated by CLiX/Wiki2XML [MPI-Inf, MMCI@UdS] $LastChangedRevision: 92 $ on 17.04.2009 00:17:03[mciao0827] -->
<!DOCTYPE article SYSTEM "../article.dtd">
<article xmlns:xlink="http://www.w3.org/1999/xlink">
<physical_entity  confidence="0.8" wordnetid="100001930">
<person  confidence="0.8" wordnetid="100007846">
<entity  confidence="0.9511911446218017" wordnetid="100001740">
<intellectual  confidence="0.8" wordnetid="109621545">
<alumnus  confidence="0.8" wordnetid="109786338">
<causal_agent  confidence="0.8" wordnetid="100007347">
<scientist  confidence="0.8" wordnetid="110560637">
<scholar  confidence="0.8" wordnetid="110557854">
<research_worker  confidence="0.8" wordnetid="110523076">
<header>
<title>Steve Omohundro</title>
<id>10246907</id>
<revision>
<id>194390322</id>
<timestamp>2008-02-27T10:49:02Z</timestamp>
<contributor>
<username>The Anomebot2</username>
<id>1979668</id>
</contributor>
</revision>
<categories>
<category>Stanford University alumni</category>
<category>Cellular automatists</category>
<category>Artificial intelligence researchers</category>
<category>1959 births</category>
<category>American computer scientists</category>
<category>Living people</category>
<category>Machine learning researchers</category>
</categories>
</header>
<bdy>

<b>Stephen M. Omohundro</b> is a computer scientist specializing in artificial intelligence. <p>

He graduated from <university wordnetid="108286163" confidence="0.9508927676800064">
<link xlink:type="simple" xlink:href="../977/26977.xml">
Stanford University</link></university>
 with degrees in <link xlink:type="simple" xlink:href="../939/22939.xml">
Physics</link> and <link xlink:type="simple" xlink:href="../831/18831.xml">
Mathematics</link>. He received a <link xlink:type="simple" xlink:href="../775/8775.xml">
Ph.D.</link> in Physics from the <university wordnetid="108286163" confidence="0.9508927676800064">
<ranking wordnetid="114429484" confidence="0.9508927676800064">
<link xlink:type="simple" xlink:href="../922/31922.xml">
University of California, Berkeley</link></ranking>
</university>
 and published the book <it>Geometric Perturbation Theory in Physics</it> based on his thesis. <ref xlink:type="simple" xlink:href="#xpointer(//reflist/entry[@id=%221%22])">1</ref></p>
<p>

At <company wordnetid="108058098" confidence="0.8">
<institution wordnetid="108053576" confidence="0.8">
<link xlink:type="simple" xlink:href="../646/81646.xml">
Thinking Machines Corporation</link></institution>
</company>
, he developed <language wordnetid="106282651" confidence="0.8">
<link xlink:type="simple" xlink:href="../391/2116391.xml">
Star Lisp</link></language>
, the first programming language for the <link xlink:type="simple" xlink:href="../760/68760.xml">
Connection Machine</link>, with <link>
Cliff Lasser</link>. From 1986 to 1988, he was an Assistant Professor of <link xlink:type="simple" xlink:href="../323/5323.xml">
Computer science</link>  at the <university wordnetid="108286163" confidence="0.9508927676800064">
<link xlink:type="simple" xlink:href="../695/384695.xml">
University of Illinois at Urbana-Champaign</link></university>
 and cofounder of the Center for Complex Systems Research.</p>
<p>

He subsequently joined  the <company wordnetid="108058098" confidence="0.8">
<institution wordnetid="108053576" confidence="0.8">
<link xlink:type="simple" xlink:href="../090/2562090.xml">
International Computer Science Institute</link></institution>
</company>
 (ICSI) in <village wordnetid="108672738" confidence="0.9508927676800064">
<link xlink:type="simple" xlink:href="../860/4860.xml">
Berkeley, California</link></village>
, where he led the development of the object-oriented programming language <programming_language wordnetid="106898352" confidence="0.9508927676800064">
<link xlink:type="simple" xlink:href="../763/28763.xml">
Sather</link></programming_language>
 in 1990 and developed novel neural network and machine learning algorithms. He subsequently was a Research scientist at the <link xlink:type="simple" xlink:href="../687/383687.xml">
NEC Research Institute</link>, working on machine learning and computer vision, and was a  co-inventor of U.S. Patent 5,696,964, "Multimedia Database Retrieval System Which Maintains a Posterior Probability Distribution That Each Item in the Database is a Target of a Search"<ref xlink:type="simple" xlink:href="#xpointer(//reflist/entry[@id=%222%22])">2</ref></p>
<p>

He then started the consultancy <link>
OLO Software</link>, and is now President of <link>
Self-Aware Systems</link> in <link xlink:type="simple" xlink:href="../445/53445.xml">
Palo Alto</link>, California. He has been an advisor to the <association wordnetid="108049401" confidence="0.8">
<link xlink:type="simple" xlink:href="../564/596564.xml">
Singularity Institute for Artificial Intelligence</link></association>
 since April 2007.</p>

<sec>
<st>
Publications</st>

<p>

<list>
<entry level="1" type="bullet">

 Christoph Bregler, Stephen Omohundro, Michelle Covell, Malcolm Slaney, Subutai Ahmad, David Forsyth, <link>
Jerry Feldman</link>, "Probabilistic Models of Verbal and Body Gestures" in Computer Vision in Man-Machine Interfaces, eds. R. Cipolla and A. Pentland, Cambridge University Press, 1998.</entry>
<entry level="1" type="bullet">

 Christoph Bregler and Stephen M. Omohundro, "Learning Visual Motion Models for Lip Reading" in Motion-Based Recognition, eds. M. Sha and R. Jain, Kluwer Academic Press, 1997.</entry>
<entry level="1" type="bullet">

 Stephen M. Omohundro, "Family Discovery", in Advances in Neural Information Processing Systems 8, eds. D. S. Touretzky, M. C. Mozer and M. E. Hasselmo, <company wordnetid="108058098" confidence="0.9508927676800064">
<link xlink:type="simple" xlink:href="../601/719601.xml">
MIT Press</link></company>
, Cambridge, MA, 1996.</entry>
<entry level="1" type="bullet">

 Christoph Bregler and Stephen M. Omohundro, "Surface Learning with Applications to Lipreading", in Cowan, J. D., Tesauro, G., and Alspector, J., (eds.) Advances in Neural Information Processing Systems 6, Morgan Kaufmann Publishers, San Francisco, CA, 1994</entry>
<entry level="1" type="bullet">

 Stephen M. Omohundro, "The <programming_language wordnetid="106898352" confidence="0.9508927676800064">
<link xlink:type="simple" xlink:href="../763/28763.xml">
Sather</link></programming_language>
 Programming Language", <magazine wordnetid="106595351" confidence="0.9508927676800064">
<link xlink:type="simple" xlink:href="../768/173768.xml">
Dr. Dobb's Journal</link></magazine>
, Volume 18, Issue 11, October 1993, p. 42.</entry>
<entry level="1" type="bullet">

 Stephen M. Omohundro, "Geometric Learning Algorithms" <work wordnetid="104599396" confidence="0.8">
<product wordnetid="104007894" confidence="0.8">
<creation wordnetid="103129123" confidence="0.8">
<artifact wordnetid="100021939" confidence="0.8">
<periodical wordnetid="106593296" confidence="0.8">
<publication wordnetid="106589574" confidence="0.8">
<link xlink:type="simple" xlink:href="../010/10261010.xml">
Physica D</link></publication>
</periodical>
</artifact>
</creation>
</product>
</work>
, 42 (1990) 307-321</entry>
<entry level="1" type="bullet">

 Stephen M. Omohundro, "Modelling <link xlink:type="simple" xlink:href="../342/54342.xml">
Cellular Automata</link> with <link xlink:type="simple" xlink:href="../564/52564.xml">
Partial Differential Equation</link>s", <work wordnetid="104599396" confidence="0.8">
<product wordnetid="104007894" confidence="0.8">
<creation wordnetid="103129123" confidence="0.8">
<artifact wordnetid="100021939" confidence="0.8">
<periodical wordnetid="106593296" confidence="0.8">
<publication wordnetid="106589574" confidence="0.8">
<link xlink:type="simple" xlink:href="../010/10261010.xml">
Physica D</link></publication>
</periodical>
</artifact>
</creation>
</product>
</work>
, 10D (1984) 128-134</entry>
</list>
</p>

</sec>
<sec>
<st>
References</st>
<p>

<reflist>
<entry id="1">
<weblink xlink:type="simple" xlink:href="http://steveomohundro.com/test-first-page/">
Biography « Steve Omohundro</weblink></entry>
<entry id="2">
<weblink xlink:type="simple" xlink:href="http://patft.uspto.gov/netacgi/nph-Parser?patentnumber=5696964">
U.S. Patent 5,696,964</weblink><weblink xlink:type="simple" xlink:href="http://www.pat2pdf.org/pat2pdf/foo.pl?number=5696964">
&nbsp;</weblink></entry>
</reflist>
</p>


</sec>
</bdy>
</research_worker>
</scholar>
</scientist>
</causal_agent>
</alumnus>
</intellectual>
</entity>
</person>
</physical_entity>
</article>
