<?xml version="1.0" encoding="UTF-8"?>
<!-- generated by CLiX/Wiki2XML [MPI-Inf, MMCI@UdS] $LastChangedRevision: 92 $ on 16.04.2009 18:00:53[mciao0825] -->
<!DOCTYPE article SYSTEM "../article.dtd">
<article xmlns:xlink="http://www.w3.org/1999/xlink">
<football_player  confidence="0.9511911446218017" wordnetid="110101634">
<person  confidence="0.9508927676800064" wordnetid="100007846">
<player  confidence="0.9511911446218017" wordnetid="110439851">
<entity  confidence="0.9511911446218017" wordnetid="100001740">
<header>
<title>Ronny Rosenthal</title>
<id>1027488</id>
<revision>
<id>241574718</id>
<timestamp>2008-09-28T17:58:10Z</timestamp>
<contributor>
<username>Earl CG</username>
<id>668557</id>
</contributor>
</revision>
<categories>
<category>Watford F.C. players</category>
<category>Liverpool F.C. players</category>
<category>Luton Town F.C. players</category>
<category>Living people</category>
<category>Israeli Jews</category>
<category>Israeli footballers</category>
<category>R. Standard de Liège players</category>
<category>Premier League players</category>
<category>Maccabi Haifa F.C. players</category>
<category>1963 births</category>
<category>Jewish footballers</category>
<category>Club Brugge K.V. players</category>
<category>Tottenham Hotspur F.C. players</category>
<category>Israel international footballers</category>
</categories>
</header>
<bdy>

<table style="font-size: 85%;" class="infobox vcard">
<row>
<col colspan="3" style="text-align:center; font-size: large" class="fn">
Ronny Rosenthal</col>
</row>
<row>
<header colspan="3" style="background: #b0c4de; text-align: center">
Personal information</header>
</row>
<row>
<col>
<b>Full&nbsp;name</b></col>
<col colspan="2">
Ronny Rosenthal</col>
</row>
<row>
<col>
<b>Date&nbsp;of&nbsp;birth</b></col>
<col colspan="2">
October 11, 1963 (1963-10-11) (age&nbsp;45)</col>
</row>
<row>
<col>
<b>Place&nbsp;of&nbsp;birth</b>&nbsp;&nbsp;&nbsp;</col>
<col colspan="2">
<link xlink:type="simple" xlink:href="../606/55606.xml">
Haifa</link>, <country wordnetid="108544813" confidence="0.9508927676800064">
<link xlink:type="simple" xlink:href="../173/9282173.xml">
Israel</link></country>
</col>
</row>
<row>
<col>
<b>Height</b></col>
<col colspan="2">
5&nbsp;ft&nbsp;11&nbsp;in (1.80&nbsp;m)</col>
</row>
<row>
<col>
<b>Playing position</b></col>
<col colspan="2">
 <link xlink:type="simple" xlink:href="../681/428681.xml">
Striker</link></col>
</row>
<row>
<header colspan="3" style="background: #b0c4de;">
Youth clubs</header>
</row>
<row>

<col colspan="2">
 <association wordnetid="108049401" confidence="0.8">
<club wordnetid="108227214" confidence="0.8">
<link xlink:type="simple" xlink:href="../872/319872.xml">
Maccabi Haifa</link></club>
</association>
</col>
</row>
<row>
<header colspan="3" style="background: #b0c4de;">
Senior clubs1</header>
</row>
<row style="line-height:9pt;">
<col>
<b>Years</b></col>
<col>
<b>Club</b></col>
<col>
<b>App (Gls)</b>*</col>
</row>
<row>
<col style="padding-right:3em;">
1979–19861986–19881988–1990199019901990–19941994–19971997–1999</col>
<col style="padding-right:3em;">
 <association wordnetid="108049401" confidence="0.8">
<club wordnetid="108227214" confidence="0.8">
<link xlink:type="simple" xlink:href="../872/319872.xml">
Maccabi Haifa</link></club>
</association>
<link xlink:type="simple" xlink:href="../623/563623.xml">
Club Brugge</link><link>
Standard Liège</link>→ <club wordnetid="108227214" confidence="0.9508927676800064">
<link xlink:type="simple" xlink:href="../877/149877.xml">
Udinese</link></club>
 (loan)→ <association wordnetid="108049401" confidence="0.8">
<club wordnetid="108227214" confidence="0.8">
<link xlink:type="simple" xlink:href="../367/18367.xml">
Luton Town</link></club>
</association>
 (loan)→ <club wordnetid="108227214" confidence="0.9508927676800064">
<link xlink:type="simple" xlink:href="../119/18119.xml">
Liverpool</link></club>
 (loan)<club wordnetid="108227214" confidence="0.9508927676800064">
<link xlink:type="simple" xlink:href="../119/18119.xml">
Liverpool</link></club>
<club wordnetid="108227214" confidence="0.9508927676800064">
<link xlink:type="simple" xlink:href="../198/68198.xml">
Tottenham Hotspur</link></club>
<club wordnetid="108227214" confidence="0.9508927676800064">
<link xlink:type="simple" xlink:href="../099/85099.xml">
Watford</link></club>
</col>
<col>
138 0(38)043 00(5)054 0(24)00? 00?000 00(0)008 00(7)066 0(14)088 00(4)030 00(8)&nbsp;&nbsp;&nbsp;</col>
</row>
<row>
<header colspan="3" style="background: #b0c4de;text-align: center">
National team</header>
</row>
<row>

<col>
 <team wordnetid="108208560" confidence="0.9508927676800064">
<link xlink:type="simple" xlink:href="../536/769536.xml">
Israel</link></team>
</col>
<col>
060 (11)</col>
</row>
<row>
<col colspan="3" style="color: #555555; font-size:80%; text-align:center;">
1 Senior club appearances and goals  counted for the domestic league only&nbsp;and  correct as of 01:26, 20 November 2007 (UTC).<p>

* Appearances (Goals)</p>
</col>
</row>
</table>

<b>Ronny Rosenthal</b> (<W wordnetid="106833544" confidence="0.9508927676800064">
<link xlink:type="simple" xlink:href="../446/13446.xml">
Hebrew</link></W>
: רוני רוזנטל, born <link xlink:type="simple" xlink:href="../440/22440.xml">
October 11</link>, <link xlink:type="simple" xlink:href="../648/34648.xml">
1963</link>, in <link xlink:type="simple" xlink:href="../606/55606.xml">
Haifa</link>) <it>nickname</it> <b>Rocket Ronny</b> is an <country wordnetid="108544813" confidence="0.9508927676800064">
<link xlink:type="simple" xlink:href="../173/9282173.xml">
Israel</link></country>
i former <link xlink:type="simple" xlink:href="../568/10568.xml">
football</link>er.
<sec>
<st>
Career</st>

<ss1>
<st>
Playing career</st>
<p>

Rosenthal was born and raised in <link xlink:type="simple" xlink:href="../606/55606.xml">
Haifa</link>, <country wordnetid="108544813" confidence="0.9508927676800064">
<link xlink:type="simple" xlink:href="../173/9282173.xml">
Israel</link></country>
. He joined the youth team of local club, <association wordnetid="108049401" confidence="0.8">
<club wordnetid="108227214" confidence="0.8">
<link xlink:type="simple" xlink:href="../872/319872.xml">
Maccabi Haifa</link></club>
</association>
 when he was 11. At the age of 16, he was promoted to the senior squad and scored twice after coming on as a substitute. </p>
<p>

In 1982 <country wordnetid="108544813" confidence="0.9508927676800064">
<link xlink:type="simple" xlink:href="../316/9316.xml">
English</link></country>
 coach <physical_entity wordnetid="100001930" confidence="0.8">
<person wordnetid="100007846" confidence="0.8">
<leader wordnetid="109623038" confidence="0.8">
<administrator wordnetid="109770949" confidence="0.8">
<causal_agent wordnetid="100007347" confidence="0.8">
<head wordnetid="110162991" confidence="0.8">
<director wordnetid="110014939" confidence="0.8">
<link xlink:type="simple" xlink:href="../555/10425555.xml">
Jack Mansell</link></director>
</head>
</causal_agent>
</administrator>
</leader>
</person>
</physical_entity>
 tried release Rosenthal on a free transfer. He assumed that "he will never be a player" and that he was the weakest link of the team. However club president <physical_entity wordnetid="100001930" confidence="0.8">
<person wordnetid="100007846" confidence="0.8">
<player wordnetid="110439851" confidence="0.8">
<contestant wordnetid="109613191" confidence="0.8">
<preserver wordnetid="110466918" confidence="0.8">
<executive wordnetid="110069645" confidence="0.8">
<football_player wordnetid="110101634" confidence="0.8">
<administrator wordnetid="109770949" confidence="0.8">
<leader wordnetid="109623038" confidence="0.8">
<causal_agent wordnetid="100007347" confidence="0.8">
<defender wordnetid="109614684" confidence="0.8">
<head wordnetid="110162991" confidence="0.8">
<athlete wordnetid="109820263" confidence="0.8">
<link xlink:type="simple" xlink:href="../864/8905864.xml">
Yochanan Vollach</link></athlete>
</head>
</defender>
</causal_agent>
</leader>
</administrator>
</football_player>
</executive>
</preserver>
</contestant>
</player>
</person>
</physical_entity>
 believed in Rosenthal's potential and intervened, stating he would not let him go for any price. </p>
<p>

<link xlink:type="simple" xlink:href="../188/10426188.xml">
Shlomo Sharf</link> was hired as the manager for the 1983-84 season. Sharf made Rosenthal part of a three-man strikeforce in a team that won two consecutive league championships. In total Rosenthal scored 38 goals for Haifa.</p>
<p>

Rosenthal moved to <link xlink:type="simple" xlink:href="../623/563623.xml">
Club Brugge</link> of <country wordnetid="108544813" confidence="0.9508927676800064">
<link xlink:type="simple" xlink:href="../343/3343.xml">
Belgium</link></country>
 at the end of the 1985-86 season, for a transfer fee of <link xlink:type="simple" xlink:href="../563/2308563.xml">
$</link>275,000. During the 1987-88 season he was part of the Brugge team thay won the <link xlink:type="simple" xlink:href="../677/1430677.xml">
Belgian League</link> and reached the  <tournament wordnetid="107464725" confidence="0.9508927676800064">
<link xlink:type="simple" xlink:href="../175/232175.xml">
UEFA Cup</link></tournament>
 semi-finals. </p>
<p>

In 1988 Rosenthal moved to <link>
Standard Liège</link> as part of an exchange deal. Whilst at Liège, he was loaned out to <system wordnetid="108435388" confidence="0.8">
<economy wordnetid="108366753" confidence="0.8">
<group wordnetid="100031264" confidence="0.8">
<link xlink:type="simple" xlink:href="../532/14532.xml">
Italian</link></group>
</economy>
</system>
 side <club wordnetid="108227214" confidence="0.9508927676800064">
<link xlink:type="simple" xlink:href="../877/149877.xml">
Udinese</link></club>
 and then in the midst of the 1989-90 season he was allowed to go on trial at English side <association wordnetid="108049401" confidence="0.8">
<club wordnetid="108227214" confidence="0.8">
<link xlink:type="simple" xlink:href="../367/18367.xml">
Luton Town</link></club>
</association>
. Whilst he was there he was spotted by <club wordnetid="108227214" confidence="0.9508927676800064">
<link xlink:type="simple" xlink:href="../119/18119.xml">
Liverpool</link></club>
 who signed him on loan, from <link xlink:type="simple" xlink:href="../211/20211.xml">
22 March</link> until the end of the season. </p>
<p>

Rosenthal made his debut as a 70th minute sub on <link xlink:type="simple" xlink:href="../587/20587.xml">
31 March</link> <link xlink:type="simple" xlink:href="../635/34635.xml">
1990</link> in a 3-2 league win over <association wordnetid="108049401" confidence="0.8">
<club wordnetid="108227214" confidence="0.8">
<link xlink:type="simple" xlink:href="../576/81576.xml">
Southampton</link></club>
</association>
 at <stadium wordnetid="104295881" confidence="0.9508927676800064">
<link xlink:type="simple" xlink:href="../253/178253.xml">
Anfield</link></stadium>
. On <link xlink:type="simple" xlink:href="../ury/24th_century.xml">
11 April</link> he scored a <link xlink:type="simple" xlink:href="../541/411541.xml">
hat-trick</link> on his full debut in 4-0 win against <association wordnetid="108049401" confidence="0.8">
<club wordnetid="108227214" confidence="0.8">
<link xlink:type="simple" xlink:href="../720/6720.xml">
Charlton Athletic</link></club>
</association>
 at <stadium wordnetid="104295881" confidence="0.9508927676800064">
<link xlink:type="simple" xlink:href="../449/679449.xml">
Selhurst Park</link></stadium>
. Liverpool went on to win the <event wordnetid="100029378" confidence="0.8">
<social_event wordnetid="107288639" confidence="0.8">
<contest wordnetid="107456188" confidence="0.8">
<psychological_feature wordnetid="100023100" confidence="0.8">
<link xlink:type="simple" xlink:href="../378/563378.xml">
First Division</link></psychological_feature>
</contest>
</social_event>
</event>
 championship that season, with Rosenthal scoring 7 goals in the final 8 matches. </p>
<p>

On <link xlink:type="simple" xlink:href="../842/15842.xml">
29 June</link> <link xlink:type="simple" xlink:href="../635/34635.xml">
1990</link> Rosenthal was signed permanently by Liverpool for a fee of £1.1m. He never made the same impact at the club, mainly making appearances from the bench. He was the club's top reserve team goalscorer during the <link xlink:type="simple" xlink:href="../094/4040094.xml">
1990-91</link> season with 18 goals in 25 appearances. Against <club wordnetid="108227214" confidence="0.9508927676800064">
<link xlink:type="simple" xlink:href="../173/42173.xml">
Aston Villa</link></club>
 during the <link xlink:type="simple" xlink:href="../801/3395801.xml">
1992-93</link> he hit the crossbar of an open goal from ten yards out, achieving cult status.  Rosenthal played 97 times for the club, scoring 22 goals and was placed at No.76 in the poll <link>
100 Players Who Shook The Kop</link>. </p>
<p>

Rosenthal moved to <club wordnetid="108227214" confidence="0.9508927676800064">
<link xlink:type="simple" xlink:href="../198/68198.xml">
Tottenham Hotspur</link></club>
 on <link xlink:type="simple" xlink:href="../791/15791.xml">
26 January</link> <link xlink:type="simple" xlink:href="../337/18948337.xml">
1994</link>, for a fee of £250k. He made his Spurs debut on <link xlink:type="simple" xlink:href="../814/15814.xml">
29 January</link> <link xlink:type="simple" xlink:href="../337/18948337.xml">
1994</link> in a 3-0 <event wordnetid="100029378" confidence="0.8">
<social_event wordnetid="107288639" confidence="0.8">
<contest wordnetid="107456188" confidence="0.8">
<psychological_feature wordnetid="100023100" confidence="0.8">
<link xlink:type="simple" xlink:href="../237/11237.xml">
FA Cup</link></psychological_feature>
</contest>
</social_event>
</event>
 defeat to <association wordnetid="108049401" confidence="0.8">
<club wordnetid="108227214" confidence="0.8">
<link xlink:type="simple" xlink:href="../843/352843.xml">
Ipswich Town</link></club>
</association>
 at <stadium wordnetid="104295881" confidence="0.9508927676800064">
<link xlink:type="simple" xlink:href="../681/1338681.xml">
Portman Road</link></stadium>
. On <link xlink:type="simple" xlink:href="../119/11119.xml">
5 February</link> he scored on his league debut, a twenty-yard header in a 3-1 home defeat to <association wordnetid="108049401" confidence="0.8">
<club wordnetid="108227214" confidence="0.8">
<team wordnetid="108208560" confidence="0.8">
<link xlink:type="simple" xlink:href="../538/177538.xml">
Sheffield Wednesday</link></team>
</club>
</association>
. During the <link xlink:type="simple" xlink:href="../102/3485102.xml">
1994-95</link> season Rosenthal was instrumental in a 6-2 victory away at <association wordnetid="108049401" confidence="0.8">
<club wordnetid="108227214" confidence="0.8">
<link xlink:type="simple" xlink:href="../576/81576.xml">
Southampton</link></club>
</association>
 in a <event wordnetid="100029378" confidence="0.8">
<social_event wordnetid="107288639" confidence="0.8">
<contest wordnetid="107456188" confidence="0.8">
<psychological_feature wordnetid="100023100" confidence="0.8">
<link xlink:type="simple" xlink:href="../237/11237.xml">
FA Cup</link></psychological_feature>
</contest>
</social_event>
</event>
 5th round replay. They were losing 2-0 at half-time, and Rosenthal scored a hat-trick. He made 100 appearances for Spurs, scoring 11 goals. </p>
<p>

On the <link xlink:type="simple" xlink:href="../ury/24th_century.xml">
10 August</link> <link xlink:type="simple" xlink:href="../601/34601.xml">
1997</link> Rosenthal signed for <club wordnetid="108227214" confidence="0.9508927676800064">
<link xlink:type="simple" xlink:href="../099/85099.xml">
Watford</link></club>
 on a free transfer. He helped Watford win the <event wordnetid="100029378" confidence="0.8">
<social_event wordnetid="107288639" confidence="0.8">
<contest wordnetid="107456188" confidence="0.8">
<psychological_feature wordnetid="100023100" confidence="0.8">
<link xlink:type="simple" xlink:href="../379/563379.xml">
Second Division</link></psychological_feature>
</contest>
</social_event>
</event>
 championship, scoring the goal of the season against <association wordnetid="108049401" confidence="0.8">
<club wordnetid="108227214" confidence="0.8">
<link xlink:type="simple" xlink:href="../357/245357.xml">
Blackpool</link></club>
</association>
.<ref xlink:type="simple" xlink:href="#xpointer(//reflist/entry[@id=%221%22])">1</ref> He suffered from injuries in the <link xlink:type="simple" xlink:href="../460/4096460.xml">
1998-99</link> season, playing only 5 matches. He retired at the end of the season, after making 39 appearances for Watford, scoring 11 goals. In total he scored 85 goals in European football.</p>

</ss1>
<ss1>
<st>
International career</st>
<p>

Rosenthal has 61 caps for <team wordnetid="108208560" confidence="0.9508927676800064">
<link xlink:type="simple" xlink:href="../536/769536.xml">
Israel</link></team>
, 41 starting and scoring 11 goals. He was selected for the junior side after making his Maccabi Haifa debut, and made his full debut whilst still at the club. </p>
<p>

During his international career he was involved in the match versus <team wordnetid="108208560" confidence="0.9508927676800064">
<link xlink:type="simple" xlink:href="../197/250197.xml">
France</link></team>
 in 1993, which stopped France qualifying for the <contest wordnetid="107456188" confidence="0.9508927676800064">
<link xlink:type="simple" xlink:href="../793/147793.xml">
1994 World Cup</link></contest>
. Israel won 3-2 in Paris, with Rosenthal assisting all 3 goals. His individual goal against <team wordnetid="108208560" confidence="0.9508927676800064">
<link xlink:type="simple" xlink:href="../906/655906.xml">
Azerbaijan</link></team>
 in 1996, taking the ball from the Israeli penalty area, was voted as "Millennium Goal" by the Israeli public.</p>

</ss1>
<ss1>
<st>
Post-playing career</st>
<p>

Rosenthal works as a "football consultant" and he and his family live in <country wordnetid="108544813" confidence="0.9508927676800064">
<link xlink:type="simple" xlink:href="../316/9316.xml">
England</link></country>
. He married a woman from <country wordnetid="108544813" confidence="0.9508927676800064">
<link xlink:type="simple" xlink:href="../343/3343.xml">
Belgium</link></country>
 and their two sons were born in <country wordnetid="108544813" confidence="0.9508927676800064">
<link xlink:type="simple" xlink:href="../316/9316.xml">
England</link></country>
. One of his sons is a midfielder and is enrolled with former club Watford's Academy.<ref xlink:type="simple" xlink:href="#xpointer(//reflist/entry[@id=%222%22])">2</ref> </p>

</ss1>
</sec>
<sec>
<st>
Honours</st>
<p>

<list>
<entry level="1" type="bullet">

 <association wordnetid="108049401" confidence="0.8">
<event wordnetid="100029378" confidence="0.8">
<social_event wordnetid="107288639" confidence="0.8">
<contest wordnetid="107456188" confidence="0.8">
<league wordnetid="108231184" confidence="0.8">
<psychological_feature wordnetid="100023100" confidence="0.8">
<link xlink:type="simple" xlink:href="../668/5833668.xml">
Israeli Premier Division</link></psychological_feature>
</league>
</contest>
</social_event>
</event>
</association>
: Champions, 1983-84 and 1984-85 with Maccabi Haifa</entry>
<entry level="1" type="bullet">

 <link xlink:type="simple" xlink:href="../677/1430677.xml">
Belgian Premier Division</link>: Champions, 1987-88 with Club Brugge</entry>
<entry level="1" type="bullet">

 <event wordnetid="100029378" confidence="0.8">
<social_event wordnetid="107288639" confidence="0.8">
<contest wordnetid="107456188" confidence="0.8">
<psychological_feature wordnetid="100023100" confidence="0.8">
<link xlink:type="simple" xlink:href="../378/563378.xml">
Football League First Division</link></psychological_feature>
</contest>
</social_event>
</event>
: Champions, <link xlink:type="simple" xlink:href="../857/4039857.xml">
1989-90</link> with Liverpool</entry>
<entry level="1" type="bullet">

 <event wordnetid="100029378" confidence="0.8">
<social_event wordnetid="107288639" confidence="0.8">
<contest wordnetid="107456188" confidence="0.8">
<psychological_feature wordnetid="100023100" confidence="0.8">
<link xlink:type="simple" xlink:href="../379/563379.xml">
Football League Second Division</link></psychological_feature>
</contest>
</social_event>
</event>
: Champions, <link xlink:type="simple" xlink:href="../290/4086290.xml">
1997-98</link> with Watford</entry>
</list>
</p>

</sec>
<sec>
<st>
References</st>

<p>

<reflist>
<entry id="1">
<weblink xlink:type="simple" xlink:href="http://www.bsad.org/gone/ronny.html">
Gone but not forgotten: Ronnie Rosenthal</weblink></entry>
<entry id="2">
<weblink xlink:type="simple" xlink:href="http://sport.guardian.co.uk/smalltalk/story/0,,2211713,00.html">
Small talk: Ronnie Rosenthal</weblink></entry>
</reflist>
</p>

</sec>
<sec>
<st>
External links</st>
<p>

<list>
<entry level="1" type="bullet">

<weblink xlink:type="simple" xlink:href="http://www.soccerbase.com/players_details.sd?playerid=6887">
Ronny Rosenthal UK career stats</weblink> at <link xlink:type="simple" xlink:href="../964/1571964.xml">
Soccerbase</link></entry>
<entry level="1" type="bullet">

<weblink xlink:type="simple" xlink:href="http://www.liverpoolfc.tv/team/past_players/players/rosenthal/">
Ronny Rosenthal's page on Official Liverpool F.C. web site</weblink></entry>
<entry level="1" type="bullet">

<weblink xlink:type="simple" xlink:href="http://sporting-heroes.net/football-heroes/searchresults.asp?ButtonLeap=0&amp;countryLinkDescription=+matching+search+results&amp;FootballHeroName=ronny+rosenthal&amp;FootballHeroClubCountry=&amp;FootballHeroDecade=Select+One&amp;SearchButton=Search">
Ronny Rosenthal's index at Sporting-heroes.net</weblink></entry>
</list>
</p>


<p>

<table id="persondata" class="persondata">
<header colspan="2">
 </header>
<row>
<col class="persondata-label">
NAME</col>
<col>
Rosenthal, Ronny</col>
</row>
<row>
<col class="persondata-label">
ALTERNATIVE NAMES</col>

</row>
<row>
<col class="persondata-label">
SHORT DESCRIPTION</col>
<col>
Footballer</col>
</row>
<row>
<col class="persondata-label">
DATE OF BIRTH</col>
<col>
 <link xlink:type="simple" xlink:href="../440/22440.xml">
October 11</link> <link xlink:type="simple" xlink:href="../648/34648.xml">
1963</link></col>
</row>
<row>
<col class="persondata-label">
PLACE OF BIRTH</col>
<col>
 <link xlink:type="simple" xlink:href="../606/55606.xml">
Haifa</link>, <country wordnetid="108544813" confidence="0.9508927676800064">
<link xlink:type="simple" xlink:href="../173/9282173.xml">
Israel</link></country>
</col>
</row>
<row>
<col class="persondata-label">
DATE OF DEATH</col>

</row>
<row>
<col class="persondata-label">
PLACE OF DEATH</col>

</row>
</table>
</p>



</sec>
</bdy>
</entity>
</player>
</person>
</football_player>
</article>
