<?xml version="1.0" encoding="UTF-8"?>
<!-- generated by CLiX/Wiki2XML [MPI-Inf, MMCI@UdS] $LastChangedRevision: 92 $ on 16.04.2009 18:00:55[mciao0825] -->
<!DOCTYPE article SYSTEM "../article.dtd">
<article xmlns:xlink="http://www.w3.org/1999/xlink">
<actor  confidence="0.9508927676800064" wordnetid="109765278">
<header>
<title>Patsy Palmer</title>
<id>1028253</id>
<revision>
<id>242709618</id>
<timestamp>2008-10-03T09:26:32Z</timestamp>
<contributor>
<username>Alexd18</username>
<id>7274688</id>
</contributor>
</revision>
<categories>
<category>English television actors</category>
<category>1972 births</category>
<category>London actors</category>
<category>English stage actors</category>
<category>Living people</category>
<category>Strictly Come Dancing participants</category>
<category>People from Bethnal Green</category>
<category>English soap opera actors</category>
</categories>
</header>
<bdy>
<template>
<name>Infobox actor</name>
<parameters>

<image width="150px" src="Replace_this_image_female.svg">
<caption>

Replace this image female.svg
</caption>
</image>
<location>
<site wordnetid="108651247" confidence="0.9508927676800064">
<link xlink:type="simple" xlink:href="../886/93886.xml">
Bethnal Green</link></site>
, <village wordnetid="108672738" confidence="0.9508927676800064">
<link xlink:type="simple" xlink:href="../867/17867.xml">
London</link></village>
, <country wordnetid="108544813" confidence="0.9508927676800064">
<link xlink:type="simple" xlink:href="../316/9316.xml">
England</link></country>
</location>
<imagesize>
150px</imagesize>
<spouse>
<physical_entity wordnetid="100001930" confidence="0.8">
<person wordnetid="100007846" confidence="0.8">
<leader wordnetid="109623038" confidence="0.8">
<administrator wordnetid="109770949" confidence="0.8">
<causal_agent wordnetid="100007347" confidence="0.8">
<head wordnetid="110162991" confidence="0.8">
<director wordnetid="110014939" confidence="0.8">
<link xlink:type="simple" xlink:href="../377/10241377.xml">
Nick Love</link></director>
</head>
</causal_agent>
</administrator>
</leader>
</person>
</physical_entity>
 (1998-2000)<link>
Richard Merkell</link> (2000 -)</spouse>
<name>
Patsy Palmer</name>
<birthdate>
26 May 1972 (1972-05-26) (age&nbsp;36)</birthdate>
<notable_role>
<fictional_character wordnetid="109587565" confidence="0.8">
<imaginary_being wordnetid="109483738" confidence="0.8">
<link xlink:type="simple" xlink:href="../542/4163542.xml">
Bianca Jackson</link></imaginary_being>
</fictional_character>
 in <it><series wordnetid="108457976" confidence="0.9508927676800064">
<link xlink:type="simple" xlink:href="../995/9995.xml">
EastEnders</link></series>
''</it></notable_role>
<birthname>
Julie Harris</birthname>
</parameters>
</template>


<b>Patsy Palmer</b> (born <b>Julie Harris</b> on 26 May 1972 in <site wordnetid="108651247" confidence="0.9508927676800064">
<link xlink:type="simple" xlink:href="../886/93886.xml">
Bethnal Green</link></site>
, <village wordnetid="108672738" confidence="0.9508927676800064">
<link xlink:type="simple" xlink:href="../867/17867.xml">
London</link></village>
) is an <country wordnetid="108544813" confidence="0.9508927676800064">
<link xlink:type="simple" xlink:href="../316/9316.xml">
English</link></country>
 <link xlink:type="simple" xlink:href="../753/753.xml">
actress</link> and <link xlink:type="simple" xlink:href="../796/5796.xml">
television personality</link>. Palmer made an early television appearance on the children's drama show <it><series wordnetid="108457976" confidence="0.9508927676800064">
<link xlink:type="simple" xlink:href="../502/236502.xml">
Grange Hill</link></series>
</it>, but is best-known for playing <fictional_character wordnetid="109587565" confidence="0.8">
<imaginary_being wordnetid="109483738" confidence="0.8">
<link xlink:type="simple" xlink:href="../542/4163542.xml">
Bianca Jackson</link></imaginary_being>
</fictional_character>
 in the popular British <link xlink:type="simple" xlink:href="../831/29831.xml">
television</link> <link xlink:type="simple" xlink:href="../009/27009.xml">
soap opera</link> <it><series wordnetid="108457976" confidence="0.9508927676800064">
<link xlink:type="simple" xlink:href="../995/9995.xml">
EastEnders</link></series>
</it>. Originally in the cast from 1993-1999, Palmer returned to EastEnders in April 2008. She has also appeared in a number of TV dramas, and released an <link xlink:type="simple" xlink:href="../ury/22nd_century.xml">
autobiography</link>, <it>All of Me</it> in 2007. She lives with her husband and three children in <site wordnetid="108651247" confidence="0.9508927676800064">
<link xlink:type="simple" xlink:href="../796/49796.xml">
Brighton</link></site>
, East Sussex, UK. 
<sec>
<st>
 Early life </st>
<p>

Patsy Palmer was born Julie Harris and grew up in <region wordnetid="108630985" confidence="0.8">
<location wordnetid="100027167" confidence="0.8">
<district wordnetid="108552138" confidence="0.8">
<link xlink:type="simple" xlink:href="../635/1429635.xml">
east London</link></district>
</location>
</region>
. Palmer's mother is a dressmaker,<ref xlink:type="simple" xlink:href="#xpointer(//reflist/entry[@id=%221%22])">1</ref> her father separated from her mother when she was eight years old.<ref xlink:type="simple" xlink:href="#xpointer(//reflist/entry[@id=%222%22])">2</ref></p>
<p>

She was brought up along with her two elder brothers, Albert and Harry, by her mother Pat. It was her mother who first spotted her acting talent and encouraged her to go to <link xlink:type="simple" xlink:href="../918/17204918.xml">
Anna Scher's</link> famous acting school in London (where many other EastEnders stars such as <physical_entity wordnetid="100001930" confidence="0.8">
<peer wordnetid="109626238" confidence="0.8">
<person wordnetid="100007846" confidence="0.8">
<performer wordnetid="110415638" confidence="0.8">
<participant wordnetid="110401829" confidence="0.8">
<causal_agent wordnetid="100007347" confidence="0.8">
<actor wordnetid="109765278" confidence="0.8">
<entertainer wordnetid="109616922" confidence="0.8">
<associate wordnetid="109816771" confidence="0.8">
<link xlink:type="simple" xlink:href="../306/3184306.xml">
Sid Owen</link></associate>
</entertainer>
</actor>
</causal_agent>
</participant>
</performer>
</person>
</peer>
</physical_entity>
, <actor wordnetid="109765278" confidence="0.9508927676800064">
<link xlink:type="simple" xlink:href="../458/3153458.xml">
Gillian Taylforth</link></actor>
, <actor wordnetid="109765278" confidence="0.9508927676800064">
<link xlink:type="simple" xlink:href="../455/1355455.xml">
Susan Tully</link></actor>
, <actor wordnetid="109765278" confidence="0.9508927676800064">
<link xlink:type="simple" xlink:href="../046/1430046.xml">
Phil Daniels</link></actor>
 and <actor wordnetid="109765278" confidence="0.9508927676800064">
<link xlink:type="simple" xlink:href="../022/1108022.xml">
Adam Woodyatt</link></actor>
 also trained).<ref xlink:type="simple" xlink:href="#xpointer(//reflist/entry[@id=%222%22])">2</ref> Palmer was bullied at school, and has said that acting was a form of escape.<ref xlink:type="simple" xlink:href="#xpointer(//reflist/entry[@id=%223%22])">3</ref> </p>
<p>

Aged six she starred in a <event wordnetid="100029378" confidence="0.8">
<social_event wordnetid="107288639" confidence="0.8">
<show wordnetid="106619065" confidence="0.8">
<psychological_feature wordnetid="100023100" confidence="0.8">
<attraction wordnetid="106615561" confidence="0.8">
<link xlink:type="simple" xlink:href="../952/1154952.xml">
West End</link></attraction>
</psychological_feature>
</show>
</social_event>
</event>
 production of <it><link xlink:type="simple" xlink:href="../091/213091.xml">
Joseph and the Amazing Technicolor Dreamcoat</link></it>, and by the age of 12 she had written her own play about <link xlink:type="simple" xlink:href="../915/15157915.xml">
prostitution</link> and won an award at the London Festival of Plays.</p>

</sec>
<sec>
<st>
 Career </st>


<ss1>
<st>
Early career</st>
<p>

She made her screen debut in the television programme <it><series wordnetid="108457976" confidence="0.9508927676800064">
<link xlink:type="simple" xlink:href="../141/2582141.xml">
The Gentle Touch</link></series>
</it> in 1984. Like many other <it>EastEnders</it> actors, Palmer appeared on the children's drama show <it><link xlink:type="simple" xlink:href="../502/236502.xml">
Grange Hill</link></it> in 1986 and 1987.<ref xlink:type="simple" xlink:href="#xpointer(//reflist/entry[@id=%224%22])">4</ref> She went on to have small roles in BBC's <it>Tricky Business</it> (1989); <it><statement wordnetid="106722453" confidence="0.8">
<message wordnetid="106598915" confidence="0.8">
<announcement wordnetid="106746580" confidence="0.8">
<program wordnetid="106748466" confidence="0.8">
<link xlink:type="simple" xlink:href="../114/4523114.xml">
Making News</link></program>
</announcement>
</message>
</statement>
</it> (1990); <it><literary_composition wordnetid="106364329" confidence="0.8">
<written_communication wordnetid="106349220" confidence="0.8">
<writing wordnetid="106362953" confidence="0.8">
<fiction wordnetid="106367107" confidence="0.8">
<novel wordnetid="106367879" confidence="0.8">
<link xlink:type="simple" xlink:href="../504/1735504.xml">
Clarissa</link></novel>
</fiction>
</writing>
</written_communication>
</literary_composition>
</it> (1991); <it>Love Hurts</it> (1992); <it><series wordnetid="108457976" confidence="0.9508927676800064">
<link xlink:type="simple" xlink:href="../353/208353.xml">
Drop the Dead Donkey</link></series>
</it> (1993); <it><series wordnetid="108457976" confidence="0.9508927676800064">
<link xlink:type="simple" xlink:href="../016/12319016.xml">
The Bill</link></series>
</it> (1993) and she also appeared as an <link xlink:type="simple" xlink:href="../555/74555.xml">
acne</link> ridden teenager in a <name wordnetid="106333653" confidence="0.8">
<trade_name wordnetid="106845599" confidence="0.8">
<part wordnetid="113809207" confidence="0.8">
<language_unit wordnetid="106284225" confidence="0.8">
<link xlink:type="simple" xlink:href="../527/1035527.xml">
Clearasil</link></language_unit>
</part>
</trade_name>
</name>
 advert.<ref xlink:type="simple" xlink:href="#xpointer(//reflist/entry[@id=%225%22])">5</ref> 
</p>
</ss1>
<ss1>
<st>
<it>EastEnders''</it></st>
<p>

In 1993 she was cast in the role of feisty <fictional_character wordnetid="109587565" confidence="0.8">
<imaginary_being wordnetid="109483738" confidence="0.8">
<link xlink:type="simple" xlink:href="../542/4163542.xml">
Bianca Jackson</link></imaginary_being>
</fictional_character>
 in BBC's flagship soap opera, <it>EastEnders</it>. A popular character, Bianca's on-off romance with <physical_entity wordnetid="100001930" confidence="0.8">
<fictional_character wordnetid="109587565" confidence="0.8">
<imaginary_being wordnetid="109483738" confidence="0.8">
<driver wordnetid="110034906" confidence="0.8">
<causal_agent wordnetid="100007347" confidence="0.8">
<operator wordnetid="110378412" confidence="0.8">
<link xlink:type="simple" xlink:href="../696/3627696.xml">
Ricky Butcher</link></operator>
</causal_agent>
</driver>
</imaginary_being>
</fictional_character>
</physical_entity>
 (Sid Owen) captivated millions of fans and their on-screen marriage in 1997 drew one of the biggest soap audiences ever — more than 22 million.<ref xlink:type="simple" xlink:href="#xpointer(//reflist/entry[@id=%226%22])">6</ref> She remained in the role for six years, but quit in 1999 to spend more time with her family and to concentrate on other projects.<ref xlink:type="simple" xlink:href="#xpointer(//reflist/entry[@id=%227%22])">7</ref> She reprised the role in May 2002 in a special spin-off entitled, <it>EastEnders: Ricky and Bianca</it>. The two part, hour long special was filmed in <village wordnetid="108672738" confidence="0.9508927676800064">
<link xlink:type="simple" xlink:href="../206/20206.xml">
Manchester</link></village>
 and reuinted Bianca and Ricky for the first time in over two years.<ref xlink:type="simple" xlink:href="#xpointer(//reflist/entry[@id=%228%22])">8</ref></p>
<p>

In 2005, Palmer publicly criticised <it>EastEnders</it>, branding the storylines ridiculous and unbelievable and stating that she "wouldn't go back to <it>EastEnders</it>".<ref xlink:type="simple" xlink:href="#xpointer(//reflist/entry[@id=%229%22])">9</ref> However, on <link xlink:type="simple" xlink:href="../435/22435.xml">
29 October</link> <link xlink:type="simple" xlink:href="../165/36165.xml">
2007</link> the BBC announced that Palmer would be returning to the soap as a fulltime character and will make her comeback on-screen in March 2008.<ref xlink:type="simple" xlink:href="#xpointer(//reflist/entry[@id=%2210%22])">10</ref> Palmer has commented "I can't wait to explore what Bianca has been doing with her life and seeing what she is going to get up to next" and executive producer of <it>EastEnders</it>, <physical_entity wordnetid="100001930" confidence="0.8">
<person wordnetid="100007846" confidence="0.8">
<manufacturer wordnetid="110292316" confidence="0.8">
<maker wordnetid="110284064" confidence="0.8">
<causal_agent wordnetid="100007347" confidence="0.8">
<creator wordnetid="109614315" confidence="0.8">
<link xlink:type="simple" xlink:href="../590/5668590.xml">
Diederick Santer</link></creator>
</causal_agent>
</maker>
</manufacturer>
</person>
</physical_entity>
, added, "I'm delighted to welcome Patsy Palmer home to <it>EastEnders</it>. Bianca is one of the most popular characters the show has ever had".<ref xlink:type="simple" xlink:href="#xpointer(//reflist/entry[@id=%2211%22])">11</ref></p>

</ss1>
<ss1>
<st>
Other work</st>
<p>

Palmer appeared as Clare in the <link xlink:type="simple" xlink:href="../576/118576.xml">
detective</link> series <it>McCready and Daughter</it>, which aired for a pilot and one series between 2000 and 2001. She made an appearance in <it>He knew he was right</it> for the <network wordnetid="108434259" confidence="0.9508927676800064">
<link xlink:type="simple" xlink:href="../654/19344654.xml">
BBC</link></network>
 in 2004 and in 2001 she was seen in the television mini-series, <it>Do or die</it>, which aired on <channel wordnetid="106259898" confidence="0.9508927676800064">
<link xlink:type="simple" xlink:href="../026/392026.xml">
Sky One</link></channel>
. In 1999, Palmer made a cameo appearance as herself in an episode of <person wordnetid="100007846" confidence="0.9508927676800064">
<actor wordnetid="109765278" confidence="0.9508927676800064">
<link xlink:type="simple" xlink:href="../277/600277.xml">
Kathy Burke</link></actor>
</person>
's  sitcom, <it><series wordnetid="108457976" confidence="0.9508927676800064">
<link xlink:type="simple" xlink:href="../647/1019647.xml">
Gimme Gimme Gimme</link></series>
</it>; it made light of her role as Bianca Jackson. </p>
<p>

On stage she has starred in the one-woman musical <it><link xlink:type="simple" xlink:href="../705/309705.xml">
Tell Me On A Sunday</link></it>, which toured the UK and played in <event wordnetid="100029378" confidence="0.8">
<social_event wordnetid="107288639" confidence="0.8">
<show wordnetid="106619065" confidence="0.8">
<psychological_feature wordnetid="100023100" confidence="0.8">
<attraction wordnetid="106615561" confidence="0.8">
<link xlink:type="simple" xlink:href="../952/1154952.xml">
London's West End</link></attraction>
</psychological_feature>
</show>
</social_event>
</event>
. She also had a leading role in a UK tour of the musical <it>Steppin' out</it>; appeared in the original West end run of <it>Mum's the word</it>, and acted in <it>We happy few</it> by <link xlink:type="simple" xlink:href="../508/1199508.xml">
Imogen Stubbs</link>, which played a short run at the <theater wordnetid="104417809" confidence="0.9508927676800064">
<link xlink:type="simple" xlink:href="../075/597075.xml">
Gielgud Theatre</link></theater>
.</p>
<p>

Palmer stood in for <it><link xlink:type="simple" xlink:href="../869/772869.xml">
GMTV</link></it>'s <celebrity wordnetid="109903153" confidence="0.9508927676800064">
<person wordnetid="100007846" confidence="0.9508927676800064">
<journalist wordnetid="110224578" confidence="0.9173553029164789">
<presenter wordnetid="110466387" confidence="0.9173553029164789">
<link xlink:type="simple" xlink:href="../521/1060521.xml">
Lorraine Kelly</link></presenter>
</journalist>
</person>
</celebrity>
, presenting her  <it>Lorraine Live section</it> for a week in 1999, reporting from Miami on fashion, lifestyle, health and fitness.<ref xlink:type="simple" xlink:href="#xpointer(//reflist/entry[@id=%2212%22])">12</ref> She has also co-hosted <channel wordnetid="106259898" confidence="0.9508927676800064">
<link xlink:type="simple" xlink:href="../321/6321.xml">
Channel 4</link></channel>
's <it><link xlink:type="simple" xlink:href="../161/645161.xml">
Big Breakfast</link></it> as a guest presenter for a week. Palmer has released a number of hit fitness videos and DVDs, <it>Patsy Palmer - The club workout</it> (2000), <it>Patsy Palmer - The urban workout</it> (2002) and <it>Patsy Palmer's Ibiza workout</it> (2002). In 2006 Palmer made an appearance in <it>The Allstar Workout</it>. Palmer's film work includes the shorts <it>Another Green World</it> and <it>Love Story</it>, directed by <physical_entity wordnetid="100001930" confidence="0.8">
<person wordnetid="100007846" confidence="0.8">
<leader wordnetid="109623038" confidence="0.8">
<administrator wordnetid="109770949" confidence="0.8">
<causal_agent wordnetid="100007347" confidence="0.8">
<head wordnetid="110162991" confidence="0.8">
<director wordnetid="110014939" confidence="0.8">
<link xlink:type="simple" xlink:href="../377/10241377.xml">
Nick Love</link></director>
</head>
</causal_agent>
</administrator>
</leader>
</person>
</physical_entity>
.</p>
<p>

In 2005 Palmer took part in BBC's <it><series wordnetid="108457976" confidence="0.9508927676800064">
<link xlink:type="simple" xlink:href="../325/975325.xml">
Strictly Come Dancing</link></series>
</it> show, to raise money for the <it><statement wordnetid="106722453" confidence="0.8">
<message wordnetid="106598915" confidence="0.8">
<announcement wordnetid="106746580" confidence="0.8">
<program wordnetid="106748466" confidence="0.8">
<financial_institution wordnetid="108054721" confidence="0.8">
<foundation wordnetid="108406486" confidence="0.8">
<charity wordnetid="108406619" confidence="0.8">
<institution wordnetid="108053576" confidence="0.8">
<link xlink:type="simple" xlink:href="../488/1073488.xml">
Children in Need</link></institution>
</charity>
</foundation>
</financial_institution>
</program>
</announcement>
</message>
</statement>
</it> fund. She has also made a <link xlink:type="simple" xlink:href="../882/275882.xml">
cameo appearance</link> with <actor wordnetid="109765278" confidence="0.9173553029164789">
<comedienne wordnetid="109940987" confidence="0.9173553029164789">
<link xlink:type="simple" xlink:href="../114/1655114.xml">
Catherine Tate</link></comedienne>
</actor>
's <link xlink:type="simple" xlink:href="../610/51610.xml">
sketch show</link> <it><series wordnetid="108457976" confidence="0.9508927676800064">
<link xlink:type="simple" xlink:href="../075/2032075.xml">
The Catherine Tate Show</link></series>
</it>. In February 2007, she was a jury member on the BBC programme <it><series wordnetid="108457976" confidence="0.9508927676800064">
<link xlink:type="simple" xlink:href="../739/8958739.xml">
The Verdict</link></series>
</it> where various celebrities ruled on a contemporary and controversial case, based on evidence and examples from real life.</p>
<p>

Palmer's autobiography <it>All of Me</it> was released in the UK on <link xlink:type="simple" xlink:href="../ury/22nd_century.xml">
5 April</link> <link xlink:type="simple" xlink:href="../165/36165.xml">
2007</link>. In it she describes her ascent to fame, her struggle with addiction and how she has battled to overcome her problems. In addition to acting, Palmer has set up her own company, Palmer Cutler, with a friend, selling beauty and self-tanning products.<ref xlink:type="simple" xlink:href="#xpointer(//reflist/entry[@id=%2213%22])">13</ref></p>
<p>

In 2008 a short film staring Palmer was released by housing and homelessness charity Shelter <ref xlink:type="simple" xlink:href="#xpointer(//reflist/entry[@id=%2214%22])">14</ref></p>

</ss1>
<ss1>
<st>
Awards</st>
<p>

<b>1999:</b>
<list>
<entry level="1" type="bullet">

 Palmer became the first ever soap actress to be nominated for 'Best Actress' at The <symbol wordnetid="106806469" confidence="0.8">
<award wordnetid="106696483" confidence="0.8">
<signal wordnetid="106791372" confidence="0.8">
<link xlink:type="simple" xlink:href="../737/854737.xml">
Royal Television Society</link></signal>
</award>
</symbol>
 Awards</entry>
</list>
</p>
<p>

<b>2000:</b>
<list>
<entry level="1" type="bullet">

 Won 'Best Actress' at the <work wordnetid="104599396" confidence="0.8">
<product wordnetid="104007894" confidence="0.8">
<magazine wordnetid="106595351" confidence="0.8">
<print_media wordnetid="106263609" confidence="0.8">
<creation wordnetid="103129123" confidence="0.8">
<press wordnetid="106263369" confidence="0.8">
<artifact wordnetid="100021939" confidence="0.8">
<instrumentality wordnetid="103575240" confidence="0.8">
<medium wordnetid="106254669" confidence="0.8">
<publication wordnetid="106589574" confidence="0.8">
<link xlink:type="simple" xlink:href="../622/7033622.xml">
TV Quick</link></publication>
</medium>
</instrumentality>
</artifact>
</press>
</creation>
</print_media>
</magazine>
</product>
</work>
/TV Choice Awards</entry>
<entry level="1" type="bullet">

 Won 'Best Actress' at the <symbol wordnetid="106806469" confidence="0.8">
<award wordnetid="106696483" confidence="0.8">
<signal wordnetid="106791372" confidence="0.8">
<link xlink:type="simple" xlink:href="../389/9149389.xml">
Inside Soap Awards</link></signal>
</award>
</symbol>
</entry>
<entry level="1" type="bullet">

 Won 'Best Actress' at <award wordnetid="106696483" confidence="0.9508927676800064">
<link xlink:type="simple" xlink:href="../682/3627682.xml">
The British Soap Awards</link></award>
</entry>
<entry level="1" type="bullet">

 Won 'Best Onscreen Partnership alongsde <physical_entity wordnetid="100001930" confidence="0.8">
<peer wordnetid="109626238" confidence="0.8">
<person wordnetid="100007846" confidence="0.8">
<performer wordnetid="110415638" confidence="0.8">
<participant wordnetid="110401829" confidence="0.8">
<causal_agent wordnetid="100007347" confidence="0.8">
<actor wordnetid="109765278" confidence="0.8">
<entertainer wordnetid="109616922" confidence="0.8">
<associate wordnetid="109816771" confidence="0.8">
<link xlink:type="simple" xlink:href="../306/3184306.xml">
Sid Owen</link></associate>
</entertainer>
</actor>
</causal_agent>
</participant>
</performer>
</person>
</peer>
</physical_entity>
 at <award wordnetid="106696483" confidence="0.9508927676800064">
<link xlink:type="simple" xlink:href="../682/3627682.xml">
The British Soap Awards</link></award>
</entry>
</list>
</p>

</ss1>
</sec>
<sec>
<st>
 Personal life </st>
<p>

Patsy was closely linked with <songwriter wordnetid="110624540" confidence="0.9173553029164789">
<businesswoman wordnetid="109882615" confidence="0.9173553029164789">
<singer wordnetid="110599806" confidence="0.9173553029164789">
<artist wordnetid="109812338" confidence="0.9508927676800064">
<link xlink:type="simple" xlink:href="../979/45979.xml">
Victoria Beckham</link></artist>
</singer>
</businesswoman>
</songwriter>
 in the early 90s, according to Beckham, Palmer gave her career advice before she was part of <link xlink:type="simple" xlink:href="../480/28480.xml">
The Spice Girls</link>. Palmer has been married twice she has three children; Fenton (born June 2000) and Emilia (born July 2001). She has another son called Charlie (born 1992) from her previous relationship with boxer <link>
Alfie Rothwel</link>l. As of 2008, she lives with her husband and three children in <site wordnetid="108651247" confidence="0.9508927676800064">
<link xlink:type="simple" xlink:href="../796/49796.xml">
Brighton</link></site>
, <county wordnetid="108546183" confidence="0.9508927676800064">
<link xlink:type="simple" xlink:href="../923/67923.xml">
East Sussex</link></county>
, <country wordnetid="108544813" confidence="0.9508927676800064">
<link xlink:type="simple" xlink:href="../316/9316.xml">
England</link></country>
. Her brother, <link xlink:type="simple" xlink:href="../903/16301903.xml">
Harry Harris</link>, is married to <physical_entity wordnetid="100001930" confidence="0.8">
<person wordnetid="100007846" confidence="0.8">
<performer wordnetid="110415638" confidence="0.8">
<causal_agent wordnetid="100007347" confidence="0.8">
<actor wordnetid="109765278" confidence="0.8">
<entertainer wordnetid="109616922" confidence="0.8">
<link xlink:type="simple" xlink:href="../846/4934846.xml">
Lindsey Coulson</link></entertainer>
</actor>
</causal_agent>
</performer>
</person>
</physical_entity>
, the actress who played her on-screen mother <fictional_character wordnetid="109587565" confidence="0.8">
<imaginary_being wordnetid="109483738" confidence="0.8">
<link xlink:type="simple" xlink:href="../279/4176279.xml">
Carol Jackson</link></imaginary_being>
</fictional_character>
 in <it>EastEnders</it>.<ref xlink:type="simple" xlink:href="#xpointer(//reflist/entry[@id=%223%22])">3</ref> </p>
<p>

Palmer has admitted to being a drug and alcohol addict and revealed that during her early stint on <it>EastEnders</it> she frequently turned up on set either still "high" or "horribly hungover". She has said that she started experimenting with alcohol and drugs from the age of ten and her addiction lasted for 24 years. She's been clean of drugs and alcohol since September 2004.<ref xlink:type="simple" xlink:href="#xpointer(//reflist/entry[@id=%223%22])">3</ref> </p>
<p>

Palmer suffered from bullying during her school years. Because of this she has lent her support to the Department for Education's anti-bullying campaign in 2000.<ref xlink:type="simple" xlink:href="#xpointer(//reflist/entry[@id=%2215%22])">15</ref></p>
<p>

She is close friends with <physical_entity wordnetid="100001930" confidence="0.8">
<peer wordnetid="109626238" confidence="0.8">
<person wordnetid="100007846" confidence="0.8">
<performer wordnetid="110415638" confidence="0.8">
<participant wordnetid="110401829" confidence="0.8">
<causal_agent wordnetid="100007347" confidence="0.8">
<actor wordnetid="109765278" confidence="0.8">
<entertainer wordnetid="109616922" confidence="0.8">
<associate wordnetid="109816771" confidence="0.8">
<link xlink:type="simple" xlink:href="../306/3184306.xml">
Sid Owen</link></associate>
</entertainer>
</actor>
</causal_agent>
</participant>
</performer>
</person>
</peer>
</physical_entity>
 (<physical_entity wordnetid="100001930" confidence="0.8">
<fictional_character wordnetid="109587565" confidence="0.8">
<imaginary_being wordnetid="109483738" confidence="0.8">
<driver wordnetid="110034906" confidence="0.8">
<causal_agent wordnetid="100007347" confidence="0.8">
<operator wordnetid="110378412" confidence="0.8">
<link xlink:type="simple" xlink:href="../696/3627696.xml">
Ricky Butcher</link></operator>
</causal_agent>
</driver>
</imaginary_being>
</fictional_character>
</physical_entity>
). In an interview in March 2008, Palmer said that somebody shouts <it>Rickaaaay</it> at her at least three times a day.<ref xlink:type="simple" xlink:href="#xpointer(//reflist/entry[@id=%2216%22])">16</ref></p>
<p>

In August 2008 she was pictured drunk leaving a nightclub with co-star <actor wordnetid="109765278" confidence="0.9508927676800064">
<link xlink:type="simple" xlink:href="../811/2392811.xml">
Jo Joyner</link></actor>
. She has appeared on television shows such as <series wordnetid="108457976" confidence="0.9508927676800064">
<link xlink:type="simple" xlink:href="../722/1180722.xml">
The Paul O'Grady Show</link></series>
, <series wordnetid="108457976" confidence="0.9508927676800064">
<link xlink:type="simple" xlink:href="../296/1017296.xml">
Friday Night with Jonathan Ross</link></series>
, <series wordnetid="108457976" confidence="0.9508927676800064">
<link xlink:type="simple" xlink:href="../405/6765405.xml">
The Charlotte Church Show</link></series>
, <link xlink:type="simple" xlink:href="../967/1590967.xml">
The Friday Night Project</link> and daytime show <series wordnetid="108457976" confidence="0.9508927676800064">
<link xlink:type="simple" xlink:href="../593/1943593.xml">
Loose Women</link></series>
. In an interview in March 2008 she claimed that <person wordnetid="100007846" confidence="0.9508927676800064">
<actor wordnetid="109765278" confidence="0.9508927676800064">
<link xlink:type="simple" xlink:href="../991/158991.xml">
Barbara Windsor</link></actor>
</person>
 has become her second mum since meeting on <series wordnetid="108457976" confidence="0.9508927676800064">
<link xlink:type="simple" xlink:href="../995/9995.xml">
EastEnders</link></series>
 in the early 90s.</p>



</sec>
<sec>
<st>
References</st>

<p>

<reflist>
<entry id="1">
Rebecca Armstrong&#32;(2007-03-31).&#32;"<weblink xlink:type="simple" xlink:href="http://findarticles.com/p/articles/mi_qn4158/is_20070331/ai_n18785011">
Patsy Palmer</weblink>".&#32;  The Independent.&#32;Retrieved on <link>
2007-04-17</link>.</entry>
<entry id="2">
Daphne Lockyer&#32;(2000-05-21).&#32;"<weblink xlink:type="simple" xlink:href="http://findarticles.com/p/articles/mi_qn4161/is_20000521/ai_n14505044">
Interview Patsy Palmer</weblink>".&#32;  Sunday Mirror.&#32;Retrieved on <link>
2007-04-17</link>.</entry>
<entry id="3">
Hannah Stephenson&#32;(<link>
2007-04-01</link>).&#32;"<weblink xlink:type="simple" xlink:href="http://www.sundaylife.co.uk/features/article2411615.ece">
'I was a young, silly girl'</weblink>".&#32;  Belfast Telegraph.&#32;Retrieved on <link>
2007-04-09</link>.</entry>
<entry id="4">
"<weblink xlink:type="simple" xlink:href="http://open.bbc.co.uk/catalogue/infax/contributor/61094">
Patsy Palmer</weblink>".&#32;  BBC.&#32;Retrieved on <link>
2007-04-17</link>.</entry>
<entry id="5">
Fiona Sturges&#32;(2000-06-10).&#32;"<weblink xlink:type="simple" xlink:href="http://findarticles.com/p/articles/mi_qn4158/is_20000610/ai_n14302062">
Staying In: Patsy Palmer</weblink>".&#32;  The Independent.&#32;Retrieved on <link>
2007-04-17</link>.</entry>
<entry id="6">
"<weblink xlink:type="simple" xlink:href="http://news.bbc.co.uk/1/hi/entertainment/219572.stm">
Entertainment Patsy Palmer to leave EastEnders</weblink>".&#32;  BBC&#32;(1998-11-22).&#32;Retrieved on <link>
2007-04-17</link>.</entry>
<entry id="7">
"<weblink xlink:type="simple" xlink:href="http://news.bbc.co.uk/1/hi/entertainment/792150.stm">
Patsy has early baby</weblink>".&#32;  BBC&#32;(2000-06-15).&#32;Retrieved on <link>
2007-04-17</link>.</entry>
<entry id="8">
"<weblink xlink:type="simple" xlink:href="http://news.bbc.co.uk/1/hi/entertainment/tv_and_radio/1785761.stm">
Ricky and Bianca film soap return</weblink>".&#32;  BBC&#32;(2002-01-27).&#32;Retrieved on <link>
2007-04-17</link>.</entry>
<entry id="9">
"<weblink xlink:type="simple" xlink:href="http://www.telegraph.co.uk/fashion/main.jhtml?xml=/fashion/2005/12/28/efpatsy28.xml">
'It's been seven years, but I guess I'll always be Bianca to some people'</weblink>".&#32;  <newspaper wordnetid="106267145" confidence="0.9508927676800064">
<link xlink:type="simple" xlink:href="../985/172985.xml">
The Telegraph</link></newspaper>
&#32;(2005-12-26).&#32;Retrieved on <link>
2007-11-14</link>.</entry>
<entry id="10">
"<weblink xlink:type="simple" xlink:href="http://news.bbc.co.uk/1/hi/entertainment/7066949.stm">
Palmer making EastEnders comeback</weblink>", <it>BBC News Website</it>.&#32;Retrieved on <link>
2007-10-29</link>.&nbsp;</entry>
<entry id="11">
"<weblink xlink:type="simple" xlink:href="http://entertainment.timesonline.co.uk/tol/arts_and_entertainment/tv_and_radio/article2763163.ece">
Patsy Palmer rejoins EastEnders</weblink>".&#32;  <newspaper wordnetid="106267145" confidence="0.9508927676800064">
<link xlink:type="simple" xlink:href="../127/39127.xml">
The Times</link></newspaper>
&#32;(2007-10-29).&#32;Retrieved on <link>
2007-11-14</link>.</entry>
<entry id="12">
"<weblink xlink:type="simple" xlink:href="http://news.bbc.co.uk/1/hi/entertainment/441657.stm">
EastEnder Patsy to join GMTV</weblink>".&#32;  BBC&#32;(<link>
1999-09-08</link>).&#32;Retrieved on <link>
2007-04-09</link>.</entry>
<entry id="13">
"<weblink xlink:type="simple" xlink:href="http://www.redandproud.com/The%20Red%20HotSeat%20-%20Patsy%20Palmer.htm">
Patsy Palmer - In the Red Hot Seat</weblink>".&#32;  Red and Proud.&#32;Retrieved on <link>
2007-11-14</link>.</entry>
<entry id="14">
<weblink xlink:type="simple" xlink:href="http://trapped.keystothefuture.org.uk/?r=hp2">
Trapped - an interactive short film by Seefood films</weblink></entry>
<entry id="15">
"<weblink xlink:type="simple" xlink:href="http://news.bbc.co.uk/1/hi/education/1068898.stm">
Bullying drove TV star to steal</weblink>".&#32;  BBC&#32;(<link>
2000-12-13</link>).&#32;Retrieved on <link>
2007-04-09</link>.</entry>
<entry id="16">
<weblink xlink:type="simple" xlink:href="http://www.digitalspy.co.uk/soaps/a92833/patsy-palmer-and-sid-owen.html">
EastEnders - Interview - Patsy Palmer and Sid Owen - Digital Spy</weblink></entry>
</reflist>
</p>

</sec>
<sec>
<st>
External links</st>
<p>

<list>
<entry level="1" type="bullet">

 <weblink xlink:type="simple" xlink:href="http://www.imdb.com/name/nm0658405/">
Patsy Palmer</weblink> at the <web_site wordnetid="106359193" confidence="0.9508927676800064">
<link xlink:type="simple" xlink:href="../554/2855554.xml">
Internet Movie Database</link></web_site>
</entry>
</list>
</p>


</sec>
</bdy>
</actor>
</article>
