<?xml version="1.0" encoding="UTF-8"?>
<!-- generated by CLiX/Wiki2XML [MPI-Inf, MMCI@UdS] $LastChangedRevision: 92 $ on 17.04.2009 00:15:00[mciao0826] -->
<!DOCTYPE article SYSTEM "../article.dtd">
<article xmlns:xlink="http://www.w3.org/1999/xlink">
<bus  confidence="0.9508927676800064" wordnetid="102924116">
<bus_route  confidence="0.9511911446218017" wordnetid="108517554">
<header>
<title>London Buses route 148</title>
<id>10308195</id>
<revision>
<id>244631349</id>
<timestamp>2008-10-11T20:02:16Z</timestamp>
<contributor>
<username>Arriva436</username>
<id>2363746</id>
</contributor>
</revision>
<categories>
<category>Transport in Hammersmith &amp; Fulham</category>
<category>Transport in Westminster</category>
<category>Bus routes in London</category>
</categories>
</header>
<bdy>
<template>
<name>Infobox London Bus</name>
<parameters>

<image width="360px" src="London_Bus_route_148.jpg">
</image>
<pvr>
Day:31Night:5</pvr>
<via>
Holland ParkNotting Hill GateQueenswayMarble ArchHyde ParkVictoriaWestminsterElephant &amp; Castle</via>
<garage>
<mathematical_relation wordnetid="113783581" confidence="0.8">
<company wordnetid="108058098" confidence="0.8">
<operator wordnetid="113786413" confidence="0.8">
<institution wordnetid="108053576" confidence="0.8">
<function wordnetid="113783816" confidence="0.8">
<link xlink:type="simple" xlink:href="../147/6884147.xml#xpointer(//*[./st=%22Shepherd's+Bush%22])">
Shepherd's Bush (S)</link></function>
</institution>
</operator>
</company>
</mathematical_relation>
<mathematical_relation wordnetid="113783581" confidence="0.8">
<company wordnetid="108058098" confidence="0.8">
<operator wordnetid="113786413" confidence="0.8">
<institution wordnetid="108053576" confidence="0.8">
<function wordnetid="113783816" confidence="0.8">
<link xlink:type="simple" xlink:href="../147/6884147.xml#xpointer(//*[./st=%22Stamford+Brook%22])">
Stamford Brook (V)</link></function>
</institution>
</operator>
</company>
</mathematical_relation>
</garage>
<vehicle>
<conveyance wordnetid="103100490" confidence="0.8">
<artifact wordnetid="100021939" confidence="0.8">
<instrumentality wordnetid="103575240" confidence="0.8">
<vehicle wordnetid="104524313" confidence="0.8">
<link xlink:type="simple" xlink:href="../373/2314373.xml">
Scania OmniCity</link></vehicle>
</instrumentality>
</artifact>
</conveyance>
<conveyance wordnetid="103100490" confidence="0.8">
<artifact wordnetid="100021939" confidence="0.8">
<instrumentality wordnetid="103575240" confidence="0.8">
<bus wordnetid="102924116" confidence="0.8">
<public_transport wordnetid="104019101" confidence="0.8">
<vehicle wordnetid="104524313" confidence="0.8">
<link xlink:type="simple" xlink:href="../447/13555447.xml">
Scania N230UD</link></vehicle>
</public_transport>
</bus>
</instrumentality>
</artifact>
</conveyance>
/<link xlink:type="simple" xlink:href="../762/14454762.xml">
East Lancs Olympus</link></vehicle>
<number>
148</number>
<frequency>
About every 7-30 minutes</frequency>
<operator>
<mathematical_relation wordnetid="113783581" confidence="0.8">
<company wordnetid="108058098" confidence="0.8">
<operator wordnetid="113786413" confidence="0.8">
<institution wordnetid="108053576" confidence="0.8">
<function wordnetid="113783816" confidence="0.8">
<link xlink:type="simple" xlink:href="../147/6884147.xml">
Transdev London</link></function>
</institution>
</operator>
</company>
</mathematical_relation>
</operator>
<time>
33-42 minutes</time>
<level>
24-hour service</level>
<ibus>
yes</ibus>
<start>
<site wordnetid="108651247" confidence="0.9508927676800064">
<link xlink:type="simple" xlink:href="../275/234275.xml">
Shepherd's Bush Green</link></site>
</start>
<length>
8 miles (13 km)</length>
<night>
24-hour service</night>
<day>
24-hour service</day>
<end>
<region wordnetid="108630985" confidence="0.8">
<point wordnetid="108620061" confidence="0.8">
<junction wordnetid="103605722" confidence="0.8">
<park wordnetid="108615149" confidence="0.8">
<location wordnetid="100027167" confidence="0.8">
<tract wordnetid="108673395" confidence="0.8">
<topographic_point wordnetid="108664443" confidence="0.8">
<geographical_area wordnetid="108574314" confidence="0.8">
<link xlink:type="simple" xlink:href="../339/4907339.xml">
Camberwell Green</link></geographical_area>
</topographic_point>
</tract>
</location>
</park>
</junction>
</point>
</region>
</end>
</parameters>
</template>

<p>

<b>London Buses route 148</b> is a <company wordnetid="108058098" confidence="0.9508927676800064">
<link xlink:type="simple" xlink:href="../145/31145.xml">
Transport for London</link></company>
 contracted bus route in <village wordnetid="108672738" confidence="0.9508927676800064">
<link xlink:type="simple" xlink:href="../867/17867.xml">
London</link></village>
, <autocracy wordnetid="108361001" confidence="0.8">
<system wordnetid="108435388" confidence="0.8">
<social_group wordnetid="107950920" confidence="0.8">
<political_orientation wordnetid="106212839" confidence="0.8">
<monarchy wordnetid="108363812" confidence="0.8">
<state wordnetid="108168978" confidence="0.8">
<political_unit wordnetid="108359949" confidence="0.8">
<political_system wordnetid="108367880" confidence="0.8">
<economy wordnetid="108366753" confidence="0.8">
<group wordnetid="100031264" confidence="0.8">
<democracy wordnetid="106217103" confidence="0.8">
<link xlink:type="simple" xlink:href="../717/31717.xml">
United Kingdom</link></democracy>
</group>
</economy>
</political_system>
</political_unit>
</state>
</monarchy>
</political_orientation>
</social_group>
</system>
</autocracy>
. The service is currently contracted to <mathematical_relation wordnetid="113783581" confidence="0.8">
<company wordnetid="108058098" confidence="0.8">
<operator wordnetid="113786413" confidence="0.8">
<institution wordnetid="108053576" confidence="0.8">
<function wordnetid="113783816" confidence="0.8">
<link xlink:type="simple" xlink:href="../147/6884147.xml">
Transdev London</link></function>
</institution>
</operator>
</company>
</mathematical_relation>
.</p>

<sec>
<st>
History</st>
<p>

Route 148 is one of the many routes created to help the <work wordnetid="100575741" confidence="0.8">
<idea wordnetid="105833840" confidence="0.8">
<scheme wordnetid="105905348" confidence="0.8">
<plan wordnetid="105898568" confidence="0.8">
<event wordnetid="100029378" confidence="0.8">
<plan_of_action wordnetid="105902545" confidence="0.8">
<undertaking wordnetid="100795720" confidence="0.8">
<act wordnetid="100030358" confidence="0.8">
<psychological_feature wordnetid="100023100" confidence="0.8">
<activity wordnetid="100407535" confidence="0.8">
<link xlink:type="simple" xlink:href="../439/179439.xml">
congestion charge</link></activity>
</psychological_feature>
</act>
</undertaking>
</plan_of_action>
</event>
</plan>
</scheme>
</idea>
</work>
. </p>
<p>

New Scania OmniCity entered the service in late 2006, the <conveyance wordnetid="103100490" confidence="0.8">
<artifact wordnetid="100021939" confidence="0.8">
<instrumentality wordnetid="103575240" confidence="0.8">
<bus wordnetid="102924116" confidence="0.8">
<public_transport wordnetid="104019101" confidence="0.8">
<link xlink:type="simple" xlink:href="../751/1709751.xml">
Volvo B7TL</link></public_transport>
</bus>
</instrumentality>
</artifact>
</conveyance>
 10m / <conveyance wordnetid="103100490" confidence="0.8">
<artifact wordnetid="100021939" confidence="0.8">
<instrumentality wordnetid="103575240" confidence="0.8">
<bus wordnetid="102924116" confidence="0.8">
<public_transport wordnetid="104019101" confidence="0.8">
<link xlink:type="simple" xlink:href="../306/2251306.xml">
Alexander ALX400</link></public_transport>
</bus>
</instrumentality>
</artifact>
</conveyance>
 were transferred to <bus wordnetid="102924116" confidence="0.9508927676800064">
<link xlink:type="simple" xlink:href="../764/10935764.xml">
route 220</link></bus>
, although they do show up and the Volvo B7TL 10.6m / <bus wordnetid="102924116" confidence="0.9508927676800064">
<link xlink:type="simple" xlink:href="../817/12442817.xml">
East Lancs Myllennium Vyking</link></bus>
 were given to Stamford Brook to increase the frequency of <bus wordnetid="102924116" confidence="0.9508927676800064">
<link xlink:type="simple" xlink:href="../598/8049598.xml">
route 27</link></bus>
.</p>
<p>

Recently some new <conveyance wordnetid="103100490" confidence="0.8">
<artifact wordnetid="100021939" confidence="0.8">
<instrumentality wordnetid="103575240" confidence="0.8">
<bus wordnetid="102924116" confidence="0.8">
<public_transport wordnetid="104019101" confidence="0.8">
<vehicle wordnetid="104524313" confidence="0.8">
<link xlink:type="simple" xlink:href="../447/13555447.xml">
Scania N230UD</link></vehicle>
</public_transport>
</bus>
</instrumentality>
</artifact>
</conveyance>
 10.5m/<link xlink:type="simple" xlink:href="../762/14454762.xml">
East Lancs Olympus</link> double-deckers have entered service.</p>
<p>

On <link xlink:type="simple" xlink:href="../322/11322.xml">
2 February</link> <link xlink:type="simple" xlink:href="../825/35825.xml">
2008</link>, Shepherd's Bush Station (Central Line) was closed and extra buses were put on route 148 for additional service. These included Plaxton bodied Volvo B7TLs from Metroline. </p>
<p>

<image location="left" width="250px" src="London_Bus_route_148-b.jpg" type="thumb">
<caption>

A new <conveyance wordnetid="103100490" confidence="0.8">
<artifact wordnetid="100021939" confidence="0.8">
<instrumentality wordnetid="103575240" confidence="0.8">
<bus wordnetid="102924116" confidence="0.8">
<public_transport wordnetid="104019101" confidence="0.8">
<vehicle wordnetid="104524313" confidence="0.8">
<link xlink:type="simple" xlink:href="../447/13555447.xml">
Scania</link></vehicle>
</public_transport>
</bus>
</instrumentality>
</artifact>
</conveyance>
/<link xlink:type="simple" xlink:href="../762/14454762.xml">
East Lancs Olympus</link> on route 148 on Park Lane.
</caption>
</image>
</p>



</sec>
<sec>
<st>
Current route</st>

<p>

<table style="background:transparent; width:100%;" cellpadding="0" class=" multicol" cellspacing="0">
<row>
<col align="left" width="50%" valign="top">
<ss1>
<st>
Route departing Shepherd's Bush Green</st>
<p>

<list>
<entry level="1" type="bullet">

<b><site wordnetid="108651247" confidence="0.9508927676800064">
<link xlink:type="simple" xlink:href="../275/234275.xml">
Shepherd's Bush Green</link></site>
</b> <it><artifact wordnetid="100021939" confidence="0.8">
<facility wordnetid="103315023" confidence="0.8">
<station wordnetid="104306080" confidence="0.8">
<link xlink:type="simple" xlink:href="../560/1297560.xml">
Shepherd's Bush Station</link></station>
</facility>
</artifact>
 Central Line''</it></entry>
<entry level="1" type="bullet">

Holland Park Avenue</entry>
<entry level="1" type="bullet">

<b><artifact wordnetid="100021939" confidence="0.8">
<facility wordnetid="103315023" confidence="0.8">
<station wordnetid="104306080" confidence="0.8">
<link xlink:type="simple" xlink:href="../520/1185520.xml">
Holland Park Station</link></station>
</facility>
</artifact>
</b></entry>
<entry level="1" type="bullet">

Holland Park Avenue</entry>
<entry level="1" type="bullet">

<b><artifact wordnetid="100021939" confidence="0.8">
<facility wordnetid="103315023" confidence="0.8">
<station wordnetid="104306080" confidence="0.8">
<link xlink:type="simple" xlink:href="../581/181581.xml">
Notting Hil Gate Station</link></station>
</facility>
</artifact>
</b></entry>
<entry level="1" type="bullet">

<artifact wordnetid="100021939" confidence="0.8">
<street wordnetid="104334599" confidence="0.8">
<way wordnetid="104564698" confidence="0.8">
<thoroughfare wordnetid="104426618" confidence="0.8">
<road wordnetid="104096066" confidence="0.8">
<link xlink:type="simple" xlink:href="../325/1150325.xml">
Notting Hill Gate</link></road>
</thoroughfare>
</way>
</street>
</artifact>
</entry>
<entry level="1" type="bullet">

<artifact wordnetid="100021939" confidence="0.8">
<street wordnetid="104334599" confidence="0.8">
<way wordnetid="104564698" confidence="0.8">
<thoroughfare wordnetid="104426618" confidence="0.8">
<road wordnetid="104096066" confidence="0.8">
<link xlink:type="simple" xlink:href="../625/1329625.xml">
Bayswater Road</link></road>
</thoroughfare>
</way>
</street>
</artifact>
 for <it><artifact wordnetid="100021939" confidence="0.8">
<facility wordnetid="103315023" confidence="0.8">
<station wordnetid="104306080" confidence="0.8">
<link xlink:type="simple" xlink:href="../530/373530.xml">
Queensway Station</link></station>
</facility>
</artifact>
''</it></entry>
<entry level="1" type="bullet">

<artifact wordnetid="100021939" confidence="0.8">
<street wordnetid="104334599" confidence="0.8">
<way wordnetid="104564698" confidence="0.8">
<thoroughfare wordnetid="104426618" confidence="0.8">
<road wordnetid="104096066" confidence="0.8">
<link xlink:type="simple" xlink:href="../625/1329625.xml">
Bayswater Road</link></road>
</thoroughfare>
</way>
</street>
</artifact>
</entry>
<entry level="1" type="bullet">

<b><artifact wordnetid="100021939" confidence="0.8">
<facility wordnetid="103315023" confidence="0.8">
<station wordnetid="104306080" confidence="0.8">
<link xlink:type="simple" xlink:href="../520/373520.xml">
Lancaster Gate Station</link></station>
</facility>
</artifact>
</b></entry>
<entry level="1" type="bullet">

Lancaster Terrace</entry>
<entry level="1" type="bullet">

Westbourne Street</entry>
<entry level="1" type="bullet">

Bayswater Road</entry>
<entry level="1" type="bullet">

<b><misfortune wordnetid="114475405" confidence="0.8">
<artifact wordnetid="100021939" confidence="0.8">
<facility wordnetid="103315023" confidence="0.8">
<station wordnetid="104306080" confidence="0.8">
<condition wordnetid="113920429" confidence="0.8">
<state wordnetid="100024720" confidence="0.8">
<catastrophe wordnetid="114476290" confidence="0.8">
<adversity wordnetid="114475661" confidence="0.8">
<fortune wordnetid="114473222" confidence="0.8">
<link xlink:type="simple" xlink:href="../526/373526.xml">
Marble Arch Station</link></fortune>
</adversity>
</catastrophe>
</state>
</condition>
</station>
</facility>
</artifact>
</misfortune>
</b></entry>
<entry level="1" type="bullet">

<link xlink:type="simple" xlink:href="../796/3538796.xml">
Park Lane</link></entry>
<entry level="1" type="bullet">

<b><artifact wordnetid="100021939" confidence="0.8">
<facility wordnetid="103315023" confidence="0.8">
<station wordnetid="104306080" confidence="0.8">
<link xlink:type="simple" xlink:href="../257/373257.xml">
Hyde Park Corner Station</link></station>
</facility>
</artifact>
</b></entry>
<entry level="1" type="bullet">

<link xlink:type="simple" xlink:href="../032/15607032.xml">
Grosvenor Place</link></entry>
<entry level="1" type="bullet">

Lower Grosvenor Place</entry>
<entry level="1" type="bullet">

Buckingham Palace Road</entry>
<entry level="1" type="bullet">

<b><station wordnetid="104306080" confidence="0.9508927676800064">
<link xlink:type="simple" xlink:href="../269/338269.xml">
Victoria Station</link></station>
</b> <it>Bus Station''</it></entry>
<entry level="1" type="bullet">

Wilton Road</entry>
<entry level="1" type="bullet">

Allington Street</entry>
<entry level="1" type="bullet">

Bressenden Place</entry>
<entry level="1" type="bullet">

<link xlink:type="simple" xlink:href="../654/4903654.xml">
Victoria Street</link></entry>
<entry level="1" type="bullet">

<b><structure wordnetid="104341686" confidence="0.8">
<religious_residence wordnetid="104073948" confidence="0.8">
<building wordnetid="102913152" confidence="0.8">
<artifact wordnetid="100021939" confidence="0.8">
<residence wordnetid="104079244" confidence="0.8">
<dwelling wordnetid="103259505" confidence="0.8">
<church wordnetid="103028079" confidence="0.8">
<housing wordnetid="103546340" confidence="0.8">
<monastery wordnetid="103781244" confidence="0.8">
<place_of_worship wordnetid="103953416" confidence="0.8">
<house wordnetid="103544360" confidence="0.8">
<link xlink:type="simple" xlink:href="../245/43245.xml">
Westminster Abbey</link></house>
</place_of_worship>
</monastery>
</housing>
</church>
</dwelling>
</residence>
</artifact>
</building>
</religious_residence>
</structure>
</b></entry>
<entry level="1" type="bullet">

<b><isogon wordnetid="113866515" confidence="0.8">
<location wordnetid="100027167" confidence="0.8">
<topographic_point wordnetid="108664443" confidence="0.8">
<shape wordnetid="100027807" confidence="0.8">
<plane_figure wordnetid="113863186" confidence="0.8">
<polygon wordnetid="113866144" confidence="0.8">
<junction wordnetid="103605722" confidence="0.8">
<point wordnetid="108620061" confidence="0.8">
<rectangle wordnetid="113883346" confidence="0.8">
<regular_polygon wordnetid="113867133" confidence="0.8">
<figure wordnetid="113862780" confidence="0.8">
<parallelogram wordnetid="113881175" confidence="0.8">
<square wordnetid="113878634" confidence="0.8">
<quadrilateral wordnetid="113879126" confidence="0.8">
<link xlink:type="simple" xlink:href="../590/650590.xml">
Parliament Square</link></quadrilateral>
</square>
</parallelogram>
</figure>
</regular_polygon>
</rectangle>
</point>
</junction>
</polygon>
</plane_figure>
</shape>
</topographic_point>
</location>
</isogon>
</b></entry>
<entry level="1" type="bullet">

Bridge Street</entry>
<entry level="1" type="bullet">

<b><artifact wordnetid="100021939" confidence="0.8">
<facility wordnetid="103315023" confidence="0.8">
<station wordnetid="104306080" confidence="0.8">
<link xlink:type="simple" xlink:href="../633/354633.xml">
Westminster Station</link></station>
</facility>
</artifact>
</b></entry>
<entry level="1" type="bullet">

<bridge wordnetid="102898711" confidence="0.9508927676800064">
<link xlink:type="simple" xlink:href="../373/360373.xml">
Westminster Bridge</link></bridge>
</entry>
<entry level="1" type="bullet">

<b><link xlink:type="simple" xlink:href="../008/2535008.xml">
County Hall</link></b></entry>
<entry level="1" type="bullet">

Westminster Bridge Road</entry>
<entry level="1" type="bullet">

<link xlink:type="simple" xlink:href="../131/1076131.xml">
London Road</link></entry>
<entry level="1" type="bullet">

<b><link xlink:type="simple" xlink:href="../002/354002.xml">
Elephant &amp; Castle Station</link></b></entry>
<entry level="1" type="bullet">

<link xlink:type="simple" xlink:href="../196/234196.xml">
Elephant &amp; Castle</link></entry>
<entry level="1" type="bullet">

Walworth Road</entry>
<entry level="1" type="bullet">

Camberwell Road</entry>
<entry level="1" type="bullet">

<b><region wordnetid="108630985" confidence="0.8">
<point wordnetid="108620061" confidence="0.8">
<junction wordnetid="103605722" confidence="0.8">
<park wordnetid="108615149" confidence="0.8">
<location wordnetid="100027167" confidence="0.8">
<tract wordnetid="108673395" confidence="0.8">
<topographic_point wordnetid="108664443" confidence="0.8">
<geographical_area wordnetid="108574314" confidence="0.8">
<link xlink:type="simple" xlink:href="../339/4907339.xml">
Camberwell Green</link></geographical_area>
</topographic_point>
</tract>
</location>
</park>
</junction>
</point>
</region>
</b></entry>
</list>
</p>
</ss1>
</col>
<col align="left" width="" valign="top">
<ss1>
<st>
Route departing Camberwell Green</st>
<p>

<list>
<entry level="1" type="bullet">

<b><region wordnetid="108630985" confidence="0.8">
<point wordnetid="108620061" confidence="0.8">
<junction wordnetid="103605722" confidence="0.8">
<park wordnetid="108615149" confidence="0.8">
<location wordnetid="100027167" confidence="0.8">
<tract wordnetid="108673395" confidence="0.8">
<topographic_point wordnetid="108664443" confidence="0.8">
<geographical_area wordnetid="108574314" confidence="0.8">
<link xlink:type="simple" xlink:href="../339/4907339.xml">
Camberwell Green</link></geographical_area>
</topographic_point>
</tract>
</location>
</park>
</junction>
</point>
</region>
</b></entry>
<entry level="1" type="bullet">

Camberwell Road</entry>
<entry level="1" type="bullet">

Walworth Road</entry>
<entry level="1" type="bullet">

<link xlink:type="simple" xlink:href="../196/234196.xml">
Elephant &amp; Castle</link></entry>
<entry level="1" type="bullet">

<b><link xlink:type="simple" xlink:href="../002/354002.xml">
Elephant &amp; Castle Station</link></b></entry>
<entry level="1" type="bullet">

St Georges Road</entry>
<entry level="1" type="bullet">

Westminster Bridge Road</entry>
<entry level="1" type="bullet">

<b><link xlink:type="simple" xlink:href="../008/2535008.xml">
County Hall</link></b></entry>
<entry level="1" type="bullet">

<bridge wordnetid="102898711" confidence="0.9508927676800064">
<link xlink:type="simple" xlink:href="../373/360373.xml">
Westminster Bridge</link></bridge>
</entry>
<entry level="1" type="bullet">

Bridge Street</entry>
<entry level="1" type="bullet">

<b><artifact wordnetid="100021939" confidence="0.8">
<facility wordnetid="103315023" confidence="0.8">
<station wordnetid="104306080" confidence="0.8">
<link xlink:type="simple" xlink:href="../633/354633.xml">
Westminster Station</link></station>
</facility>
</artifact>
</b></entry>
<entry level="1" type="bullet">

<isogon wordnetid="113866515" confidence="0.8">
<location wordnetid="100027167" confidence="0.8">
<topographic_point wordnetid="108664443" confidence="0.8">
<shape wordnetid="100027807" confidence="0.8">
<plane_figure wordnetid="113863186" confidence="0.8">
<polygon wordnetid="113866144" confidence="0.8">
<junction wordnetid="103605722" confidence="0.8">
<point wordnetid="108620061" confidence="0.8">
<rectangle wordnetid="113883346" confidence="0.8">
<regular_polygon wordnetid="113867133" confidence="0.8">
<figure wordnetid="113862780" confidence="0.8">
<parallelogram wordnetid="113881175" confidence="0.8">
<square wordnetid="113878634" confidence="0.8">
<quadrilateral wordnetid="113879126" confidence="0.8">
<link xlink:type="simple" xlink:href="../590/650590.xml">
Parliament Square</link></quadrilateral>
</square>
</parallelogram>
</figure>
</regular_polygon>
</rectangle>
</point>
</junction>
</polygon>
</plane_figure>
</shape>
</topographic_point>
</location>
</isogon>
</entry>
<entry level="1" type="bullet">

<b><structure wordnetid="104341686" confidence="0.8">
<religious_residence wordnetid="104073948" confidence="0.8">
<building wordnetid="102913152" confidence="0.8">
<artifact wordnetid="100021939" confidence="0.8">
<residence wordnetid="104079244" confidence="0.8">
<dwelling wordnetid="103259505" confidence="0.8">
<church wordnetid="103028079" confidence="0.8">
<housing wordnetid="103546340" confidence="0.8">
<monastery wordnetid="103781244" confidence="0.8">
<place_of_worship wordnetid="103953416" confidence="0.8">
<house wordnetid="103544360" confidence="0.8">
<link xlink:type="simple" xlink:href="../245/43245.xml">
Westminster Abbey</link></house>
</place_of_worship>
</monastery>
</housing>
</church>
</dwelling>
</residence>
</artifact>
</building>
</religious_residence>
</structure>
</b></entry>
<entry level="1" type="bullet">

<link xlink:type="simple" xlink:href="../654/4903654.xml">
Victoria Street</link></entry>
<entry level="1" type="bullet">

<b><station wordnetid="104306080" confidence="0.9508927676800064">
<link xlink:type="simple" xlink:href="../269/338269.xml">
Victoria Station</link></station>
</b></entry>
<entry level="1" type="bullet">

Grosvenor Gardens</entry>
<entry level="1" type="bullet">

<link xlink:type="simple" xlink:href="../032/15607032.xml">
Grosvenor Place</link></entry>
<entry level="1" type="bullet">

<b><artifact wordnetid="100021939" confidence="0.8">
<facility wordnetid="103315023" confidence="0.8">
<station wordnetid="104306080" confidence="0.8">
<link xlink:type="simple" xlink:href="../257/373257.xml">
Hyde Park Corner Station</link></station>
</facility>
</artifact>
</b></entry>
<entry level="1" type="bullet">

<link xlink:type="simple" xlink:href="../796/3538796.xml">
Park Lane</link></entry>
<entry level="1" type="bullet">

<b><misfortune wordnetid="114475405" confidence="0.8">
<artifact wordnetid="100021939" confidence="0.8">
<facility wordnetid="103315023" confidence="0.8">
<station wordnetid="104306080" confidence="0.8">
<condition wordnetid="113920429" confidence="0.8">
<state wordnetid="100024720" confidence="0.8">
<catastrophe wordnetid="114476290" confidence="0.8">
<adversity wordnetid="114475661" confidence="0.8">
<fortune wordnetid="114473222" confidence="0.8">
<link xlink:type="simple" xlink:href="../526/373526.xml">
Marble Arch Station</link></fortune>
</adversity>
</catastrophe>
</state>
</condition>
</station>
</facility>
</artifact>
</misfortune>
</b></entry>
<entry level="1" type="bullet">

<artifact wordnetid="100021939" confidence="0.8">
<street wordnetid="104334599" confidence="0.8">
<way wordnetid="104564698" confidence="0.8">
<thoroughfare wordnetid="104426618" confidence="0.8">
<road wordnetid="104096066" confidence="0.8">
<link xlink:type="simple" xlink:href="../625/1329625.xml">
Bayswater Road</link></road>
</thoroughfare>
</way>
</street>
</artifact>
</entry>
<entry level="1" type="bullet">

<b><artifact wordnetid="100021939" confidence="0.8">
<facility wordnetid="103315023" confidence="0.8">
<station wordnetid="104306080" confidence="0.8">
<link xlink:type="simple" xlink:href="../520/373520.xml">
Lancaster Gate Station</link></station>
</facility>
</artifact>
</b></entry>
<entry level="1" type="bullet">

<artifact wordnetid="100021939" confidence="0.8">
<street wordnetid="104334599" confidence="0.8">
<way wordnetid="104564698" confidence="0.8">
<thoroughfare wordnetid="104426618" confidence="0.8">
<road wordnetid="104096066" confidence="0.8">
<link xlink:type="simple" xlink:href="../625/1329625.xml">
Bayswater Road</link></road>
</thoroughfare>
</way>
</street>
</artifact>
 for <it><artifact wordnetid="100021939" confidence="0.8">
<facility wordnetid="103315023" confidence="0.8">
<station wordnetid="104306080" confidence="0.8">
<link xlink:type="simple" xlink:href="../530/373530.xml">
Queensway Station</link></station>
</facility>
</artifact>
''</it></entry>
<entry level="1" type="bullet">

<artifact wordnetid="100021939" confidence="0.8">
<street wordnetid="104334599" confidence="0.8">
<way wordnetid="104564698" confidence="0.8">
<thoroughfare wordnetid="104426618" confidence="0.8">
<road wordnetid="104096066" confidence="0.8">
<link xlink:type="simple" xlink:href="../325/1150325.xml">
Notting Hill Gate</link></road>
</thoroughfare>
</way>
</street>
</artifact>
</entry>
<entry level="1" type="bullet">

<b><artifact wordnetid="100021939" confidence="0.8">
<facility wordnetid="103315023" confidence="0.8">
<station wordnetid="104306080" confidence="0.8">
<link xlink:type="simple" xlink:href="../581/181581.xml">
Notting Hill Gate Station</link></station>
</facility>
</artifact>
</b></entry>
<entry level="1" type="bullet">

Holland Park Avenue</entry>
<entry level="1" type="bullet">

<b><artifact wordnetid="100021939" confidence="0.8">
<facility wordnetid="103315023" confidence="0.8">
<station wordnetid="104306080" confidence="0.8">
<link xlink:type="simple" xlink:href="../520/1185520.xml">
Holland Park Station</link></station>
</facility>
</artifact>
</b></entry>
<entry level="1" type="bullet">

<b><site wordnetid="108651247" confidence="0.9508927676800064">
<link xlink:type="simple" xlink:href="../275/234275.xml">
 Shepherd's Bush Green</link></site>
</b> <it><artifact wordnetid="100021939" confidence="0.8">
<facility wordnetid="103315023" confidence="0.8">
<station wordnetid="104306080" confidence="0.8">
<link xlink:type="simple" xlink:href="../560/1297560.xml">
Shepherd's Bush Station</link></station>
</facility>
</artifact>
Central Line''</it></entry>
</list>
</p>
</ss1>
</col>
</row>
</table>
</p>

</sec>
<sec>
<st>
Previous route 148 in London</st>
<p>

Until <link xlink:type="simple" xlink:href="../107/14563107.xml">
20 March</link> <link xlink:type="simple" xlink:href="../598/34598.xml">
1993</link>, a route 148 ran between Leytonstone and Dagenham. (replaced by <bus wordnetid="102924116" confidence="0.9508927676800064">
<link xlink:type="simple" xlink:href="../914/12406914.xml">
route 364</link></bus>
)</p>

</sec>
<sec>
<st>
Culture</st>
<p>

In 1996 the <artifact wordnetid="100021939" confidence="0.8">
<instrumentality wordnetid="103575240" confidence="0.8">
<facility wordnetid="103315023" confidence="0.8">
<station wordnetid="104306080" confidence="0.8">
<television_station wordnetid="104406350" confidence="0.8">
<channel wordnetid="103006398" confidence="0.8">
<medium wordnetid="106254669" confidence="0.8">
<broadcasting_station wordnetid="102903405" confidence="0.8">
<link xlink:type="simple" xlink:href="../939/226939.xml">
London Weekend Television</link></broadcasting_station>
</medium>
</channel>
</television_station>
</station>
</facility>
</instrumentality>
</artifact>
 show <series wordnetid="108457976" confidence="0.9508927676800064">
<link xlink:type="simple" xlink:href="../229/1430229.xml">
London's Burning</link></series>
 featured a bus on route 148 when a gang of youths hijack the bus and drove it in a bridge.</p>

</sec>
<sec>
<st>
See also</st>
<p>

<list>
<entry level="1" type="bullet">

 <link xlink:type="simple" xlink:href="../207/5179207.xml">
List of bus routes in London</link></entry>
<entry level="1" type="bullet">

 <mathematical_relation wordnetid="113783581" confidence="0.8">
<company wordnetid="108058098" confidence="0.8">
<operator wordnetid="113786413" confidence="0.8">
<institution wordnetid="108053576" confidence="0.8">
<function wordnetid="113783816" confidence="0.8">
<link xlink:type="simple" xlink:href="../147/6884147.xml">
Transdev London</link></function>
</institution>
</operator>
</company>
</mathematical_relation>
</entry>
</list>
</p>

</sec>
<sec>
<st>
External links</st>
<p>

<list>
<entry level="1" type="bullet">

 <weblink xlink:type="simple" xlink:href="http://www.tfl.gov.uk">
Transport for London</weblink></entry>
<entry level="1" type="bullet">

 <weblink xlink:type="simple" xlink:href="http://www.busesatwork.co.uk">
London Bus Routes</weblink></entry>
<entry level="1" type="bullet">

 <weblink xlink:type="simple" xlink:href="http://www.londonbusroutes.net/times/148.pdf">
Full timetable (PDF)</weblink></entry>
</list>
</p>

<p>

<table style="margin: 0 auto; border-collapse: collapse;" cellpadding="3" class="toccolours" border="1" cellspacing="0">
<row>
<header align="center" bgcolor="#efefef">
 <b><link xlink:type="simple" xlink:href="../207/5179207.xml">
List of bus routes in London</link></b></header>
</row>
<row>
<col style="font-size: 90%;" align="center">
<link xlink:type="simple" xlink:href="../207/5179207.xml#xpointer(//*[./st=%221-99%22])">
1-99</link> |
<link xlink:type="simple" xlink:href="../207/5179207.xml#xpointer(//*[./st=%22100-199%22])">
100-199</link> |
<link xlink:type="simple" xlink:href="../207/5179207.xml#xpointer(//*[./st=%22200-299%22])">
200-299</link> |
<link xlink:type="simple" xlink:href="../207/5179207.xml#xpointer(//*[./st=%22300-399%22])">
300-399</link> |
<link xlink:type="simple" xlink:href="../207/5179207.xml#xpointer(//*[./st=%22400-499%22])">
400-499</link> |
<link xlink:type="simple" xlink:href="../207/5179207.xml#xpointer(//*[./st=%22500-599%22])">
500-599</link> |
<link xlink:type="simple" xlink:href="../207/5179207.xml#xpointer(//*[./st=%22600-699%22])">
600-699</link> |
<link xlink:type="simple" xlink:href="../207/5179207.xml#xpointer(//*[./st=%22Letter+prefixed%22])">
Letter prefix</link> |
<link xlink:type="simple" xlink:href="../207/5179207.xml#xpointer(//*[./st=%22Routes+which+only+run+at+night+(N+prefixed)%22])">
Night only</link></col>
</row>
</table>
</p>


</sec>
</bdy>
</bus_route>
</bus>
</article>
