<?xml version="1.0" encoding="UTF-8"?>
<!-- generated by CLiX/Wiki2XML [MPI-Inf, MMCI@UdS] $LastChangedRevision: 92 $ on 16.04.2009 18:01:29[mciao0827] -->
<!DOCTYPE article SYSTEM "../article.dtd">
<article xmlns:xlink="http://www.w3.org/1999/xlink">
<header>
<title>WAM</title>
<id>1031564</id>
<revision>
<id>232354644</id>
<timestamp>2008-08-16T18:50:48Z</timestamp>
<contributor>
<username>Nbarth</username>
<id>570614</id>
</contributor>
</revision>
<categories>
<category>All disambiguation pages</category>
<category>Disambiguation pages</category>
</categories>
</header>
<bdy>

<b>WAM</b> may refer to:<p>

<list>
<entry level="1" type="bullet">

<link xlink:type="simple" xlink:href="../402/1912402.xml">
WAM!</link>, a cable television channel for children</entry>
<entry level="1" type="bullet">

<link>
Wakalat Anba'a al-Emarat</link> (WAM), the official news agency of the United Arab Emirates, established in 1976.</entry>
<entry level="1" type="bullet">

<person wordnetid="100007846" confidence="0.9638700866880419">
<link xlink:type="simple" xlink:href="../446/14390446.xml">
Wam Kat</link></person>
, a Dutch political activist and author who now lives in Germany</entry>
<entry level="1" type="bullet">

The Wam, an alternate name for the <natural_elevation wordnetid="109366317" confidence="0.8">
<mountain wordnetid="109359803" confidence="0.8">
<location wordnetid="100027167" confidence="0.8">
<geological_formation wordnetid="109287968" confidence="0.8">
<link xlink:type="simple" xlink:href="../137/427137.xml">
Spine of the World</link></geological_formation>
</location>
</mountain>
</natural_elevation>
, a mountain range in the fictional world of <link>
Faerûn</link>.  </entry>
<entry level="1" type="bullet">

<link xlink:type="simple" xlink:href="../318/171318.xml">
Warren Abstract Machine</link></entry>
<entry level="1" type="bullet">

<link>
Wave Analysis Model</link></entry>
<entry level="1" type="bullet">

<link>
Web Accelerated Marketing</link></entry>
<entry level="1" type="bullet">

<link xlink:type="simple" xlink:href="../936/16765936.xml">
Web Access Management</link></entry>
<entry level="1" type="bullet">

<link>
Weighted Average Maturity</link></entry>
<entry level="1" type="bullet">

<link xlink:type="simple" xlink:href="../584/602584.xml">
Wet and messy fetishism</link></entry>
<entry level="1" type="bullet">

<link>
Whole Arm Manipulator</link> (WAM), by Barrett Technology</entry>
<entry level="1" type="bullet">

<person wordnetid="100007846" confidence="0.9508927676800064">
<link xlink:type="simple" xlink:href="../163/33163.xml">
Wolfgang Amadeus Mozart</link></person>
</entry>
<entry level="1" type="bullet">

<link>
Works and Asset Management</link> (software tools)</entry>
</list>
</p>
<p>

See also: <link xlink:type="simple" xlink:href="../748/2998748.xml">
Wham (disambiguation)</link></p>

<p>

<table style="background:none">
<row>
<col style="vertical-align:middle;">
<image width="30px" src="Disambig_gray.svg">
</image>
</col>
<col style="vertical-align:middle;">
<it>This  page lists articles associated with the same title. If an <weblink xlink:type="simple" xlink:href="http://localhost:18088/wiki/index.php?title=Special:Whatlinkshere/WAM&amp;namespace=0">
internal link</weblink>led you here, you may wish to change the link to point directly to the intended article.''</it></col>
</row>
</table>

</p>

</bdy>
</article>
