<?xml version="1.0" encoding="UTF-8"?>
<!-- generated by CLiX/Wiki2XML [MPI-Inf, MMCI@UdS] $LastChangedRevision: 92 $ on 16.04.2009 18:02:10[mciao0826] -->
<!DOCTYPE article SYSTEM "../article.dtd">
<article xmlns:xlink="http://www.w3.org/1999/xlink">
<event  confidence="0.8" wordnetid="100029378">
<rule  confidence="0.8" wordnetid="105846932">
<act  confidence="0.8" wordnetid="100030358">
<psychological_feature  confidence="0.8" wordnetid="100023100">
<procedure  confidence="0.8" wordnetid="101023820">
<activity  confidence="0.8" wordnetid="100407535">
<algorithm  confidence="0.8" wordnetid="105847438">
<header>
<title>Dixon&apos;s factorization method</title>
<id>1033877</id>
<revision>
<id>239626953</id>
<timestamp>2008-09-19T19:02:05Z</timestamp>
<contributor>
<username>Cydebot</username>
<id>1215485</id>
</contributor>
</revision>
<categories>
<category>Integer factorization algorithms</category>
</categories>
</header>
<bdy>

In <link xlink:type="simple" xlink:href="../527/21527.xml">
number theory</link>, <b>Dixon's factorization method</b> (also <b>Dixon's algorithm</b>) is a general-purpose <link xlink:type="simple" xlink:href="../491/15491.xml">
integer factorization</link> <link xlink:type="simple" xlink:href="../775/775.xml">
algorithm</link>; it is the prototypical <link xlink:type="simple" xlink:href="../273/8026273.xml">
factor base</link> method, and the only factor base method for which a run-time bound not reliant on conjectures about the smoothness properties of values of a polynomial is known.<p>

The algorithm was designed by <link>
John D. Dixon</link>, a mathematician at <university wordnetid="108286163" confidence="0.9508927676800064">
<link xlink:type="simple" xlink:href="../134/209134.xml">
Carleton University</link></university>
, and was published in 1981.</p>

<sec>
<st>
Basic idea</st>
<p>

Dixon's method is based on finding a <link xlink:type="simple" xlink:href="../713/576713.xml">
congruence of squares</link> modulo the integer N which we intend to factor. Fermat's factorization algorithm finds such a congruence by selecting random or <link xlink:type="simple" xlink:href="../524/45524.xml">
pseudo-random</link> <it>x</it> values and hoping that the integer <math>x^2 \mod N</math> is the square of an integer:</p>
<p>

<indent level="1">

<math>x^2\equiv y^2\quad(\hbox{mod }N),\qquad x\not\equiv\pm y\quad(\hbox{mod }N).</math>
</indent>

For example, if N=84923, we notice (by starting at 292, the first number greater than <math>\sqrt N</math> and counting up) that <math>505^2 \mod 84923</math> is 256, the square of 16. So <math>(505-16)(505+16) = 0 \mod N</math>.  Computing the GCD of 505-16 and N using <link xlink:type="simple" xlink:href="../377/10377.xml">
Euclid's algorithm</link> gives us 163, which is a factor of N.</p>
<p>

In practice, selecting random <it>x</it> values will take an impractically long time to find a congruence of squares, since there are so few squares less than N.</p>
<p>

Dixon's method replaces the condition 'is the square of an integer' with the much weaker one 'has only small prime factors'; for example, there are 292 squares less than 84923, 662 numbers whose prime factors are only 2,3,5 or 7, and 4767 whose prime factors are all less than 30.  </p>
<p>

If we have lots of numbers <math>a_1 \ldots a_n</math> whose squares can be factorized as <math>a_i^2 \mod n = \prod_{j=1}^m b_i^{e_{ij}}</math> for a fixed set <math>b_1 \ldots b_m</math> of small primes, linear algebra modulo 2 on the matrix <math>e_{ij}</math> will give us a subset of the <math>a_i</math> whose squares combine to a product of small primes to an even power -- that is, a subset of the <math>a_i</math> whose squares combine to a square.</p>

</sec>
<sec>
<st>
Method</st>
<p>

Firstly, a set of primes less than some bound <it>B</it> is chosen. This set of primes is called the factor base. Then, using the polynomial</p>
<p>

<indent level="1">

<math>p(x)=x^2\pmod{n}</math>
</indent>

many values of <it>x</it> are tested to see if <it>p</it>(<it>x</it>) factors completely over the factor base. If it does, the pair (<it>x</it>,<it>p</it>(<it>x</it>)) is stored. Such a pair is called a relation. Then, once the number of relations collected exceeds the size of the factor base, we can enter the next stage.</p>
<p>

The <it>p</it>(<it>x</it>) values are factorized (this is easy since we are certain they factorize completely over the factor base) and the exponents of the prime factors are converted into an exponent vector mod 2. For example, if the factor base is {2, 3, 5, 7} and the <it>p</it>(<it>x</it>) value is 30870, we have:</p>
<p>

<indent level="1">

<math>30870=2^1\cdot3^2\cdot 5^1\cdot 7^3</math>
</indent>

This gives an exponent vector of:</p>
<p>

<indent level="1">

<math>\mathbf{v}_i=\begin{bmatrix}1 \\ 2 \\ 1 \\ 3\end{bmatrix}=\begin{bmatrix}1 \\ 0 \\ 1 \\ 1\end{bmatrix}\hbox{ mod 2}</math>
</indent>

If we can find some way to add these exponent vectors together (equivalent to multiplying the corresponding relations together) to produce the zero vector (mod 2), then we can get a congruence of squares. Thus we can put the exponent vectors together into a matrix, and formulate an equation:</p>
<p>

<indent level="1">

<math>c_1\mathbf{v}_1+c_2\mathbf{v}_2+\cdots+c_n\mathbf{v}_n=\mathbf{0}\hbox{ (mod 2)}</math>
</indent>

This can be converted into a matrix equation:</p>
<p>

<indent level="1">

<math>\begin{bmatrix}
v_{11} &amp; v_{12} &amp; \cdots &amp; v_{1n}\\
v_{21} &amp; v_{22} &amp; \cdots &amp; v_{2n}\\
\vdots &amp; \vdots &amp; \ddots &amp; \vdots\\
v_{n1} &amp; v_{n2} &amp; \cdots &amp; v_{nn}
\end{bmatrix}\begin{bmatrix}c_1 \\ c_2 \\ \vdots \\ c_n\end{bmatrix}=\begin{bmatrix}0\\0\\ \vdots\\0\end{bmatrix}\hbox{ (mod 2)}</math>
</indent>

This matrix equation is then solved (using, for example, <link xlink:type="simple" xlink:href="../035/13035.xml">
Gaussian elimination</link>) to find the vector <b>c</b>. Then:</p>
<p>

<indent level="1">

<math>\prod_{k}x_k^2\equiv\prod_{k}p(x_k)\pmod{n}</math>
</indent>

where the products are taken over all <it>k</it> for which <it>ck</it> = 1. At least one of the <it>ck</it> must be one. Because of the way we have solved for <b>c</b>, the right-hand side of the above congruence is a square. We then have a congruence of squares.</p>

</sec>
<sec>
<st>
Example</st>

<p>

Considering the factor base {2,3,5,7}, we will try to factor 84923.</p>
<p>

<math>513^2 \mod 84923 = 8400 = 2^4 \cdot 3 \cdot 5^2 \cdot 7</math></p>
<p>

<math>537^2 \mod 84923 = 33600 = 2^6 \cdot 3 \cdot 5^2 \cdot 7</math></p>
<p>

So <math>(513 \cdot 537)^2 \mod 84923 = 2^{10} \cdot 3^2 \cdot 5^4 \cdot 7^2 </math></p>
<p>

513 times 537 is 20712 (mod 84923).</p>
<p>

That is, <math>20712^2 \mod 84923 = (2^5 \cdot 3 \cdot 5^2 \cdot 7)^2 \mod 84923 = 16800^2 \mod 84923</math></p>
<p>

We then look at 20712-16800 = 3912 and 20712+16800 = 37512, and compute their <link>
 greatest common divisors</link> with 84923 by using <link xlink:type="simple" xlink:href="../377/10377.xml">
Euclid's algorithm</link>.  This is 163 in the case of 3912, and 521 in the case of 37512; and, indeed, 84923 = 521 * 163.</p>

</sec>
<sec>
<st>
Optimizations</st>
<p>

The <link xlink:type="simple" xlink:href="../340/582340.xml">
quadratic sieve</link> is an optimization of Dixon's method. It solves a quadratic congruence to find suitable <it>x</it> values much faster than simply by random selection.</p>
<p>

Other ways to optimize Dixon's method include using a better algorithm to solve the matrix equation, taking advantage of the sparsity of the matrix: a number of size N can't have more than <math>\log_2 N</math> factors, so each row of the matrix is almost all zeros.  In practice, the <link xlink:type="simple" xlink:href="../979/14572979.xml">
block Lanczos algorithm</link> is often used. Also, the size of the factor base must be chosen carefully: if it is too small, it will be difficult to find numbers that factorize completely over it, and if it is too large, more relations will have to be collected.  </p>
<p>

A more sophisticated analysis, using the approximation that a number has all its prime factors less than <math>N^{1/a}</math> with probability about <math>a^{-a}</math> (an approximation to the <mathematical_relation wordnetid="113783581" confidence="0.8">
<function wordnetid="113783816" confidence="0.8">
<link xlink:type="simple" xlink:href="../648/7635648.xml">
Dickman-de Bruijn function</link></function>
</mathematical_relation>
), indicates that choosing too small a factor base is much worse than too large, and that the ideal factor base size is some power of <math>\exp\left(\sqrt{\log N \log \log N}\right)</math>.</p>
<p>

The optimal complexity of Dixon's method is 
<weblink xlink:type="simple" xlink:href="http://www.cse.iitk.ac.in/users/manindra/CS681/Lecture23.pdf">
http://www.cse.iitk.ac.in/users/manindra/CS681/Lecture23.pdf</weblink>
<indent level="1">

<math>O\left(\exp\left(2 \sqrt 2 \sqrt{\log n \log \log n}\right)\right)</math>
</indent>
in <link xlink:type="simple" xlink:href="../578/44578.xml">
big-O notation</link>, or
<indent level="1">

<math>L_n [1/2, 2 \sqrt 2]</math>
</indent>
in <link xlink:type="simple" xlink:href="../119/2811119.xml">
L-notation</link>.</p>

</sec>
<sec>
<st>
References</st>

<p>

<list>
<entry level="1" type="bullet">

 J. D. Dixon, "Asymptotically fast factorization of integers," <it>Math. Comput.</it>, 36(1981), p. 255-260.</entry>
</list>
</p>

<p>

<table style=";" class="navbox" cellspacing="0">
<row>
<col style="padding:2px;">
<table style="width:100%;background:transparent;color:inherit;;" class="nowraplinks collapsible uncollapsed " cellspacing="0">
<row>
<header colspan="2" style=";" class="navbox-title">
<link xlink:type="simple" xlink:href="../527/21527.xml">
Number-theoretic</link> <link xlink:type="simple" xlink:href="../775/775.xml">
algorithm</link>s</header>
</row>
<row style="height:2px;">

</row>
<row>
<col style=";;" class="navbox-group">
<link xlink:type="simple" xlink:href="../751/183751.xml">
Primality test</link>s</col>
<col style="text-align:left;border-left:2px solid #fdfdfd;width:100%;padding:0px;;;" class="navbox-list navbox-odd">
<b><process wordnetid="105701363" confidence="0.8">
<institute wordnetid="108407330" confidence="0.8">
<inquiry wordnetid="105797597" confidence="0.8">
<thinking wordnetid="105770926" confidence="0.8">
<association wordnetid="108049401" confidence="0.8">
<problem_solving wordnetid="105796750" confidence="0.8">
<experiment wordnetid="105798043" confidence="0.8">
<trial wordnetid="105799212" confidence="0.8">
<higher_cognitive_process wordnetid="105770664" confidence="0.8">
<link xlink:type="simple" xlink:href="../847/405847.xml">
AKS</link></higher_cognitive_process>
</trial>
</experiment>
</problem_solving>
</association>
</thinking>
</inquiry>
</institute>
</process>
</b> · <b><link>
APR</link></b> · <process wordnetid="105701363" confidence="0.8">
<inquiry wordnetid="105797597" confidence="0.8">
<thinking wordnetid="105770926" confidence="0.8">
<problem_solving wordnetid="105796750" confidence="0.8">
<experiment wordnetid="105798043" confidence="0.8">
<trial wordnetid="105799212" confidence="0.8">
<higher_cognitive_process wordnetid="105770664" confidence="0.8">
<link xlink:type="simple" xlink:href="../890/3609890.xml">
Ballie-PSW</link></higher_cognitive_process>
</trial>
</experiment>
</problem_solving>
</thinking>
</inquiry>
</process>
 · <b><process wordnetid="105701363" confidence="0.8">
<curve wordnetid="113867641" confidence="0.8">
<inquiry wordnetid="105797597" confidence="0.8">
<thinking wordnetid="105770926" confidence="0.8">
<problem_solving wordnetid="105796750" confidence="0.8">
<experiment wordnetid="105798043" confidence="0.8">
<line wordnetid="113863771" confidence="0.8">
<shape wordnetid="100027807" confidence="0.8">
<trial wordnetid="105799212" confidence="0.8">
<higher_cognitive_process wordnetid="105770664" confidence="0.8">
<link xlink:type="simple" xlink:href="../015/4049015.xml">
ECPP</link></higher_cognitive_process>
</trial>
</shape>
</line>
</experiment>
</problem_solving>
</thinking>
</inquiry>
</curve>
</process>
</b> · <process wordnetid="105701363" confidence="0.8">
<inquiry wordnetid="105797597" confidence="0.8">
<thinking wordnetid="105770926" confidence="0.8">
<problem_solving wordnetid="105796750" confidence="0.8">
<experiment wordnetid="105798043" confidence="0.8">
<trial wordnetid="105799212" confidence="0.8">
<higher_cognitive_process wordnetid="105770664" confidence="0.8">
<link xlink:type="simple" xlink:href="../755/157755.xml">
Fermat</link></higher_cognitive_process>
</trial>
</experiment>
</problem_solving>
</thinking>
</inquiry>
</process>
 · <b><link>
Lucas–Lehmer</link></b> · <b><it><link>
Lucas–Lehmer (Mersenne numbers)</link></it></b> · <b><it><process wordnetid="105701363" confidence="0.8">
<inquiry wordnetid="105797597" confidence="0.8">
<thinking wordnetid="105770926" confidence="0.8">
<problem_solving wordnetid="105796750" confidence="0.8">
<experiment wordnetid="105798043" confidence="0.8">
<trial wordnetid="105799212" confidence="0.8">
<higher_cognitive_process wordnetid="105770664" confidence="0.8">
<link xlink:type="simple" xlink:href="../861/15371861.xml">
Lucas–Lehmer–Riesel</link></higher_cognitive_process>
</trial>
</experiment>
</problem_solving>
</thinking>
</inquiry>
</process>
</it></b> · <b><it><statement wordnetid="106722453" confidence="0.8">
<process wordnetid="105701363" confidence="0.8">
<message wordnetid="106598915" confidence="0.8">
<inquiry wordnetid="105797597" confidence="0.8">
<thinking wordnetid="105770926" confidence="0.8">
<theorem wordnetid="106752293" confidence="0.8">
<problem_solving wordnetid="105796750" confidence="0.8">
<experiment wordnetid="105798043" confidence="0.8">
<proposition wordnetid="106750804" confidence="0.8">
<trial wordnetid="105799212" confidence="0.8">
<higher_cognitive_process wordnetid="105770664" confidence="0.8">
<link xlink:type="simple" xlink:href="../985/3225985.xml">
Proth's theorem</link></higher_cognitive_process>
</trial>
</proposition>
</experiment>
</problem_solving>
</theorem>
</thinking>
</inquiry>
</message>
</process>
</statement>
</it></b> · <b><it><link>
Pépin's</link></it></b> · <link>
Solovay–Strassen</link> · <link>
Miller–Rabin</link> · <b><problem_solving wordnetid="105796750" confidence="0.8">
<algorithm wordnetid="105847438" confidence="0.8">
<process wordnetid="105701363" confidence="0.8">
<inquiry wordnetid="105797597" confidence="0.8">
<thinking wordnetid="105770926" confidence="0.8">
<event wordnetid="100029378" confidence="0.8">
<experiment wordnetid="105798043" confidence="0.8">
<rule wordnetid="105846932" confidence="0.8">
<act wordnetid="100030358" confidence="0.8">
<trial wordnetid="105799212" confidence="0.8">
<psychological_feature wordnetid="100023100" confidence="0.8">
<activity wordnetid="100407535" confidence="0.8">
<procedure wordnetid="101023820" confidence="0.8">
<higher_cognitive_process wordnetid="105770664" confidence="0.8">
<link xlink:type="simple" xlink:href="../660/557660.xml">
Trial division</link></higher_cognitive_process>
</procedure>
</activity>
</psychological_feature>
</trial>
</act>
</rule>
</experiment>
</event>
</thinking>
</inquiry>
</process>
</algorithm>
</problem_solving>
</b></col>
</row>
<row style="height:2px">

</row>
<row>
<col style=";;" class="navbox-group">
Sieving algorithms</col>
<col style="text-align:left;border-left:2px solid #fdfdfd;width:100%;padding:0px;;;" class="navbox-list navbox-even">
<process wordnetid="105701363" confidence="0.8">
<inquiry wordnetid="105797597" confidence="0.8">
<thinking wordnetid="105770926" confidence="0.8">
<problem_solving wordnetid="105796750" confidence="0.8">
<experiment wordnetid="105798043" confidence="0.8">
<trial wordnetid="105799212" confidence="0.8">
<higher_cognitive_process wordnetid="105770664" confidence="0.8">
<link xlink:type="simple" xlink:href="../920/2150920.xml">
Sieve of Atkin</link></higher_cognitive_process>
</trial>
</experiment>
</problem_solving>
</thinking>
</inquiry>
</process>
 · <process wordnetid="105701363" confidence="0.8">
<inquiry wordnetid="105797597" confidence="0.8">
<thinking wordnetid="105770926" confidence="0.8">
<problem_solving wordnetid="105796750" confidence="0.8">
<experiment wordnetid="105798043" confidence="0.8">
<trial wordnetid="105799212" confidence="0.8">
<higher_cognitive_process wordnetid="105770664" confidence="0.8">
<link xlink:type="simple" xlink:href="../415/73415.xml">
Sieve of Eratosthenes</link></higher_cognitive_process>
</trial>
</experiment>
</problem_solving>
</thinking>
</inquiry>
</process>
 · <process wordnetid="105701363" confidence="0.8">
<inquiry wordnetid="105797597" confidence="0.8">
<thinking wordnetid="105770926" confidence="0.8">
<problem_solving wordnetid="105796750" confidence="0.8">
<experiment wordnetid="105798043" confidence="0.8">
<trial wordnetid="105799212" confidence="0.8">
<higher_cognitive_process wordnetid="105770664" confidence="0.8">
<link xlink:type="simple" xlink:href="../330/14517330.xml">
Sieve of Sundaram</link></higher_cognitive_process>
</trial>
</experiment>
</problem_solving>
</thinking>
</inquiry>
</process>
 · <process wordnetid="105701363" confidence="0.8">
<inquiry wordnetid="105797597" confidence="0.8">
<thinking wordnetid="105770926" confidence="0.8">
<problem_solving wordnetid="105796750" confidence="0.8">
<experiment wordnetid="105798043" confidence="0.8">
<trial wordnetid="105799212" confidence="0.8">
<higher_cognitive_process wordnetid="105770664" confidence="0.8">
<link xlink:type="simple" xlink:href="../216/4621216.xml">
Wheel factorization</link></higher_cognitive_process>
</trial>
</experiment>
</problem_solving>
</thinking>
</inquiry>
</process>
</col>
</row>
<row style="height:2px">

</row>
<row>
<col style=";;" class="navbox-group">
<statement wordnetid="106722453" confidence="0.8">
<message wordnetid="106598915" confidence="0.8">
<premise wordnetid="106753800" confidence="0.8">
<postulate wordnetid="106753299" confidence="0.8">
<proposition wordnetid="106750804" confidence="0.8">
<link xlink:type="simple" xlink:href="../491/15491.xml">
Integer factorization</link></proposition>
</postulate>
</premise>
</message>
</statement>
algorithms</col>
<col style="text-align:left;border-left:2px solid #fdfdfd;width:100%;padding:0px;;;" class="navbox-list navbox-odd">
<link xlink:type="simple" xlink:href="../392/1335392.xml">
CFRAC</link> · <event wordnetid="100029378" confidence="0.8">
<rule wordnetid="105846932" confidence="0.8">
<act wordnetid="100030358" confidence="0.8">
<psychological_feature wordnetid="100023100" confidence="0.8">
<procedure wordnetid="101023820" confidence="0.8">
<activity wordnetid="100407535" confidence="0.8">
<algorithm wordnetid="105847438" confidence="0.8">
<link xlink:type="simple" xlink:href="../877/1033877.xml">
Dixon's</link></algorithm>
</activity>
</procedure>
</psychological_feature>
</act>
</rule>
</event>
 · <region wordnetid="108630985" confidence="0.8">
<field wordnetid="108569998" confidence="0.8">
<location wordnetid="100027167" confidence="0.8">
<tract wordnetid="108673395" confidence="0.8">
<event wordnetid="100029378" confidence="0.8">
<rule wordnetid="105846932" confidence="0.8">
<geographical_area wordnetid="108574314" confidence="0.8">
<act wordnetid="100030358" confidence="0.8">
<psychological_feature wordnetid="100023100" confidence="0.8">
<procedure wordnetid="101023820" confidence="0.8">
<activity wordnetid="100407535" confidence="0.8">
<algorithm wordnetid="105847438" confidence="0.8">
<link xlink:type="simple" xlink:href="../212/154212.xml">
ECM</link></algorithm>
</activity>
</procedure>
</psychological_feature>
</act>
</geographical_area>
</rule>
</event>
</tract>
</location>
</field>
</region>
 · <it><event wordnetid="100029378" confidence="0.8">
<rule wordnetid="105846932" confidence="0.8">
<act wordnetid="100030358" confidence="0.8">
<psychological_feature wordnetid="100023100" confidence="0.8">
<procedure wordnetid="101023820" confidence="0.8">
<activity wordnetid="100407535" confidence="0.8">
<algorithm wordnetid="105847438" confidence="0.8">
<link xlink:type="simple" xlink:href="../069/15822069.xml">
Euler's</link></algorithm>
</activity>
</procedure>
</psychological_feature>
</act>
</rule>
</event>
</it> · <it><event wordnetid="100029378" confidence="0.8">
<rule wordnetid="105846932" confidence="0.8">
<act wordnetid="100030358" confidence="0.8">
<psychological_feature wordnetid="100023100" confidence="0.8">
<procedure wordnetid="101023820" confidence="0.8">
<activity wordnetid="100407535" confidence="0.8">
<algorithm wordnetid="105847438" confidence="0.8">
<link xlink:type="simple" xlink:href="../668/580668.xml">
Pollard's rho</link></algorithm>
</activity>
</procedure>
</psychological_feature>
</act>
</rule>
</event>
</it> · <it><event wordnetid="100029378" confidence="0.8">
<rule wordnetid="105846932" confidence="0.8">
<act wordnetid="100030358" confidence="0.8">
<psychological_feature wordnetid="100023100" confidence="0.8">
<procedure wordnetid="101023820" confidence="0.8">
<activity wordnetid="100407535" confidence="0.8">
<algorithm wordnetid="105847438" confidence="0.8">
<link xlink:type="simple" xlink:href="../753/578753.xml">
P − 1</link></algorithm>
</activity>
</procedure>
</psychological_feature>
</act>
</rule>
</event>
</it> · <it><event wordnetid="100029378" confidence="0.8">
<rule wordnetid="105846932" confidence="0.8">
<act wordnetid="100030358" confidence="0.8">
<psychological_feature wordnetid="100023100" confidence="0.8">
<procedure wordnetid="101023820" confidence="0.8">
<activity wordnetid="100407535" confidence="0.8">
<algorithm wordnetid="105847438" confidence="0.8">
<link xlink:type="simple" xlink:href="../573/1916573.xml">
P + 1</link></algorithm>
</activity>
</procedure>
</psychological_feature>
</act>
</rule>
</event>
</it> · <link xlink:type="simple" xlink:href="../340/582340.xml">
QS</link> · <link xlink:type="simple" xlink:href="../734/152734.xml">
GNFS</link> · <it><link xlink:type="simple" xlink:href="../132/589132.xml">
SNFS</link></it> · <link xlink:type="simple" xlink:href="../510/2608510.xml">
rational sieve</link> · <event wordnetid="100029378" confidence="0.8">
<rule wordnetid="105846932" confidence="0.8">
<act wordnetid="100030358" confidence="0.8">
<psychological_feature wordnetid="100023100" confidence="0.8">
<procedure wordnetid="101023820" confidence="0.8">
<activity wordnetid="100407535" confidence="0.8">
<algorithm wordnetid="105847438" confidence="0.8">
<link xlink:type="simple" xlink:href="../433/2132433.xml">
Fermat's</link></algorithm>
</activity>
</procedure>
</psychological_feature>
</act>
</rule>
</event>
 · <event wordnetid="100029378" confidence="0.8">
<rule wordnetid="105846932" confidence="0.8">
<act wordnetid="100030358" confidence="0.8">
<psychological_feature wordnetid="100023100" confidence="0.8">
<procedure wordnetid="101023820" confidence="0.8">
<activity wordnetid="100407535" confidence="0.8">
<algorithm wordnetid="105847438" confidence="0.8">
<link xlink:type="simple" xlink:href="../328/3387328.xml">
Shanks' square forms</link></algorithm>
</activity>
</procedure>
</psychological_feature>
</act>
</rule>
</event>
 · <problem_solving wordnetid="105796750" confidence="0.8">
<algorithm wordnetid="105847438" confidence="0.8">
<process wordnetid="105701363" confidence="0.8">
<inquiry wordnetid="105797597" confidence="0.8">
<thinking wordnetid="105770926" confidence="0.8">
<event wordnetid="100029378" confidence="0.8">
<experiment wordnetid="105798043" confidence="0.8">
<rule wordnetid="105846932" confidence="0.8">
<act wordnetid="100030358" confidence="0.8">
<trial wordnetid="105799212" confidence="0.8">
<psychological_feature wordnetid="100023100" confidence="0.8">
<activity wordnetid="100407535" confidence="0.8">
<procedure wordnetid="101023820" confidence="0.8">
<higher_cognitive_process wordnetid="105770664" confidence="0.8">
<link xlink:type="simple" xlink:href="../660/557660.xml">
Trial division</link></higher_cognitive_process>
</procedure>
</activity>
</psychological_feature>
</trial>
</act>
</rule>
</experiment>
</event>
</thinking>
</inquiry>
</process>
</algorithm>
</problem_solving>
 · <event wordnetid="100029378" confidence="0.8">
<rule wordnetid="105846932" confidence="0.8">
<act wordnetid="100030358" confidence="0.8">
<psychological_feature wordnetid="100023100" confidence="0.8">
<procedure wordnetid="101023820" confidence="0.8">
<activity wordnetid="100407535" confidence="0.8">
<algorithm wordnetid="105847438" confidence="0.8">
<link xlink:type="simple" xlink:href="../674/42674.xml">
Shor's algorithm</link></algorithm>
</activity>
</procedure>
</psychological_feature>
</act>
</rule>
</event>
</col>
</row>
<row style="height:2px">

</row>
<row>
<col style=";;" class="navbox-group">
Other algorithms</col>
<col style="text-align:left;border-left:2px solid #fdfdfd;width:100%;padding:0px;;;" class="navbox-list navbox-even">
<event wordnetid="100029378" confidence="0.8">
<rule wordnetid="105846932" confidence="0.8">
<act wordnetid="100030358" confidence="0.8">
<psychological_feature wordnetid="100023100" confidence="0.8">
<procedure wordnetid="101023820" confidence="0.8">
<activity wordnetid="100407535" confidence="0.8">
<algorithm wordnetid="105847438" confidence="0.8">
<link xlink:type="simple" xlink:href="../814/3975814.xml">
Ancient Egyptian multiplication</link></algorithm>
</activity>
</procedure>
</psychological_feature>
</act>
</rule>
</event>
 · <event wordnetid="100029378" confidence="0.8">
<rule wordnetid="105846932" confidence="0.8">
<act wordnetid="100030358" confidence="0.8">
<psychological_feature wordnetid="100023100" confidence="0.8">
<procedure wordnetid="101023820" confidence="0.8">
<activity wordnetid="100407535" confidence="0.8">
<algorithm wordnetid="105847438" confidence="0.8">
<link xlink:type="simple" xlink:href="../197/4039197.xml">
Aryabhata</link></algorithm>
</activity>
</procedure>
</psychological_feature>
</act>
</rule>
</event>
 · <link xlink:type="simple" xlink:href="../410/985410.xml">
Binary GCD</link> · <link xlink:type="simple" xlink:href="../658/4050658.xml">
Chakravala</link> · <event wordnetid="100029378" confidence="0.8">
<rule wordnetid="105846932" confidence="0.8">
<act wordnetid="100030358" confidence="0.8">
<psychological_feature wordnetid="100023100" confidence="0.8">
<procedure wordnetid="101023820" confidence="0.8">
<activity wordnetid="100407535" confidence="0.8">
<algorithm wordnetid="105847438" confidence="0.8">
<link xlink:type="simple" xlink:href="../377/10377.xml">
Euclidean</link></algorithm>
</activity>
</procedure>
</psychological_feature>
</act>
</rule>
</event>
 · <event wordnetid="100029378" confidence="0.8">
<rule wordnetid="105846932" confidence="0.8">
<act wordnetid="100030358" confidence="0.8">
<psychological_feature wordnetid="100023100" confidence="0.8">
<procedure wordnetid="101023820" confidence="0.8">
<activity wordnetid="100407535" confidence="0.8">
<algorithm wordnetid="105847438" confidence="0.8">
<link xlink:type="simple" xlink:href="../438/99438.xml">
Extended Euclidean</link></algorithm>
</activity>
</procedure>
</psychological_feature>
</act>
</rule>
</event>
 · <link xlink:type="simple" xlink:href="../054/13644054.xml">
integer relation algorithm</link> · <link xlink:type="simple" xlink:href="../655/981655.xml">
integer square root</link> · <event wordnetid="100029378" confidence="0.8">
<rule wordnetid="105846932" confidence="0.8">
<act wordnetid="100030358" confidence="0.8">
<psychological_feature wordnetid="100023100" confidence="0.8">
<procedure wordnetid="101023820" confidence="0.8">
<activity wordnetid="100407535" confidence="0.8">
<algorithm wordnetid="105847438" confidence="0.8">
<link xlink:type="simple" xlink:href="../032/903032.xml">
Modular exponentiation</link></algorithm>
</activity>
</procedure>
</psychological_feature>
</act>
</rule>
</event>
 · <event wordnetid="100029378" confidence="0.8">
<rule wordnetid="105846932" confidence="0.8">
<act wordnetid="100030358" confidence="0.8">
<psychological_feature wordnetid="100023100" confidence="0.8">
<procedure wordnetid="101023820" confidence="0.8">
<activity wordnetid="100407535" confidence="0.8">
<algorithm wordnetid="105847438" confidence="0.8">
<link xlink:type="simple" xlink:href="../375/3667375.xml">
Shanks-Tonelli</link></algorithm>
</activity>
</procedure>
</psychological_feature>
</act>
</rule>
</event>
</col>
</row>
<row style="height:2px;">

</row>
<row>
<col colspan="2" style=";" class="navbox-abovebelow">
<it>Italics</it> indicate that algorithm is for numbers of special forms; <b>bold</b> indicates <link xlink:type="simple" xlink:href="../951/665951.xml">
deterministic algorithm</link>for primality tests.</col>
</row>
</table>
</col>
</row>
</table>
</p>



</sec>
</bdy>
</algorithm>
</activity>
</procedure>
</psychological_feature>
</act>
</rule>
</event>
</article>
