<?xml version="1.0" encoding="UTF-8"?>
<!-- generated by CLiX/Wiki2XML [MPI-Inf, MMCI@UdS] $LastChangedRevision: 92 $ on 16.04.2009 18:02:12[mciao0826] -->
<!DOCTYPE article SYSTEM "../article.dtd">
<article xmlns:xlink="http://www.w3.org/1999/xlink">
<header>
<title>Vegas</title>
<id>1034327</id>
<revision>
<id>242601919</id>
<timestamp>2008-10-02T22:16:52Z</timestamp>
<contributor>
<username>Arakunem</username>
<id>5154376</id>
</contributor>
</revision>
<categories>
<category>All disambiguation pages</category>
<category>Disambiguation pages</category>
</categories>
</header>
<bdy>

<b>Vegas</b> (Spanish for "fertile valleys") may refer to:
<sec>
<st>
Places</st>
<p>

<list>
<entry level="1" type="bullet">

 <village wordnetid="108672738" confidence="0.9508927676800064">
<link xlink:type="simple" xlink:href="../737/47737.xml">
Las Vegas, Nevada</link></village>
, a city in the United States</entry>
<entry level="2" type="bullet">

 The <link xlink:type="simple" xlink:href="../172/665172.xml">
Las Vegas metropolitan area</link></entry>
</list>
</p>
<p>

<list>
<entry level="1" type="bullet">

<village wordnetid="108672738" confidence="0.9508927676800064">
<link xlink:type="simple" xlink:href="../983/125983.xml">
Las Vegas, New Mexico</link></village>
, a town in the United States</entry>
</list>
</p>

</sec>
<sec>
<st>
People</st>
<p>

<list>
<entry level="1" type="bullet">

 <comedian wordnetid="109940146" confidence="0.9508927676800064">
<person wordnetid="100007846" confidence="0.9508927676800064">
<link xlink:type="simple" xlink:href="../767/536767.xml">
Johnny Vegas</link></person>
</comedian>
 - British Actor/comedian.</entry>
</list>
</p>

</sec>
<sec>
<st>
Entertainment</st>
<p>

<list>
<entry level="1" type="bullet">

 <it><series wordnetid="108457976" confidence="0.9508927676800064">
<link xlink:type="simple" xlink:href="../708/1189708.xml">
Vega$</link></series>
</it>, an American TV series (1978–1981)</entry>
<entry level="1" type="bullet">

 <album wordnetid="106591815" confidence="0.9508927676800064">
<link xlink:type="simple" xlink:href="../101/911101.xml">
<it>Vegas</it> (The Crystal Method album)</link></album>
</entry>
<entry level="1" type="bullet">

 <music wordnetid="107020895" confidence="0.8">
<song wordnetid="107048000" confidence="0.8">
<artifact wordnetid="100021939" confidence="0.8">
<instrumentality wordnetid="103575240" confidence="0.8">
<auditory_communication wordnetid="107109019" confidence="0.8">
<medium wordnetid="106254669" confidence="0.8">
<musical_composition wordnetid="107037465" confidence="0.8">
<link xlink:type="simple" xlink:href="../398/10525398.xml">
"Vegas" (song)</link></musical_composition>
</medium>
</auditory_communication>
</instrumentality>
</artifact>
</song>
</music>
, a song by "Sleeper"</entry>
<entry level="1" type="bullet">

 <music wordnetid="107020895" confidence="0.8">
<song wordnetid="107048000" confidence="0.8">
<auditory_communication wordnetid="107109019" confidence="0.8">
<musical_composition wordnetid="107037465" confidence="0.8">
<link xlink:type="simple" xlink:href="../704/11073704.xml">
"Vegas" (Calvin Harris song)</link></musical_composition>
</auditory_communication>
</song>
</music>
</entry>
<entry level="1" type="bullet">

 <event wordnetid="100029378" confidence="0.8">
<social_event wordnetid="107288639" confidence="0.8">
<contest wordnetid="107456188" confidence="0.8">
<game wordnetid="100456199" confidence="0.8">
<psychological_feature wordnetid="100023100" confidence="0.8">
<link xlink:type="simple" xlink:href="../067/936067.xml">
Vegas (pinball machine)</link></psychological_feature>
</game>
</contest>
</social_event>
</event>
</entry>
<entry level="1" type="bullet">

 <link xlink:type="simple" xlink:href="../796/3070796.xml">
Vegas (comics)</link>, a fictional character in the Marvel Comic universe</entry>
<entry level="1" type="bullet">

 Vegas, a musical collaboration of <musician wordnetid="110340312" confidence="0.9173553029164789">
<artist wordnetid="109812338" confidence="0.9508927676800064">
<link xlink:type="simple" xlink:href="../690/301690.xml">
Terry Hall</link></artist>
</musician>
 and <physical_entity wordnetid="100001930" confidence="0.8">
<songwriter wordnetid="110624540" confidence="0.8">
<person wordnetid="100007846" confidence="0.8">
<singer wordnetid="110599806" confidence="0.8">
<creator wordnetid="109614315" confidence="0.8">
<composer wordnetid="109947232" confidence="0.8">
<guitarist wordnetid="110151760" confidence="0.8">
<performer wordnetid="110415638" confidence="0.8">
<causal_agent wordnetid="100007347" confidence="0.8">
<musician wordnetid="110339966" confidence="0.8">
<musician wordnetid="110340312" confidence="0.8">
<artist wordnetid="109812338" confidence="0.8">
<entertainer wordnetid="109616922" confidence="0.8">
<link xlink:type="simple" xlink:href="../603/876603.xml">
David A. Stewart</link></entertainer>
</artist>
</musician>
</musician>
</causal_agent>
</performer>
</guitarist>
</composer>
</creator>
</singer>
</person>
</songwriter>
</physical_entity>
</entry>
<entry level="1" type="bullet">

<it><movie wordnetid="106613686" confidence="0.9508927676800064">
<link xlink:type="simple" xlink:href="../064/985064.xml">
Viva Las Vegas</link></movie>
</it>, a 1964 movie starring <person wordnetid="100007846" confidence="0.9508927676800064">
<singer wordnetid="110599806" confidence="0.9173553029164789">
<actor wordnetid="109765278" confidence="0.9173553029164789">
<artist wordnetid="109812338" confidence="0.9508927676800064">
<link xlink:type="simple" xlink:href="../288/9288.xml">
Elvis Presley</link></artist>
</actor>
</singer>
</person>
 and <person wordnetid="100007846" confidence="0.9508927676800064">
<singer wordnetid="110599806" confidence="0.9173553029164789">
<actor wordnetid="109765278" confidence="0.9508927676800064">
<link xlink:type="simple" xlink:href="../502/225502.xml">
Ann-Margret</link></actor>
</singer>
</person>
</entry>
<entry level="1" type="bullet">

<it><series wordnetid="108457976" confidence="0.9508927676800064">
<link xlink:type="simple" xlink:href="../146/322146.xml">
Las Vegas</link></series>
</it>, an American TV series (2003-08)</entry>
</list>
</p>

</sec>
<sec>
<st>
Software</st>
<p>

<list>
<entry level="1" type="bullet">

 <know-how wordnetid="105616786" confidence="0.8">
<method wordnetid="105660268" confidence="0.8">
<link xlink:type="simple" xlink:href="../188/345188.xml">
VEGAS algorithm</link></method>
</know-how>
, a computational method for Monte Carlo simulations</entry>
<entry level="1" type="bullet">

 <software wordnetid="106566077" confidence="0.9508927676800064">
<link xlink:type="simple" xlink:href="../254/1409254.xml">
Sony Vegas</link></software>
, real-time video and audio editing software</entry>
</list>
</p>

</sec>
<sec>
<st>
Other</st>
<p>

<list>
<entry level="1" type="bullet">

 <it>''</it></entry>
<entry level="2" type="bullet">

 <it>''</it></entry>
<entry level="1" type="bullet">

<it>''</it></entry>
</list>
</p>

</sec>
<sec>
<st>
 See also </st>
<p>

<list>
<entry level="1" type="bullet">

 <link xlink:type="simple" xlink:href="../186/37186.xml">
Vagus nerve</link></entry>
<entry level="1" type="bullet">

 <link xlink:type="simple" xlink:href="../641/75641.xml">
Las Vegas</link></entry>
<entry level="1" type="bullet">

 <link xlink:type="simple" xlink:href="../211/7526211.xml">
La Vega (disambiguation)</link></entry>
<entry level="1" type="bullet">

 <link xlink:type="simple" xlink:href="../674/1272674.xml">
De la Vega (disambiguation)</link></entry>
</list>
</p>

<p>

<table style="background:none">
<row>
<col style="vertical-align:middle;">
<image width="30px" src="Disambig_gray.svg">
</image>
</col>
<col style="vertical-align:middle;">
<it>This  page lists articles associated with the same title. If an <weblink xlink:type="simple" xlink:href="http://localhost:18088/wiki/index.php?title=Special:Whatlinkshere/Vegas&amp;namespace=0">
internal link</weblink>led you here, you may wish to change the link to point directly to the intended article.''</it></col>
</row>
</table>


</p>
</sec>
</bdy>
</article>
