<?xml version="1.0" encoding="UTF-8"?>
<!-- generated by CLiX/Wiki2XML [MPI-Inf, MMCI@UdS] $LastChangedRevision: 92 $ on 16.04.2009 15:59:05[mciao0827] -->
<!DOCTYPE article SYSTEM "../article.dtd">
<article xmlns:xlink="http://www.w3.org/1999/xlink">
<header>
<title>Dietary supplement</title>
<id>104444</id>
<revision>
<id>243515115</id>
<timestamp>2008-10-06T21:11:10Z</timestamp>
<contributor>
<username>Hordaland</username>
<id>4755260</id>
</contributor>
</revision>
<categories>
<category>Dietary supplements</category>
</categories>
</header>
<bdy>

"Food supplement" redirects here. For food additions that alter the flavor, color or longevity of food, see <link xlink:type="simple" xlink:href="../815/11815.xml">
food additive</link>.
For other uses, see <link xlink:type="simple" xlink:href="../985/2383985.xml">
Bodybuilding supplement</link>.
A <b>dietary supplement</b>, also known as <b>food supplement</b> or <b>nutritional supplement</b>, is a preparation intended to supply <link xlink:type="simple" xlink:href="../575/66575.xml">
nutrient</link>s, such as <link xlink:type="simple" xlink:href="../512/32512.xml">
vitamin</link>s, <link xlink:type="simple" xlink:href="../195/235195.xml">
mineral</link>s, <link xlink:type="simple" xlink:href="../975/10975.xml">
fatty acid</link>s or <link xlink:type="simple" xlink:href="../207/1207.xml">
amino acid</link>s, that are missing or are not consumed in sufficient quantity in a person's <link xlink:type="simple" xlink:href="../924/639924.xml">
diet</link>. Some countries define dietary supplements as foods, while in others they are defined as drugs. <p>

Supplements containing <link xlink:type="simple" xlink:href="../512/32512.xml">
vitamin</link>s or <link xlink:type="simple" xlink:href="../195/235195.xml">
dietary minerals</link> are recognised by the <link xlink:type="simple" xlink:href="../939/1151939.xml">
Codex Alimentarius Commission</link>, the <link xlink:type="simple" xlink:href="../769/31769.xml">
United Nations</link>' highest authority on food standards, as a category of <link xlink:type="simple" xlink:href="../646/10646.xml">
food</link>.<ref xlink:type="simple" xlink:href="#xpointer(//reflist/entry[@id=%221%22])">1</ref></p>

<sec>
<st>
Regulation</st>

<ss1>
<st>
United States</st>
<p>

In the <body wordnetid="107965085" confidence="0.8">
<social_group wordnetid="107950920" confidence="0.8">
<political_orientation wordnetid="106212839" confidence="0.8">
<colony wordnetid="108374049" confidence="0.8">
<state wordnetid="108168978" confidence="0.8">
<political_unit wordnetid="108359949" confidence="0.8">
<group wordnetid="100031264" confidence="0.8">
<democracy wordnetid="106217103" confidence="0.8">
<link xlink:type="simple" xlink:href="../750/3434750.xml">
United States</link></democracy>
</group>
</political_unit>
</state>
</colony>
</political_orientation>
</social_group>
</body>
, a <b>dietary supplement</b> is defined under the <b>Dietary Supplement Health and Education Act of 1994</b><ref xlink:type="simple" xlink:href="#xpointer(//reflist/entry[@id=%222%22])">2</ref> (DSHEA) as a product that is intended to supplement the <link xlink:type="simple" xlink:href="../924/639924.xml">
diet</link> and contains any of the following dietary ingredients:
<list>
<entry level="1" type="bullet">

a <link xlink:type="simple" xlink:href="../512/32512.xml">
vitamin</link></entry>
<entry level="1" type="bullet">

a <link xlink:type="simple" xlink:href="../195/235195.xml">
mineral</link></entry>
<entry level="1" type="bullet">

an <link xlink:type="simple" xlink:href="../296/13296.xml">
herb</link> or other <link xlink:type="simple" xlink:href="../183/4183.xml">
botanical</link> (excluding tobacco)</entry>
<entry level="1" type="bullet">

an <link xlink:type="simple" xlink:href="../207/1207.xml">
amino acid</link></entry>
<entry level="1" type="bullet">

a dietary substance for use by people to supplement the diet by increasing the total dietary intake, or</entry>
<entry level="1" type="bullet">

a concentrate, metabolite, constituent, extract, or combination of any of the above</entry>
</list>
</p>
<p>

Furthermore, it must also conform to the following criteria:
<list>
<entry level="1" type="bullet">

intended for ingestion in pill, capsule, tablet, powder or liquid form </entry>
<entry level="1" type="bullet">

not represented for use as a conventional food or as the sole item of a meal or diet </entry>
<entry level="1" type="bullet">

labeled as a "dietary supplement"</entry>
</list>
</p>
<p>

The hormones <link xlink:type="simple" xlink:href="../807/8807.xml">
DHEA</link> (a <link xlink:type="simple" xlink:href="../922/141922.xml">
steroid</link>), <link xlink:type="simple" xlink:href="../714/2182714.xml">
pregnenolone</link> (also a steroid) and the <link xlink:type="simple" xlink:href="../152/285152.xml">
pineal</link> hormone <link xlink:type="simple" xlink:href="../157/285157.xml">
melatonin</link> are marketed as dietary supplements in the US.<ref xlink:type="simple" xlink:href="#xpointer(//reflist/entry[@id=%223%22])">3</ref><ref xlink:type="simple" xlink:href="#xpointer(//reflist/entry[@id=%224%22])">4</ref></p>

<ss2>
<st>
 Regulation </st>
<p>

Pursuant to the DSHEA, the <link xlink:type="simple" xlink:href="../632/11632.xml">
Food and Drug Administration</link> (FDA) regulates dietary supplements as foods, and not as <link xlink:type="simple" xlink:href="../121/180121.xml">
drug</link>s. While pharmaceutical companies are required to prove the safety or effectiveness of their products, until recently supplement manufacturers were not, and the FDA could take action only after a dietary supplement had been proven harmful.<ref xlink:type="simple" xlink:href="#xpointer(//reflist/entry[@id=%225%22])">5</ref>  However, new FDA rules will, by June 2010, ensure that all production of dietary supplements must comply with <it>current <link xlink:type="simple" xlink:href="../085/614085.xml">
good manufacturing practice</link>s</it>, and be manufactured with "controls that result in a consistent product free of contamination, with accurate labeling."<ref xlink:type="simple" xlink:href="#xpointer(//reflist/entry[@id=%226%22])">6</ref>  In addition, the industry is now required to report to the FDA "all serious dietary supplement related adverse events."</p>
<p>

The DSHEA, passed in 1994, was the subject of <link xlink:type="simple" xlink:href="../934/48934.xml">
lobbying</link> efforts by the manufacturers of dietary supplements.<ref xlink:type="simple" xlink:href="#xpointer(//reflist/entry[@id=%227%22])">7</ref><ref xlink:type="simple" xlink:href="#xpointer(//reflist/entry[@id=%228%22])">8</ref> At the time of its passage DSHEA received strong support from consumer grassroots organizations, and Members of Congress. In recognition of this, President <president wordnetid="110468559" confidence="0.9508927676800064">
<person wordnetid="100007846" confidence="0.9508927676800064">
<lawyer wordnetid="110249950" confidence="0.9173553029164789">
<link xlink:type="simple" xlink:href="../356/3356.xml">
Bill Clinton</link></lawyer>
</person>
</president>
, on signing DSHEA into law, stated that "After several years of intense efforts, manufacturers, experts in nutrition, and legislators, acting in a conscientious alliance with consumers at the grassroots level, have moved successfully to bring common sense to the treatment of dietary supplements under regulation and law." He also noted that the passage of DSHEA "speaks to the diligence with which an unofficial army of nutritionally conscious people worked democratically to change the laws in an area deeply important to them" and that "In an era of greater consciousness among people about the impact of what they eat on how they live, indeed, how long they live, it is appropriate that we have finally reformed the way Government treats consumers and these supplements in a way that encourages good health."<ref xlink:type="simple" xlink:href="#xpointer(//reflist/entry[@id=%229%22])">9</ref></p>
<p>

Popular support may have been based on a misunderstanding of the situation after the deregulation of the supplement industry. A large survey by the <company wordnetid="108058098" confidence="0.8">
<group wordnetid="100031264" confidence="0.8">
<institution wordnetid="108053576" confidence="0.8">
<link xlink:type="simple" xlink:href="../072/402072.xml">
AARP</link></institution>
</group>
</company>
, for example, found that 77% of respondents (including both users and non-users of supplements) believed that the federal government should review the safety of dietary supplements and approve them before they can be marketed to consumers.<ref xlink:type="simple" xlink:href="#xpointer(//reflist/entry[@id=%2210%22])">10</ref>
In an October 2002 nationwide Harris poll, 59% of respondents believed that supplements had to be approved by a government agency before they could be marketed; 68% believed that supplements had to list potential side effects on their labels; and 55% believed that supplement labels could not make claims of safety without scientific evidence. All of these beliefs were incorrect as a result of provisions of the DSHEA.<ref xlink:type="simple" xlink:href="#xpointer(//reflist/entry[@id=%2211%22])">11</ref></p>
<p>

A 2001 study, published in <it><work wordnetid="104599396" confidence="0.8">
<product wordnetid="104007894" confidence="0.8">
<creation wordnetid="103129123" confidence="0.8">
<artifact wordnetid="100021939" confidence="0.8">
<periodical wordnetid="106593296" confidence="0.8">
<publication wordnetid="106589574" confidence="0.8">
<link xlink:type="simple" xlink:href="../457/3433457.xml">
Archives of Internal Medicine</link></publication>
</periodical>
</artifact>
</creation>
</product>
</work>
</it>, found broad public support for greater governmental regulation of dietary supplements than was currently permitted by DSHEA. The researchers found that a majority of Americans supported pre-marketing approval by the FDA, increased oversight of harmful supplements, and greater scrutiny of the truthfulness of supplement label claims.<ref xlink:type="simple" xlink:href="#xpointer(//reflist/entry[@id=%2212%22])">12</ref></p>

</ss2>
<ss2>
<st>
 Permissible claims </st>

<p>

The claims that a dietary supplement makes are essential to its classification. If a dietary supplement claims to cure, mitigate, or treat a disease, it would be considered to be an unauthorized new drug and in violation of the applicable regulations and statutes. As the FDA states it in a response to this question in a <work wordnetid="104599396" confidence="0.8">
<product wordnetid="104007894" confidence="0.8">
<encyclopedia wordnetid="106427387" confidence="0.8">
<creation wordnetid="103129123" confidence="0.8">
<artifact wordnetid="100021939" confidence="0.8">
<book wordnetid="106410904" confidence="0.8">
<reference_book wordnetid="106417598" confidence="0.8">
<publication wordnetid="106589574" confidence="0.8">
<link xlink:type="simple" xlink:href="../916/10916.xml">
FAQ</link></publication>
</reference_book>
</book>
</artifact>
</creation>
</encyclopedia>
</product>
</work>
:</p>

<p>

<b>Is it legal to market a dietary supplement product as a treatment or cure for a specific disease or condition?</b></p>
<p>

<it>No, a product sold as a dietary supplement and promoted on its label or in labeling* as a treatment, prevention or cure for a specific disease or condition would be considered an unapproved--and thus illegal--drug. To maintain the product's status as a dietary supplement, the label and labeling must be consistent with the provisions in the Dietary Supplement Health and Education Act (DSHEA) of 1994.</it></p>
<p>

<list>
<entry level="1" type="bullet">

Labeling refers to the label as well as accompanying material that is used by a manufacturer to promote and market a specific product. </entry>
</list>
</p>

<p>

Dietary supplements are permitted to make structure/function claims. These are broad claims that the product can support the structure or function of the body (e.g., "glucosamine helps support healthy joints", "the hormone melatonin helps establish normal sleep patterns"). The FDA must be notified of these claims within 30 days of their first use, and there is a requirement that these claims be substantiated.</p>
<p>

Other claims that required approval from FDA include health claims and qualified health claims. Health claims are permitted to be made if they meet the requirements for the claims found in the applicable regulations. Qualified health claims can be made through a petition process, including scientific information, if FDA has not approved a prior petition.</p>

</ss2>
</ss1>
<ss1>
<st>
European Union</st>
<p>

The <b>Food Supplements Directive</b><ref xlink:type="simple" xlink:href="#xpointer(//reflist/entry[@id=%2213%22])">13</ref> requires that supplements be demonstrated to be safe, both in quantity and quality. Some vitamins are essential in small quantities but dangerous in large quantities, <link xlink:type="simple" xlink:href="../264/2941264.xml">
notably Vitamin A</link>. Consequently, only those supplements that have been proven to be safe may be sold without prescription. In practice, however, there appears to be little risk to supplement users of experiencing adverse side effects due to excessive intakes of micronutrients.<ref xlink:type="simple" xlink:href="#xpointer(//reflist/entry[@id=%2214%22])">14</ref></p>
<p>

In Europe, it is also an established view that food supplements should not be labeled with drug claims but can bear <link xlink:type="simple" xlink:href="../229/265229.xml">
health claim</link>s, although to a degree that differs from one member state to the other. </p>

<ss2>
<st>
Legal challenge</st>

<p>

The dietary supplements industry in the UK, one of the 27 countries in the <economy wordnetid="108366753" confidence="0.9508927676800064">
<link xlink:type="simple" xlink:href="../317/9317.xml">
European Union</link></economy>
, strongly opposed the Directive. In addition, a large number of consumers throughout Europe, including over one million in the UK, and many doctors and scientists, have signed petitions against what are viewed by the petitioners as unjustified restrictions of consumer choice.<ref xlink:type="simple" xlink:href="#xpointer(//reflist/entry[@id=%2215%22])">15</ref> In 2004, along with two British trade associations, the <group wordnetid="100031264" confidence="0.8">
<link xlink:type="simple" xlink:href="../501/11049501.xml">
Alliance for Natural Health</link></group>
 had a legal challenge to the European Union's Food Supplements Directive<ref xlink:type="simple" xlink:href="#xpointer(//reflist/entry[@id=%2216%22])">16</ref> referred to the <supreme_court wordnetid="108336188" confidence="0.9508927676800064">
<link xlink:type="simple" xlink:href="../187/87187.xml">
European Court of Justice</link></supreme_court>
 by the High Court in London.<ref xlink:type="simple" xlink:href="#xpointer(//reflist/entry[@id=%2217%22])">17</ref> Although the European Court of Justice's Advocate General subsequently said that the EU's plan to tighten rules on the sale of <link xlink:type="simple" xlink:href="../512/32512.xml">
vitamins</link> and <link xlink:type="simple" xlink:href="../760/1130760.xml">
food supplements</link> should be scrapped,<ref xlink:type="simple" xlink:href="#xpointer(//reflist/entry[@id=%2218%22])">18</ref> he was eventually overruled by the European Court, which decided that the measures in question were necessary and appropriate for the purpose of protecting <link xlink:type="simple" xlink:href="../734/463734.xml">
public health</link>. ANH, however, interpreted the ban as applying only to synthetically produced supplements - and not to vitamins and minerals normally found in or consumed as part of the diet.<ref xlink:type="simple" xlink:href="#xpointer(//reflist/entry[@id=%2219%22])">19</ref> Nevertheless, the European judges did acknowledge the Advocate General's concerns, stating that there must be clear procedures to allow substances to be added to the permitted list based on scientific evidence. They also said that any refusal to add a product to the list must be open to challenge in the courts.<ref xlink:type="simple" xlink:href="#xpointer(//reflist/entry[@id=%2220%22])">20</ref></p>

</ss2>
</ss1>
<ss1>
<st>
Russia</st>
<p>

Russian legislation, Ministry of Health's order number 117 dated as of <link xlink:type="simple" xlink:href="../010/1010.xml">
15 April</link> <link xlink:type="simple" xlink:href="../601/34601.xml">
1997</link>, under the title "Concerning the procedure for the examination and health certification of Biologically Active Dietary Supplements", provides the usage of the following terminology:</p>
<p>

<indent level="1">

 As a rule, BADSs are foodstuffs with clinically proven effectiveness. BADSs are recommended not only for prophylactics, but can be included into a complex therapy for the prevention of pharmaceutical therapy's side effects and for the achievement of complete remission.
</indent>

The development of BADSs and their applications has been very fast moving. They were originally considered as dietary supplements for people who had heightened requirements for some normal dietary components (for example, sportsmen). Later, they were employed as preventive medicines against chronic diseases.</p>

</ss1>
</sec>
<sec>
<st>
See also</st>
<p>

<list>
<entry level="1" type="bullet">

 <link xlink:type="simple" xlink:href="../480/1757480.xml">
Cosmeceutical</link></entry>
<entry level="1" type="bullet">

 <link xlink:type="simple" xlink:href="../854/529854.xml">
Essential nutrient</link></entry>
<entry level="1" type="bullet">

 <group wordnetid="100031264" confidence="0.8">
<link xlink:type="simple" xlink:href="../724/6386724.xml">
Health freedom movement</link></group>
</entry>
<entry level="1" type="bullet">

 <work wordnetid="100575741" confidence="0.8">
<treatment wordnetid="100658082" confidence="0.8">
<event wordnetid="100029378" confidence="0.8">
<care wordnetid="100654885" confidence="0.8">
<medical_care wordnetid="100657604" confidence="0.8">
<act wordnetid="100030358" confidence="0.8">
<therapy wordnetid="100661091" confidence="0.8">
<psychological_feature wordnetid="100023100" confidence="0.8">
<activity wordnetid="100407535" confidence="0.8">
<link xlink:type="simple" xlink:href="../973/439973.xml">
Herbalism</link></activity>
</psychological_feature>
</therapy>
</act>
</medical_care>
</care>
</event>
</treatment>
</work>
</entry>
<entry level="1" type="bullet">

 <link xlink:type="simple" xlink:href="../719/3261719.xml">
Megavitamin therapy</link></entry>
<entry level="1" type="bullet">

 <link xlink:type="simple" xlink:href="../759/622759.xml">
Multivitamin</link> </entry>
<entry level="1" type="bullet">

 <link xlink:type="simple" xlink:href="../821/19273821.xml">
Nutrition Labeling and Education Act</link></entry>
<entry level="1" type="bullet">

 <link xlink:type="simple" xlink:href="../196/1843196.xml">
Nutritional genomics</link></entry>
<entry level="1" type="bullet">

 <pseudoscience wordnetid="105778954" confidence="0.9508927676800064">
<link xlink:type="simple" xlink:href="../995/327995.xml">
Orthomolecular medicine</link></pseudoscience>
</entry>
<entry level="1" type="bullet">

 <system wordnetid="104377057" confidence="0.8">
<artifact wordnetid="100021939" confidence="0.8">
<instrumentality wordnetid="103575240" confidence="0.8">
<link xlink:type="simple" xlink:href="../819/68819.xml">
Naturopathic medicine</link></instrumentality>
</artifact>
</system>
</entry>
<entry level="1" type="bullet">

 <link xlink:type="simple" xlink:href="../760/1130760.xml">
Food supplements</link></entry>
<entry level="1" type="bullet">

 <link xlink:type="simple" xlink:href="../815/11815.xml">
Food additive</link></entry>
<entry level="1" type="bullet">

 <link xlink:type="simple" xlink:href="../367/4597367.xml">
Food fortification</link></entry>
<entry level="1" type="bullet">

 <link xlink:type="simple" xlink:href="../960/602960.xml">
Food processing</link></entry>
<entry level="1" type="bullet">

 <link xlink:type="simple" xlink:href="../381/1221381.xml">
Nutraceutical</link></entry>
<entry level="1" type="bullet">

 <link xlink:type="simple" xlink:href="../665/13386665.xml">
Nutrification</link> (aka food enrichment or fortification)</entry>
</list>
</p>

</sec>
<sec>
<st>
Notes</st>

<p>

<reflist>
<entry id="1">
<weblink xlink:type="simple" xlink:href="http://www.codexalimentarius.net/download/standards/10206/cxg_055e.pdf">
Codex Guidelines for Vitamin and Mineral Food Supplements</weblink> Accessed 27 December 2007</entry>
<entry id="2">
<weblink xlink:type="simple" xlink:href="http://www.fda.gov/opacom/laws/dshea.html">
US Dietary Supplement Health and Education Act of 1994</weblink></entry>
<entry id="3">
"<weblink xlink:type="simple" xlink:href="http://www.news-medical.net/?id=7657">
Over-the-counter DHEA hormonal therapy may be an effective treatment for depression</weblink>".&#32;  News-Medical.net&#32;(7 February 2005).&#32;Retrieved on <link>
2008-06-25</link>.&nbsp;"DHEA (dehydroepiandrosterone), an adrenal androgen and neurosteroid is available as a supplement in the U.S."</entry>
<entry id="4">
"<weblink xlink:type="simple" xlink:href="http://www.medicinenet.com/sleep_aids_and_stimulants/page3.htm">
Sleep Aids And Stimulants</weblink>".&#32;  MedicineNet.com.&#32;Retrieved on <link>
2008-06-25</link>.&nbsp;"Melatonin is the only hormone available OTC for insomnia....  Melatonin is sold as a dietary supplement and is, therefore, not regulated by the FDA."</entry>
<entry id="5">
 <cite style="font-style:normal">Goldman P&#32;(2001).&#32;"Herbal medicines today and the roots of modern pharmacology". <it>Ann. Intern. Med.</it>&#32;<b>135</b>&#32;(8 Pt 1): 594–600. PMID 11601931.</cite>&nbsp;</entry>
<entry id="6">
U.S. Food and Drug Administration&#32;(2007-06-22).&#32;"<weblink xlink:type="simple" xlink:href="http://www.fda.gov/bbs/topics/NEWS/2007/NEW01657.html">
FDA Issues Dietary Supplements Final Rule</weblink>". <link xlink:type="simple" xlink:href="../097/304097.xml">
Press release</link>. &#32;Retrieved on <link>
2008-09-10</link>.</entry>
<entry id="7">
<weblink xlink:type="simple" xlink:href="http://www.consumerreports.org/mg/free-highlights/manage-your-health/supplements_questions.htm?AFFID=HNARSIC5">
Nutritional Supplements: Your Questions Answered</weblink>. From <it><magazine wordnetid="106595351" confidence="0.9508927676800064">
<link xlink:type="simple" xlink:href="../317/286317.xml">
Consumer Reports</link></magazine>
</it> magazine, published 14 June 2006. Accessed 2 February 2007.</entry>
<entry id="8">
<weblink xlink:type="simple" xlink:href="http://www.time.com/time/printout/0,8816,589533,00.html">
"Beyond Ephedra", by Leon Jaroff</weblink>. Published in <it><magazine wordnetid="106595351" confidence="0.9508927676800064">
<link xlink:type="simple" xlink:href="../600/31600.xml">
Time</link></magazine>
</it> magazine 10 February 2004. Accessed 2 February 2007.</entry>
<entry id="9">
<weblink xlink:type="simple" xlink:href="http://www.presidency.ucsb.edu/ws/index.php?pid=49370">
The American Presidency Project, University of California, Santa Barbara. William J. Clinton: Statement on Signing the Dietary Supplement Health and Education Act of 1994; October 25th, 1994</weblink>. From the website of The American Presidency Project, University of California, Santa Barbara. Accessed 9 February 2007.</entry>
<entry id="10">
<weblink xlink:type="simple" xlink:href="http://assets.aarp.org/rgcenter/consume/dd66_diet.pdf">
Dietary Supplements and Older Consumers</weblink> From the AARP website. Published December 2001. Accessed 2 February 2007.</entry>
<entry id="11">
<weblink xlink:type="simple" xlink:href="http://www.consumerreports.org/cro/health-fitness/drugs-supplements/dangerous-supplements-504/overview/index.htm">
"Dangerous Supplements: Still at Large</weblink>, from <it><magazine wordnetid="106595351" confidence="0.9508927676800064">
<link xlink:type="simple" xlink:href="../317/286317.xml">
Consumer Reports</link></magazine>
</it> magazine. Published May 2004, accessed 7 February 2007.</entry>
<entry id="12">
 <cite style="font-style:normal">Blendon RJ, DesRoches CM, Benson JM, Brodie M, Altman DE&#32;(2001).&#32;"Americans' views on the use and regulation of dietary supplements". <it>Arch. Intern. Med.</it>&#32;<b>161</b>&#32;(6): 805–10. <document wordnetid="106470073" confidence="0.8">
<written_communication wordnetid="106349220" confidence="0.8">
<writing wordnetid="106362953" confidence="0.8">
<link xlink:type="simple" xlink:href="../994/422994.xml">
doi</link></writing>
</written_communication>
</document>
:<weblink xlink:type="simple" xlink:href="http://dx.doi.org/10.1001%2Farchinte.161.6.805">
10.1001/archinte.161.6.805</weblink>. PMID 11268222.</cite>&nbsp;</entry>
<entry id="13">
<weblink xlink:type="simple" xlink:href="http://eur-lex.europa.eu/LexUriServ/LexUriServ.do?uri=CELEX:32002L0046:EN:HTML">
Directive 2002/46/EC of the European Parliament and of the Council of 10 June 2002 on the approximation of the laws of the Member States relating to food supplements</weblink></entry>
<entry id="14">
<weblink xlink:type="simple" xlink:href="http://www.ingentaconnect.com/content/cabi/phn/2001/00000004/I05A0s5a/art00010;jsessionid=38fr07phpkgjq.alice?">
The efficacy and safety of nutritional supplement use in a representative sample of adults in the North/South Ireland Food Consumption Survey</weblink> Public Health Nutrition, Volume 4, Special Issue 5a, October 2001, pp. 1089-1097(9). Published October 2001. Accessed 14 December 2007.</entry>
<entry id="15">
<weblink xlink:type="simple" xlink:href="http://www.timesonline.co.uk/article/0,,13509-1690686,00.html">
"Controversial EU vitamins ban to go ahead" (the Times, July 12 2005)</weblink></entry>
<entry id="17">
<weblink xlink:type="simple" xlink:href="http://news.bbc.co.uk/1/hi/health/3445503.stm">
'Court victory for vitamin firms' BBC News</weblink> Published 30 January 2004. Accessed 29 April 2007.</entry>
<entry id="16">
<weblink xlink:type="simple" xlink:href="http://europa.eu.int/eur-lex/pri/en/oj/dat/2002/l_183/l_18320020712en00510057.pdf">
EU Food Supplements Directive</weblink></entry>
<entry id="19">
<weblink xlink:type="simple" xlink:href="http://news.bbc.co.uk/1/hi/health/4670971.stm">
'Vitamin controls backed by Europe' BBC News.</weblink> Published 12 July 2005. Accessed 29 April 2007.</entry>
<entry id="18">
<weblink xlink:type="simple" xlink:href="http://news.bbc.co.uk/1/hi/health/4411929.stm">
'EU health foods crackdown 'wrong<it> BBC News.</it></weblink> Published 5 April 2005. Accessed 29 April 2007.</entry>
<entry id="20">
<weblink xlink:type="simple" xlink:href="http://www.guardian.co.uk/uk_news/story/0,,1526892,00.html">
'EU court backs health supplements ban' The Guardian</weblink> Published 12 July 2005. Accessed 6 October 2007.</entry>
</reflist>
</p>

</sec>
<sec>
<st>
 External links </st>

<p>

<list>
<entry level="1" type="bullet">

<weblink xlink:type="simple" xlink:href="http://ods.od.nih.gov/Health_Information/IBIDS.aspx">
International Bibliographic Information on Dietary Supplements database</weblink> from the U.S. <institute wordnetid="108407330" confidence="0.8">
<association wordnetid="108049401" confidence="0.8">
<link xlink:type="simple" xlink:href="../174/46174.xml">
National Institutes of Health</link></association>
</institute>
 Office of Dietary Supplements and <link xlink:type="simple" xlink:href="../896/70896.xml">
USDA</link> <link xlink:type="simple" xlink:href="../741/1263741.xml">
National Agricultural Library</link></entry>
<entry level="1" type="bullet">

 <weblink xlink:type="simple" xlink:href="http://www.cfsan.fda.gov/~dms/supplmnt.html">
Dietary Supplement Information</weblink> from the U.S. Food and Drug Administration</entry>
<entry level="1" type="bullet">

 <weblink xlink:type="simple" xlink:href="http://nccam.nih.gov/health/bottle/">
What's in the Bottle? An Introduction to Dietary Supplements</weblink>, from the <link xlink:type="simple" xlink:href="../043/391043.xml">
U.S. National Center for Complementary and Alternative Medicine</link></entry>
<entry level="1" type="bullet">

 <weblink xlink:type="simple" xlink:href="http://nccam.nih.gov/health/supplement-safety/">
Safety information on herbal supplements</weblink>, from the U.S. <institute wordnetid="108407330" confidence="0.8">
<association wordnetid="108049401" confidence="0.8">
<link xlink:type="simple" xlink:href="../174/46174.xml">
National Institutes of Health</link></association>
</institute>
</entry>
<entry level="1" type="bullet">

 <weblink xlink:type="simple" xlink:href="http://www.iom.edu/?id=4829&amp;redirect=0">
Use of Complementary and Alternative Medicine (CAM) by the American Public</weblink>: A report of the <institution wordnetid="108053576" confidence="0.8">
<academy wordnetid="108279298" confidence="0.8">
<link xlink:type="simple" xlink:href="../259/431259.xml">
Institute of Medicine</link></academy>
</institution>
</entry>
<entry level="1" type="bullet">

 <weblink xlink:type="simple" xlink:href="http://content.nejm.org/cgi/content/full/347/25/2073">
Botanical Medicines: The Need for New Regulations</weblink>, from the <it><periodical wordnetid="106593296" confidence="0.9508927676800064">
<link xlink:type="simple" xlink:href="../492/486492.xml">
New England Journal of Medicine</link></periodical>
''</it></entry>
</list>
</p>

<p>

<table style=";" class="navbox" cellspacing="0">
<row>
<col style="padding:2px;">
<table style="width:100%;background:transparent;color:inherit;;" class="nowraplinks collapsible autocollapse " cellspacing="0">
<row>
<header colspan="2" style=";" class="navbox-title">
<link xlink:type="simple" xlink:href="../444/104444.xml">
Dietary supplements</link></header>
</row>
<row style="height:2px;">

</row>
<row>
<col style=";;" class="navbox-group">
Types</col>
<col style="text-align:left;border-left:2px solid #fdfdfd;width:100%;padding:0px;;;" class="navbox-list navbox-odd">
<link xlink:type="simple" xlink:href="../213/102213.xml">
Amino acids</link> &amp;bull; <link xlink:type="simple" xlink:href="../985/2383985.xml">
Bodybuilding supplement</link> &amp;bull; <link xlink:type="simple" xlink:href="../453/367453.xml">
Energy drink</link> &amp;bull; <link xlink:type="simple" xlink:href="../955/491955.xml">
Energy bar</link> &amp;bull; <link xlink:type="simple" xlink:href="../948/105948.xml">
Fatty acids</link> &amp;bull; <work wordnetid="100575741" confidence="0.8">
<treatment wordnetid="100658082" confidence="0.8">
<event wordnetid="100029378" confidence="0.8">
<care wordnetid="100654885" confidence="0.8">
<medical_care wordnetid="100657604" confidence="0.8">
<act wordnetid="100030358" confidence="0.8">
<therapy wordnetid="100661091" confidence="0.8">
<psychological_feature wordnetid="100023100" confidence="0.8">
<activity wordnetid="100407535" confidence="0.8">
<link xlink:type="simple" xlink:href="../973/439973.xml">
Herbal Supplements</link></activity>
</psychological_feature>
</therapy>
</act>
</medical_care>
</care>
</event>
</treatment>
</work>
 &amp;bull; <link xlink:type="simple" xlink:href="../195/235195.xml">
Minerals</link> &amp;bull; <link xlink:type="simple" xlink:href="../531/1365531.xml">
Prebiotic</link>s &amp;bull; <link xlink:type="simple" xlink:href="../740/731740.xml">
Probiotic</link>s (<link xlink:type="simple" xlink:href="../371/189371.xml">
Lactobacillus</link>,  <link xlink:type="simple" xlink:href="../330/3170330.xml">
Bifidobacterium</link>)&amp;bull;  <link xlink:type="simple" xlink:href="../512/32512.xml">
Vitamin</link>s &amp;bull; <link xlink:type="simple" xlink:href="../444/104444.xml">
Whole food supplements</link>, <link xlink:type="simple" xlink:href="../397/253397.xml">
effervescent</link></col>
</row>
<row style="height:2px">

</row>
<row>
<col style=";;" class="navbox-group">
<link xlink:type="simple" xlink:href="../512/32512.xml">
Vitamin</link>s and <link xlink:type="simple" xlink:href="../195/235195.xml">
minerals</link></col>
<col style="text-align:left;border-left:2px solid #fdfdfd;width:100%;padding:0px;;;" class="navbox-list navbox-even">
<link xlink:type="simple" xlink:href="../114/54114.xml">
Retinol (Vitamin A)</link> &amp;bull; <link xlink:type="simple" xlink:href="../926/457926.xml">
B vitamins</link>: <link xlink:type="simple" xlink:href="../500/30500.xml">
Thiamine (B1)</link> &amp;bull; <link xlink:type="simple" xlink:href="../229/26229.xml">
Riboflavin (B2)</link>&amp;bull;  <link xlink:type="simple" xlink:href="../996/37996.xml">
Niacin (B3)</link>&amp;bull; <link xlink:type="simple" xlink:href="../099/54099.xml">
Pantothenic acid (B5)</link>&amp;bull;  <link xlink:type="simple" xlink:href="../110/54110.xml">
Pyridoxine (B6)</link>&amp;bull;  <link xlink:type="simple" xlink:href="../118/54118.xml">
Biotin (B7)</link>&amp;bull; <link xlink:type="simple" xlink:href="../117/54117.xml">
Folic acid (B9)</link> &amp;bull; <link xlink:type="simple" xlink:href="../634/14538634.xml">
Cyanocobalamin (B12)</link> &amp;bull; <link xlink:type="simple" xlink:href="../509/32509.xml">
Ascorbic acid (Vitamin C)</link> &amp;bull; <link xlink:type="simple" xlink:href="../106/54106.xml">
Ergocalciferol and Cholecalciferol (Vitamin D)</link> &amp;bull; <link xlink:type="simple" xlink:href="../104/54104.xml">
Tocopherol (Vitamin E)</link> &amp;bull; <link xlink:type="simple" xlink:href="../541/32541.xml">
Naphthoquinone (Vitamin K)</link> &amp;bull; <link xlink:type="simple" xlink:href="../668/5668.xml">
Calcium</link> &amp;bull; <link xlink:type="simple" xlink:href="../799/158799.xml">
Choline</link> &amp;bull; <link xlink:type="simple" xlink:href="../667/5667.xml">
Chlorine</link> &amp;bull; <link xlink:type="simple" xlink:href="../669/5669.xml">
Chromium</link> &amp;bull; <link xlink:type="simple" xlink:href="../ium/6th_millennium.xml">
Cobalt</link> &amp;bull;  <link xlink:type="simple" xlink:href="../293/125293.xml">
Copper</link> &amp;bull; <link xlink:type="simple" xlink:href="../271/17481271.xml">
Fluorine</link> &amp;bull; <link xlink:type="simple" xlink:href="../750/14750.xml">
Iodine</link> &amp;bull;  <link xlink:type="simple" xlink:href="../734/14734.xml">
Iron</link> &amp;bull; <link xlink:type="simple" xlink:href="../909/18909.xml">
Magnesium</link> &amp;bull; <link xlink:type="simple" xlink:href="../051/19051.xml">
Manganese</link> &amp;bull; <link xlink:type="simple" xlink:href="../052/19052.xml">
Molybdenum</link> &amp;bull;  <link xlink:type="simple" xlink:href="../318/23318.xml">
Phosphorus</link> &amp;bull; <link xlink:type="simple" xlink:href="../055/23055.xml">
Potassium</link> &amp;bull; <link xlink:type="simple" xlink:href="../117/27117.xml">
Selenium</link> &amp;bull; <link xlink:type="simple" xlink:href="../826/26826.xml">
Sodium</link> &amp;bull; <link xlink:type="simple" xlink:href="../127/27127.xml">
Sulfur</link> &amp;bull; <link xlink:type="simple" xlink:href="../420/34420.xml">
Zinc</link></col>
</row>
<row style="height:2px">

</row>
<row>
<col style=";;" class="navbox-group">
Other common ingredients</col>
<col style="text-align:left;border-left:2px solid #fdfdfd;width:100%;padding:0px;;;" class="navbox-list navbox-odd">
<link xlink:type="simple" xlink:href="../056/271056.xml">
Carnitine</link> &amp;bull; <link xlink:type="simple" xlink:href="../825/504825.xml">
Chondroitin sulfate</link> &amp;bull; <link xlink:type="simple" xlink:href="../514/212514.xml">
Cod liver oil</link> &amp;bull; <link xlink:type="simple" xlink:href="../697/3115697.xml">
Copper gluconate</link> &amp;bull; <link xlink:type="simple" xlink:href="../221/331221.xml">
Creatine</link>/<link xlink:type="simple" xlink:href="../511/9430511.xml">
Creatine supplements</link> &amp;bull; <link xlink:type="simple" xlink:href="../554/66554.xml">
Dietary fiber</link> &amp;bull; <link xlink:type="simple" xlink:href="../264/5119264.xml">
Elemental calcium</link> &amp;bull; <link xlink:type="simple" xlink:href="../878/245878.xml">
Ephedra</link> &amp;bull; <link xlink:type="simple" xlink:href="../306/999306.xml">
Fish oil</link> &amp;bull; <link xlink:type="simple" xlink:href="../117/54117.xml">
Folic acid</link> &amp;bull; <link xlink:type="simple" xlink:href="../023/450023.xml">
Ginseng</link> &amp;bull; <link xlink:type="simple" xlink:href="../915/792915.xml">
Glucosamine</link> &amp;bull; <link xlink:type="simple" xlink:href="../549/63549.xml">
Glutamine</link> &amp;bull; <link xlink:type="simple" xlink:href="../621/4840621.xml">
Iron supplements</link> &amp;bull; <plant wordnetid="103956922" confidence="0.8">
<structure wordnetid="104341686" confidence="0.8">
<artifact wordnetid="100021939" confidence="0.8">
<building_complex wordnetid="102914991" confidence="0.8">
<link xlink:type="simple" xlink:href="../430/488430.xml">
Japanese Honeysuckle</link></building_complex>
</artifact>
</structure>
</plant>
 &amp;bull; <link xlink:type="simple" xlink:href="../265/866265.xml">
Krill oil</link> &amp;bull;  <link xlink:type="simple" xlink:href="../628/625628.xml">
Lingzhi</link> &amp;bull; <link xlink:type="simple" xlink:href="../711/295711.xml">
Linseed oil</link> &amp;bull; <link xlink:type="simple" xlink:href="../157/285157.xml">
Melatonin</link> &amp;bull; <message wordnetid="106598915" confidence="0.8">
<information wordnetid="106634376" confidence="0.8">
<electronic_database wordnetid="106588511" confidence="0.8">
<lexical_database wordnetid="106638868" confidence="0.8">
<wordnet wordnetid="106639428" confidence="0.8">
<database wordnetid="106637824" confidence="0.8">
<link xlink:type="simple" xlink:href="../188/4050188.xml">
Red yeast rice</link></database>
</wordnet>
</lexical_database>
</electronic_database>
</information>
</message>
 &amp;bull; <link xlink:type="simple" xlink:href="../151/418151.xml">
Royal jelly</link> &amp;bull; <plant wordnetid="103956922" confidence="0.8">
<structure wordnetid="104341686" confidence="0.8">
<artifact wordnetid="100021939" confidence="0.8">
<building_complex wordnetid="102914991" confidence="0.8">
<link xlink:type="simple" xlink:href="../069/10896069.xml">
Saw palmetto</link></building_complex>
</artifact>
</structure>
</plant>
 &amp;bull; <link xlink:type="simple" xlink:href="../626/460626.xml">
Spirulina</link> &amp;bull; <link xlink:type="simple" xlink:href="../162/61162.xml">
Taurine</link> &amp;bull; <link xlink:type="simple" xlink:href="../531/1639531.xml">
Wheatgrass</link> &amp;bull; <link xlink:type="simple" xlink:href="../329/1147329.xml">
Wolfberry</link> &amp;bull; <plant wordnetid="103956922" confidence="0.8">
<structure wordnetid="104341686" confidence="0.8">
<artifact wordnetid="100021939" confidence="0.8">
<building_complex wordnetid="102914991" confidence="0.8">
<link xlink:type="simple" xlink:href="../845/780845.xml">
Yohimbine</link></building_complex>
</artifact>
</structure>
</plant>
 &amp;bull; <link xlink:type="simple" xlink:href="../878/3263878.xml">
Zinc gluconate</link></col>
</row>
<row style="height:2px">

</row>
<row>
<col style=";;" class="navbox-group">
Related articles</col>
<col style="text-align:left;border-left:2px solid #fdfdfd;width:100%;padding:0px;;;" class="navbox-list navbox-even">
<link xlink:type="simple" xlink:href="../939/1151939.xml">
Codex Alimentarius</link> &amp;bull; <link xlink:type="simple" xlink:href="../032/784032.xml">
Enzyte</link> &amp;bull; <gossip wordnetid="107223170" confidence="0.8">
<scandal wordnetid="107223811" confidence="0.8">
<event wordnetid="100029378" confidence="0.8">
<informing wordnetid="107212190" confidence="0.8">
<company wordnetid="108058098" confidence="0.8">
<report wordnetid="107217924" confidence="0.8">
<act wordnetid="100030358" confidence="0.8">
<psychological_feature wordnetid="100023100" confidence="0.8">
<speech_act wordnetid="107160883" confidence="0.8">
<institution wordnetid="108053576" confidence="0.8">
<link xlink:type="simple" xlink:href="../320/10601320.xml">
Metabolife</link></institution>
</speech_act>
</psychological_feature>
</act>
</report>
</company>
</informing>
</event>
</scandal>
</gossip>
 &amp;bull; <link xlink:type="simple" xlink:href="../671/3079671.xml">
Hadacol</link> &amp;bull; <link xlink:type="simple" xlink:href="../381/1221381.xml">
Nutraceutical</link> &amp;bull; <link xlink:type="simple" xlink:href="../759/622759.xml">
Multivitamin</link> &amp;bull; <link xlink:type="simple" xlink:href="../525/21525.xml">
Nutrition</link></col>
</row>
</table>
</col>
</row>
</table>
</p>



</sec>
</bdy>
</article>
