<?xml version="1.0" encoding="UTF-8"?>
<!-- generated by CLiX/Wiki2XML [MPI-Inf, MMCI@UdS] $LastChangedRevision: 92 $ on 16.04.2009 18:03:16[mciao0826] -->
<!DOCTYPE article SYSTEM "../article.dtd">
<article xmlns:xlink="http://www.w3.org/1999/xlink">
<header>
<title>Nonlinear regression</title>
<id>1045012</id>
<revision>
<id>244056964</id>
<timestamp>2008-10-09T03:18:25Z</timestamp>
<contributor>
<username>TomyDuby</username>
<id>2575906</id>
</contributor>
</revision>
<categories>
<category>Regression analysis</category>
<category>Statistics articles linked to the portal</category>
<category>Statistics articles with navigational template</category>
</categories>
</header>
<bdy>

<image width="300 px" src="Michaelis-Menten_saturation_curve_of_an_enzyme_reaction.svg" type="thumb">
<caption>

 See <statement wordnetid="106722453" confidence="0.8">
<message wordnetid="106598915" confidence="0.8">
<equation wordnetid="106669864" confidence="0.8">
<mathematical_statement wordnetid="106732169" confidence="0.8">
<link xlink:type="simple" xlink:href="../272/253272.xml">
Michaelis-Menten kinetics</link></mathematical_statement>
</equation>
</message>
</statement>
 for details 
</caption>
</image>

In statistics, <b>nonlinear regression</b> is a form of <link xlink:type="simple" xlink:href="../997/826997.xml">
regression analysis</link> in which observational data are modeled by a function which is a nonlinear combination of the model parameters and depends on one or more independent variables. The data are fitted by a method of successive approximations. 
<sec>
<st>
 General </st>
<p>

The data consist of <it>m</it> values taken from observations (dependent or <link xlink:type="simple" xlink:href="../701/437701.xml">
response variable</link>), <it>y</it>. The dependent variable is subject to error. This error is assumed to be <link xlink:type="simple" xlink:href="../685/25685.xml">
random variable</link>, with a <link xlink:type="simple" xlink:href="../192/19192.xml">
mean</link> of zero. <link xlink:type="simple" xlink:href="../769/1385769.xml">
Systematic error</link> may be present but its treatment is outside the scope of regression analysis. The independent variable (<link xlink:type="simple" xlink:href="../701/437701.xml">
explanatory variable</link>), <it>x</it>, is error-free. If this is not so, modeling should be done using <link xlink:type="simple" xlink:href="../117/15874117.xml">
errors-in-variables model</link> techniques. The independent variables are also called regressors, exogenous variables, input variables and predictor variables. A nonlinear model is one in which the calculated value, <math>f(x,\boldsymbol\beta)</math>, is a <link xlink:type="simple" xlink:href="../103/146103.xml">
nonlinear</link> function of the parameters, <math>\boldsymbol\beta</math>. For example, the <link xlink:type="simple" xlink:href="../272/253272.xml">
Michaelis-Menten</link> model for enzyme kinetics </p>
<p>

<indent level="1">

<math> v = \frac{V_\max[\mbox{S}]}{K_m + [\mbox{S}]} </math>
</indent>

can be written as</p>
<p>

<indent level="1">

<math> f(x,\boldsymbol\beta)= \frac{\beta_1 x}{\beta_2 + x} </math>
</indent>

where <math>\beta_1</math> is the parameter <math>V_\max</math>, <math>\beta_2</math> is the parameter <math>K_m</math> and [''S''] is the independent variable, <it>x</it>. This function is nonlinear because the parameters do not occur as a <link xlink:type="simple" xlink:href="../632/55632.xml">
linear combination</link>. Other examples of nonlinear functions include <link xlink:type="simple" xlink:href="../678/9678.xml">
exponential functions</link>, <link xlink:type="simple" xlink:href="../300/4001300.xml">
logarithmic functions</link>, <link xlink:type="simple" xlink:href="../367/30367.xml">
trigonometric functions</link>, <link xlink:type="simple" xlink:href="../491/99491.xml">
power functions</link>, <link xlink:type="simple" xlink:href="../552/245552.xml">
Gaussian function</link>s, <link xlink:type="simple" xlink:href="../003/7003.xml">
Lorentzian</link> curves and so on. It should be noted that a large class of functions, such as the exponential or logarithmic functions, can be transformed into a domain in which they are linear. When shifted into their respective domain, standard linear regression can be performed but must be applied with caution. See <link xlink:type="simple" xlink:href="#xpointer(//*[./st=%22Linearization%22])">
Linearization</link>, below, for more details.</p>
<p>

In general, there is no closed-form expression for the best-fitting parameters, as there is in <link xlink:type="simple" xlink:href="../903/17903.xml">
linear regression</link>. Usually numerical <link xlink:type="simple" xlink:href="../033/52033.xml">
optimization</link> algorithms are applied to determine the best-fitting parameters. Again in contrast to linear regression, there may be many <link xlink:type="simple" xlink:href="../420/298420.xml">
local minima</link> of the function to be optimized. In practice, <link xlink:type="simple" xlink:href="../653/2712653.xml">
estimated values</link> of the parameters are used, in conjunction with the optimization algorithm, to attempt to find the global minimum of a sum of squares.</p>
<p>

For details concerning nonlinear data modeling see <link xlink:type="simple" xlink:href="../359/82359.xml">
least squares</link> and <link xlink:type="simple" xlink:href="../764/15652764.xml">
non-linear least squares</link>.</p>

</sec>
<sec>
<st>
 Regression statistics </st>
<p>

The assumption underlying this procedure is that the model can be approximated by a linear function.
<indent level="1">

<math> f(x_i,\boldsymbol\beta)\approx f^0+\sum_j J_{ij}\beta_j </math>
</indent>
where <math>J_{ij}=\frac{\partial f(x_i,\boldsymbol\beta)}{\partial \beta_j}</math>. It follows from this that the least squares estimators are given by
<indent level="1">

<math>\hat\boldsymbol\beta \approx \mathbf { (J^TJ)^{-1}J^Ty}.</math>
</indent>
The nonlinear regression statistics are computed and used as in <link xlink:type="simple" xlink:href="../903/17903.xml#xpointer(//*[./st=%22regression+statistics%22])">
linear regression</link> statistics, but using <b>J</b> in place of <b>X</b> in the formulas. The linear approximation introduces <link xlink:type="simple" xlink:href="../786/40786.xml">
bias</link> into the statistics. Therefore more caution than usual is required in interpreting statistics derived from a nonlinear model.</p>

</sec>
<sec>
<st>
 Ordinary and weighted least squares </st>

<p>

The best-fit curve is often assumed to be that which minimizes the sum of squared <link xlink:type="simple" xlink:href="../509/461509.xml">
residuals</link>. This is the (ordinary) <link xlink:type="simple" xlink:href="../359/82359.xml">
least squares</link> (OLS) approach.  However, in cases where the dependent variable does not have constant variance a sum of weighted squared residuals may be minimized; see <link>
weighted least squares</link>. Each weight should ideally be equal to the reciprocal of the variance of the observation, but weights may be recomputed on each iteration, in an iteratively weighted least squares algorithm.</p>

</sec>
<sec>
<st>
 Linearization </st>

<p>

Some nonlinear regression problems can be moved to a linear domain by a suitable transformation of the model formulation. </p>
<p>

For example, consider the nonlinear regression problem (ignoring the error):</p>
<p>

<indent level="1">

<math> y = a e^{b x}. \,\!</math>
</indent>

If we take a logarithm of both sides, it becomes</p>
<p>

<indent level="1">

<math> \ln{(y)} = \ln{(a)} + b x, \,\!</math>
</indent>

suggesting estimation of the unknown parameters by a linear regression of ln(<it>y</it>) on <it>x</it>, a computation that does not require iterative optimization. However, use of a <link xlink:type="simple" xlink:href="../102/18102.xml">
linear transformation</link> requires caution.  The influences of the data values will change, as will the error structure of the model and the interpretation of any inferential results.  These may not be desired effects.  On the other hand, depending on what the largest source of error is, a <link xlink:type="simple" xlink:href="../102/18102.xml">
linear transformation</link> may distribute your errors in a normal fashion, so the choice to perform a <link xlink:type="simple" xlink:href="../102/18102.xml">
linear transformation</link> must be informed by modeling considerations.</p>
<p>

For Michaelis-Menten kinetics, the linear <link>
Lineweaver–Burk plot</link> </p>
<p>

<indent level="1">

<math> \frac{1}{v} = \frac{1}{V_\max} + \frac{K_m}{V_\max[S]}</math>
</indent>

of 1/<it>v</it> against 1/[''S''] has been much used. However, it is very sensitive to data error and it is strongly biased toward fitting the data in a particular range of the independent variable, [''S''], its use is strongly deprecated.</p>

</sec>
<sec>
<st>
See also</st>

<p>

<table style="background:#f9f9f9; font-size:85%; line-height:110%; ">
<row>
<col>
 <image width="75x28px" src="Fisher_iris_versicolor_sepalwidth.svg">
</image>
</col>
<col style="padding:0 0.2em;">
 <b><it>
Statistics&#32;portal</it></b></col>
</row>
</table>
</p>
<p>


<list>
<entry level="1" type="bullet">

 <link xlink:type="simple" xlink:href="../764/15652764.xml">
Non-linear least squares</link></entry>
</list>
</p>

</sec>
<sec>
<st>
 References </st>
<p>

<list>
<entry level="1" type="bullet">

 G.A.F Seber and C.J. Wild. <it>Nonlinear Regression</it>. New York: John Wiley and Sons, 1989.</entry>
<entry level="1" type="bullet">

 R.M. Bethea, B.S. Duran and T.L. Boullion.  <it>Statistical Methods for Engineers and Scientists</it>. New York:  Marcel Dekker, Inc 1985 ISBN 0-8247-7227-X</entry>
</list>
</p>


</sec>
<sec>
<st>
 External links </st>
<p>

<list>
<entry level="1" type="bullet">

 <weblink xlink:type="simple" xlink:href="http://www1.webng.com/economics">
NLINLS</weblink>, Nonlinear least squares by differential evolution method of global optimization: a Fortran program</entry>
<entry level="1" type="bullet">

 <weblink xlink:type="simple" xlink:href="http://www.hedengren.net/research/isat.htm">
ISAT</weblink>, Nonlinear regression with explicit error control</entry>
<entry level="1" type="bullet">

 <weblink xlink:type="simple" xlink:href="http://zunzun.com">
Zunzun.com</weblink>, Online curve and surface fitting application</entry>
<entry level="1" type="bullet">

 <weblink xlink:type="simple" xlink:href="http://www.nlreg.com">
NLREG</weblink>, a proprietary program</entry>
<entry level="1" type="bullet">

 <weblink xlink:type="simple" xlink:href="http://www.mathtools.net/MATLAB/Statistics/">
Matlab statistic</weblink></entry>
<entry level="1" type="bullet">

 <weblink xlink:type="simple" xlink:href="http://www.gepsoft.com/">
GeneXproTools - Software for Nonlinear regression</weblink></entry>
<entry level="1" type="bullet">

 <weblink xlink:type="simple" xlink:href="http://simplemax.net">
simplemax.net</weblink>, online optimization service</entry>
<entry level="1" type="bullet">

 <weblink xlink:type="simple" xlink:href="http://sumo.intec.ugent.be/?q=SUMO_toolbox">
Matlab <b>SU</b>rrogate <b>MO</b>deling Toolbox - SUMO Toolbox</weblink> - Matlab code for Active Learning + Model Selection + Surrogate Model Regression</entry>
<entry level="1" type="bullet">

 <weblink xlink:type="simple" xlink:href="http://octave.sourceforge.net/doc/f/leasqr.html">
<b>leasqr</b> from octave forge</weblink> - open source implementation for <software wordnetid="106566077" confidence="0.9508927676800064">
<link xlink:type="simple" xlink:href="../707/48707.xml">
GNU Octave</link></software>
 </entry>
</list>
</p>

<p>

<table style=";" class="navbox" cellspacing="0">
<row>
<col style="padding:2px;">
<table style="width:100%;background:transparent;color:inherit;;" class="nowraplinks collapsible autocollapse " cellspacing="0">
<row>
<header colspan="2" style=";" class="navbox-title">
<link xlink:type="simple" xlink:href="../685/26685.xml">
Statistics</link></header>
</row>
<row style="height:2px;">

</row>
<row>
<col style=";;" class="navbox-group">
<link xlink:type="simple" xlink:href="../541/9541.xml">
Design of experiments</link></col>
<col style="text-align:left;border-left:2px solid #fdfdfd;width:100%;padding:0px;;;" class="navbox-list navbox-odd">
<link xlink:type="simple" xlink:href="../585/27585.xml">
Population</link>&nbsp;&amp;bull; <link xlink:type="simple" xlink:href="../361/160361.xml">
Sampling</link>&nbsp;&amp;bull; <link xlink:type="simple" xlink:href="../596/27596.xml">
Stratified sampling</link>&nbsp;&amp;bull; <link xlink:type="simple" xlink:href="../262/10306262.xml">
Replication</link>&nbsp;&amp;bull; <link xlink:type="simple" xlink:href="../339/1822339.xml">
Blocking</link></col>
</row>
<row style="height:2px">

</row>
<row>
<col style=";;" class="navbox-group">
<link xlink:type="simple" xlink:href="../839/1776839.xml">
Sample size estimation</link></col>
<col style="text-align:left;border-left:2px solid #fdfdfd;width:100%;padding:0px;;;" class="navbox-list navbox-even">
<link xlink:type="simple" xlink:href="../673/226673.xml">
Null hypothesis</link>&nbsp;&amp;bull; <link xlink:type="simple" xlink:href="../892/645892.xml">
Alternative hypothesis</link>&nbsp;&amp;bull; <link xlink:type="simple" xlink:href="../877/5657877.xml">
Type I and type II errors</link>&nbsp;&amp;bull; <link xlink:type="simple" xlink:href="../695/238695.xml">
Statistical power</link>&nbsp;&amp;bull; <know-how wordnetid="105616786" confidence="0.8">
<method wordnetid="105660268" confidence="0.8">
<link xlink:type="simple" xlink:href="../276/437276.xml">
Effect size</link></method>
</know-how>
</col>
</row>
<row style="height:2px">

</row>
<row>
<col style=";;" class="navbox-group">
<link xlink:type="simple" xlink:href="../187/8187.xml">
Descriptive statistics</link></col>
<col style="text-align:left;border-left:2px solid #fdfdfd;width:100%;padding:0px;;;" class="navbox-list navbox-odd">
<table style="width:100%;;;;" class="nowraplinks  navbox-subgroup" cellspacing="0">
<row>
<col style=";padding-left:0em;padding-right:0em;;" class="navbox-group">
<structure wordnetid="105726345" confidence="0.8">
<idea wordnetid="105833840" confidence="0.8">
<concept wordnetid="105835747" confidence="0.8">
<category wordnetid="105838765" confidence="0.8">
<arrangement wordnetid="105726596" confidence="0.8">
<type wordnetid="105840188" confidence="0.8">
<distribution wordnetid="105729036" confidence="0.8">
<kind wordnetid="105839024" confidence="0.8">
<link xlink:type="simple" xlink:href="../792/5792.xml">
Continuous  data</link></kind>
</distribution>
</type>
</arrangement>
</category>
</concept>
</idea>
</structure>
</col>
<col style="text-align:left;border-left:2px solid #fdfdfd;width:100%;padding:0px;;;" class="navbox-list navbox-odd">
<table style="width:100%;;;;" class="nowraplinks  navbox-subgroup" cellspacing="0">
<row>
<col style=";padding-left:0em;padding-right:0em;;" class="navbox-group">
<link xlink:type="simple" xlink:href="../516/17516.xml">
Location</link></col>
<col style="text-align:left;border-left:2px solid #fdfdfd;width:100%;padding:0px;;;" class="navbox-list navbox-odd">
<link xlink:type="simple" xlink:href="../192/19192.xml">
Mean</link> (<link xlink:type="simple" xlink:href="../612/612.xml">
Arithmetic</link>, <link xlink:type="simple" xlink:href="../046/13046.xml">
Geometric</link>, <link xlink:type="simple" xlink:href="../463/14463.xml">
Harmonic</link>)&nbsp;&amp;bull; <link xlink:type="simple" xlink:href="../837/18837.xml">
Median</link>&nbsp;&amp;bull; <link xlink:type="simple" xlink:href="../127/1432127.xml">
Mode</link></col>
</row>
<row style="height:2px">

</row>
<row>
<col style=";padding-left:0em;padding-right:0em;;" class="navbox-group">
<link xlink:type="simple" xlink:href="../589/27589.xml">
Dispersion</link></col>
<col style="text-align:left;border-left:2px solid #fdfdfd;width:100%;padding:0px;;;" class="navbox-list navbox-even">
<link xlink:type="simple" xlink:href="../588/27588.xml">
Range</link>&nbsp;&amp;bull; <link xlink:type="simple" xlink:href="../590/27590.xml">
Standard deviation</link>&nbsp;&amp;bull; <link xlink:type="simple" xlink:href="../687/1012687.xml">
Coefficient of variation</link>&nbsp;&amp;bull; <link xlink:type="simple" xlink:href="../907/354907.xml">
Percentile</link></col>
</row>
<row style="height:2px">

</row>
<row>
<col style=";padding-left:0em;padding-right:0em;;" class="navbox-group">
<link xlink:type="simple" xlink:href="../684/368684.xml">
Moments</link></col>
<col style="text-align:left;border-left:2px solid #fdfdfd;width:100%;padding:0px;;;" class="navbox-list navbox-odd">
<link xlink:type="simple" xlink:href="../344/32344.xml">
Variance</link>&nbsp;&amp;bull; <link xlink:type="simple" xlink:href="../212/28212.xml">
Skewness</link>&nbsp;&amp;bull; <link xlink:type="simple" xlink:href="../848/16848.xml">
Kurtosis</link></col>
</row>
</table>
</col>
</row>
<row style="height:2px">

</row>
<row>
<col style=";padding-left:0em;padding-right:0em;;" class="navbox-group">
<idea wordnetid="105833840" confidence="0.8">
<concept wordnetid="105835747" confidence="0.8">
<category wordnetid="105838765" confidence="0.8">
<type wordnetid="105840188" confidence="0.8">
<kind wordnetid="105839024" confidence="0.8">
<link xlink:type="simple" xlink:href="../188/8188.xml">
Categorical data</link></kind>
</type>
</category>
</concept>
</idea>
</col>
<col style="text-align:left;border-left:2px solid #fdfdfd;width:100%;padding:0px;;;" class="navbox-list navbox-even">
<link xlink:type="simple" xlink:href="../019/4839019.xml">
Frequency</link>&nbsp;&amp;bull; <information wordnetid="105816287" confidence="0.8">
<datum wordnetid="105816622" confidence="0.8">
<link xlink:type="simple" xlink:href="../515/935515.xml">
Contingency table</link></datum>
</information>
</col>
</row>
</table>
</col>
</row>
<row style="height:2px">

</row>
<row>
<col style=";;" class="navbox-group">
<link xlink:type="simple" xlink:href="../577/27577.xml">
Inferential statistics</link></col>
<col style="text-align:left;border-left:2px solid #fdfdfd;width:100%;padding:0px;;;" class="navbox-list navbox-even">
<link xlink:type="simple" xlink:href="../571/49571.xml">
Bayesian inference</link>&nbsp;&amp;bull; <link xlink:type="simple" xlink:href="../284/30284.xml">
Hypothesis testing</link>&nbsp;&amp;bull; <link xlink:type="simple" xlink:href="../995/160995.xml">
Significance</link>&nbsp;&amp;bull; <process wordnetid="105701363" confidence="0.8">
<inquiry wordnetid="105797597" confidence="0.8">
<thinking wordnetid="105770926" confidence="0.8">
<problem_solving wordnetid="105796750" confidence="0.8">
<experiment wordnetid="105798043" confidence="0.8">
<trial wordnetid="105799212" confidence="0.8">
<higher_cognitive_process wordnetid="105770664" confidence="0.8">
<link xlink:type="simple" xlink:href="../213/332213.xml">
Z-test</link></higher_cognitive_process>
</trial>
</experiment>
</problem_solving>
</thinking>
</inquiry>
</process>
&nbsp;&amp;bull; <process wordnetid="105701363" confidence="0.8">
<inquiry wordnetid="105797597" confidence="0.8">
<thinking wordnetid="105770926" confidence="0.8">
<problem_solving wordnetid="105796750" confidence="0.8">
<experiment wordnetid="105798043" confidence="0.8">
<trial wordnetid="105799212" confidence="0.8">
<higher_cognitive_process wordnetid="105770664" confidence="0.8">
<link xlink:type="simple" xlink:href="../080/536080.xml">
Student's t-test</link></higher_cognitive_process>
</trial>
</experiment>
</problem_solving>
</thinking>
</inquiry>
</process>
&nbsp;&amp;bull; <process wordnetid="105701363" confidence="0.8">
<information wordnetid="105816287" confidence="0.8">
<inquiry wordnetid="105797597" confidence="0.8">
<thinking wordnetid="105770926" confidence="0.8">
<problem_solving wordnetid="105796750" confidence="0.8">
<experiment wordnetid="105798043" confidence="0.8">
<datum wordnetid="105816622" confidence="0.8">
<trial wordnetid="105799212" confidence="0.8">
<higher_cognitive_process wordnetid="105770664" confidence="0.8">
<link xlink:type="simple" xlink:href="../680/226680.xml">
Chi-square test</link></higher_cognitive_process>
</trial>
</datum>
</experiment>
</problem_solving>
</thinking>
</inquiry>
</information>
</process>
&nbsp;&amp;bull; <process wordnetid="105701363" confidence="0.8">
<inquiry wordnetid="105797597" confidence="0.8">
<thinking wordnetid="105770926" confidence="0.8">
<problem_solving wordnetid="105796750" confidence="0.8">
<experiment wordnetid="105798043" confidence="0.8">
<trial wordnetid="105799212" confidence="0.8">
<higher_cognitive_process wordnetid="105770664" confidence="0.8">
<link xlink:type="simple" xlink:href="../976/318976.xml">
F-test</link></higher_cognitive_process>
</trial>
</experiment>
</problem_solving>
</thinking>
</inquiry>
</process>
&nbsp;&amp;bull; <link xlink:type="simple" xlink:href="../994/554994.xml">
P-value</link>&nbsp;&amp;bull; <link xlink:type="simple" xlink:href="../381/160381.xml">
Interval estimation</link>&nbsp;&amp;bull; <link xlink:type="simple" xlink:href="../806/140806.xml">
Maximum likelihood</link>&nbsp;&amp;bull; <link xlink:type="simple" xlink:href="../533/19456533.xml">
Minimum distance</link>&nbsp;&amp;bull; <know-how wordnetid="105616786" confidence="0.8">
<method wordnetid="105660268" confidence="0.8">
<link xlink:type="simple" xlink:href="../329/62329.xml">
Meta-analysis</link></method>
</know-how>
&nbsp;&amp;bull; <link xlink:type="simple" xlink:href="../911/280911.xml">
Confidence interval</link></col>
</row>
<row style="height:2px">

</row>
<row>
<col style=";;" class="navbox-group">
<link xlink:type="simple" xlink:href="../259/419259.xml">
Survival analysis</link></col>
<col style="text-align:left;border-left:2px solid #fdfdfd;width:100%;padding:0px;;;" class="navbox-list navbox-odd">
<link xlink:type="simple" xlink:href="../178/4649178.xml">
Survival function</link>&nbsp;&amp;bull; <link xlink:type="simple" xlink:href="../650/3168650.xml">
Kaplan-Meier</link>&nbsp;&amp;bull; <process wordnetid="105701363" confidence="0.8">
<inquiry wordnetid="105797597" confidence="0.8">
<thinking wordnetid="105770926" confidence="0.8">
<problem_solving wordnetid="105796750" confidence="0.8">
<experiment wordnetid="105798043" confidence="0.8">
<trial wordnetid="105799212" confidence="0.8">
<higher_cognitive_process wordnetid="105770664" confidence="0.8">
<link xlink:type="simple" xlink:href="../026/11871026.xml">
Logrank test</link></higher_cognitive_process>
</trial>
</experiment>
</problem_solving>
</thinking>
</inquiry>
</process>
&nbsp;&amp;bull; <link xlink:type="simple" xlink:href="../960/1336960.xml">
Failure rate</link>&nbsp;&amp;bull; <physical_entity wordnetid="100001930" confidence="0.8">
<person wordnetid="100007846" confidence="0.8">
<model wordnetid="110324560" confidence="0.8">
<assistant wordnetid="109815790" confidence="0.8">
<worker wordnetid="109632518" confidence="0.8">
<causal_agent wordnetid="100007347" confidence="0.8">
<link xlink:type="simple" xlink:href="../267/5352267.xml">
Proportional hazards models</link></causal_agent>
</worker>
</assistant>
</model>
</person>
</physical_entity>
</col>
</row>
<row style="height:2px">

</row>
<row>
<col style=";;" class="navbox-group">
<link xlink:type="simple" xlink:href="../057/157057.xml">
Correlation</link></col>
<col style="text-align:left;border-left:2px solid #fdfdfd;width:100%;padding:0px;;;" class="navbox-list navbox-even">
<link xlink:type="simple" xlink:href="../999/3105999.xml">
Confounding variable</link>&nbsp;&amp;bull; <link xlink:type="simple" xlink:href="../708/221708.xml">
Pearson product-moment correlation coefficient</link>&nbsp;&amp;bull; <link xlink:type="simple" xlink:href="../627/3316627.xml">
Rank correlation</link> (<process wordnetid="105701363" confidence="0.8">
<inquiry wordnetid="105797597" confidence="0.8">
<thinking wordnetid="105770926" confidence="0.8">
<problem_solving wordnetid="105796750" confidence="0.8">
<experiment wordnetid="105798043" confidence="0.8">
<trial wordnetid="105799212" confidence="0.8">
<higher_cognitive_process wordnetid="105770664" confidence="0.8">
<link xlink:type="simple" xlink:href="../623/235623.xml">
Spearman's rank correlation coefficient</link></higher_cognitive_process>
</trial>
</experiment>
</problem_solving>
</thinking>
</inquiry>
</process>
, <process wordnetid="105701363" confidence="0.8">
<inquiry wordnetid="105797597" confidence="0.8">
<thinking wordnetid="105770926" confidence="0.8">
<problem_solving wordnetid="105796750" confidence="0.8">
<experiment wordnetid="105798043" confidence="0.8">
<trial wordnetid="105799212" confidence="0.8">
<higher_cognitive_process wordnetid="105770664" confidence="0.8">
<link xlink:type="simple" xlink:href="../830/7287830.xml">
Kendall tau rank correlation coefficient</link></higher_cognitive_process>
</trial>
</experiment>
</problem_solving>
</thinking>
</inquiry>
</process>
)</col>
</row>
<row style="height:2px">

</row>
<row>
<col style=";;" class="navbox-group">
<physical_entity wordnetid="100001930" confidence="0.8">
<person wordnetid="100007846" confidence="0.8">
<model wordnetid="110324560" confidence="0.8">
<assistant wordnetid="109815790" confidence="0.8">
<worker wordnetid="109632518" confidence="0.8">
<causal_agent wordnetid="100007347" confidence="0.8">
<link xlink:type="simple" xlink:href="../904/17904.xml">
Linear model</link></causal_agent>
</worker>
</assistant>
</model>
</person>
</physical_entity>
s</col>
<col style="text-align:left;border-left:2px solid #fdfdfd;width:100%;padding:0px;;;" class="navbox-list navbox-odd">
<link xlink:type="simple" xlink:href="../698/877698.xml">
General linear model</link>&nbsp;&amp;bull; <link xlink:type="simple" xlink:href="../122/747122.xml">
Generalized linear model</link>&nbsp;&amp;bull; <process wordnetid="105701363" confidence="0.8">
<inquiry wordnetid="105797597" confidence="0.8">
<thinking wordnetid="105770926" confidence="0.8">
<problem_solving wordnetid="105796750" confidence="0.8">
<experiment wordnetid="105798043" confidence="0.8">
<trial wordnetid="105799212" confidence="0.8">
<higher_cognitive_process wordnetid="105770664" confidence="0.8">
<link xlink:type="simple" xlink:href="../634/634.xml">
Analysis of variance</link></higher_cognitive_process>
</trial>
</experiment>
</problem_solving>
</thinking>
</inquiry>
</process>
&nbsp;&amp;bull; <link xlink:type="simple" xlink:href="../926/404926.xml">
Analysis of covariance</link></col>
</row>
<row style="height:2px">

</row>
<row>
<col style=";;" class="navbox-group">
<link xlink:type="simple" xlink:href="../997/826997.xml">
Regression analysis</link></col>
<col style="text-align:left;border-left:2px solid #fdfdfd;width:100%;padding:0px;;;" class="navbox-list navbox-even">
<link xlink:type="simple" xlink:href="../903/17903.xml">
Linear regression</link>&nbsp;&amp;bull; <link xlink:type="simple" xlink:href="../012/1045012.xml">
Nonlinear regression</link>&nbsp;&amp;bull; <information wordnetid="105816287" confidence="0.8">
<datum wordnetid="105816622" confidence="0.8">
<link xlink:type="simple" xlink:href="../631/226631.xml">
Logistic regression</link></datum>
</information>
</col>
</row>
<row style="height:2px">

</row>
<row>
<col style=";;" class="navbox-group">
<chart wordnetid="106999802" confidence="0.8">
<visual_communication wordnetid="106873252" confidence="0.8">
<link xlink:type="simple" xlink:href="../463/15934463.xml">
Statistical graphics</link></visual_communication>
</chart>
</col>
<col style="text-align:left;border-left:2px solid #fdfdfd;width:100%;padding:0px;;;" class="navbox-list navbox-odd">
<link xlink:type="simple" xlink:href="../311/393311.xml">
Bar chart</link>&nbsp;&amp;bull; <chart wordnetid="106999802" confidence="0.8">
<visual_communication wordnetid="106873252" confidence="0.8">
<link xlink:type="simple" xlink:href="../166/14306166.xml">
Biplot</link></visual_communication>
</chart>
&nbsp;&amp;bull; <chart wordnetid="106999802" confidence="0.8">
<visual_communication wordnetid="106873252" confidence="0.8">
<link xlink:type="simple" xlink:href="../960/160960.xml">
Box plot</link></visual_communication>
</chart>
&nbsp;&amp;bull; <artifact wordnetid="100021939" confidence="0.8">
<instrumentality wordnetid="103575240" confidence="0.8">
<tool wordnetid="104451818" confidence="0.8">
<chart wordnetid="106999802" confidence="0.8">
<implement wordnetid="103563967" confidence="0.8">
<visual_communication wordnetid="106873252" confidence="0.8">
<link xlink:type="simple" xlink:href="../754/435754.xml">
Control chart</link></visual_communication>
</implement>
</chart>
</tool>
</instrumentality>
</artifact>
&nbsp;&amp;bull; <know-how wordnetid="105616786" confidence="0.8">
<chart wordnetid="106999802" confidence="0.8">
<method wordnetid="105660268" confidence="0.8">
<visual_communication wordnetid="106873252" confidence="0.8">
<link xlink:type="simple" xlink:href="../359/11394359.xml">
Forest plot</link></visual_communication>
</method>
</chart>
</know-how>
&nbsp;&amp;bull; <link xlink:type="simple" xlink:href="../266/13266.xml">
Histogram</link>&nbsp;&amp;bull; <chart wordnetid="106999802" confidence="0.8">
<visual_communication wordnetid="106873252" confidence="0.8">
<link xlink:type="simple" xlink:href="../859/4031859.xml">
Q-Q plot</link></visual_communication>
</chart>
&nbsp;&amp;bull; <link xlink:type="simple" xlink:href="../749/6392749.xml">
Run chart</link>&nbsp;&amp;bull; <artifact wordnetid="100021939" confidence="0.8">
<instrumentality wordnetid="103575240" confidence="0.8">
<tool wordnetid="104451818" confidence="0.8">
<chart wordnetid="106999802" confidence="0.8">
<implement wordnetid="103563967" confidence="0.8">
<visual_communication wordnetid="106873252" confidence="0.8">
<link xlink:type="simple" xlink:href="../544/412544.xml">
Scatterplot</link></visual_communication>
</implement>
</chart>
</tool>
</instrumentality>
</artifact>
&nbsp;&amp;bull; <chart wordnetid="106999802" confidence="0.8">
<visual_communication wordnetid="106873252" confidence="0.8">
<link xlink:type="simple" xlink:href="../649/977649.xml">
Stemplot</link></visual_communication>
</chart>
</col>
</row>
<row style="height:2px">

</row>
<row>
<col style=";;" class="navbox-group">
<link xlink:type="simple" xlink:href="../442/14986442.xml">
History</link></col>
<col style="text-align:left;border-left:2px solid #fdfdfd;width:100%;padding:0px;;;" class="navbox-list navbox-even">
<link xlink:type="simple" xlink:href="../442/14986442.xml">
History of statistics</link>&nbsp;&amp;bull; <link xlink:type="simple" xlink:href="../208/19095208.xml">
Founders of statistics</link>&nbsp;&amp;bull; <link xlink:type="simple" xlink:href="../692/19373692.xml">
Timeline of probability and statistics</link></col>
</row>
<row style="height:2px">

</row>
<row>
<col style=";;" class="navbox-group">
Publications</col>
<col style="text-align:left;border-left:2px solid #fdfdfd;width:100%;padding:0px;;;" class="navbox-list navbox-odd">
<link xlink:type="simple" xlink:href="../827/18753827.xml">
Journals in statistics</link>&nbsp;&amp;bull; <link xlink:type="simple" xlink:href="../879/708879.xml">
Important publications</link></col>
</row>
<row style="height:2px;">

</row>
<row>
<col colspan="2" style=";" class="navbox-abovebelow">
<b>
Statistics|Category</b>&nbsp;&amp;bull; <b>
Portal</b>&nbsp;&amp;bull; <b><link xlink:type="simple" xlink:href="../457/191457.xml">
List of topics</link></b></col>
</row>
</table>
</col>
</row>
</table>
</p>

<p>

<table style=";" class="navbox" cellspacing="0">
<row>
<col style="padding:2px;">
<table style="width:100%;background:transparent;color:inherit;;" class="nowraplinks collapsible autocollapse " cellspacing="0">
<row>
<header colspan="2" style=";" class="navbox-title">
Least squares and regression analysis</header>
</row>
<row style="height:2px;">

</row>
<row>
<col style=";;" class="navbox-group">
<link xlink:type="simple" xlink:href="../359/82359.xml">
Least squares</link></col>
<col style="text-align:left;border-left:2px solid #fdfdfd;width:100%;padding:0px;;;" class="navbox-list navbox-odd">
<link xlink:type="simple" xlink:href="../872/484872.xml">
Linear least squares</link> - <link xlink:type="simple" xlink:href="../764/15652764.xml">
Non-linear least squares</link> - <link xlink:type="simple" xlink:href="../736/1046736.xml">
Partial least squares</link> -<physical_entity wordnetid="100001930" confidence="0.8">
<person wordnetid="100007846" confidence="0.8">
<model wordnetid="110324560" confidence="0.8">
<assistant wordnetid="109815790" confidence="0.8">
<worker wordnetid="109632518" confidence="0.8">
<causal_agent wordnetid="100007347" confidence="0.8">
<link xlink:type="simple" xlink:href="../437/971437.xml">
Total least squares</link></causal_agent>
</worker>
</assistant>
</model>
</person>
</physical_entity>
 - <link>
Gauss–Newton algorithm</link> - <link>
Levenberg–Marquardt algorithm</link></col>
</row>
<row style="height:2px">

</row>
<row>
<col style=";;" class="navbox-group">
<link xlink:type="simple" xlink:href="../997/826997.xml">
Regression analysis</link></col>
<col style="text-align:left;border-left:2px solid #fdfdfd;width:100%;padding:0px;;;" class="navbox-list navbox-even">
<link xlink:type="simple" xlink:href="../903/17903.xml">
Linear regression</link> - <link xlink:type="simple" xlink:href="../012/1045012.xml">
Nonlinear regression</link> - <physical_entity wordnetid="100001930" confidence="0.8">
<person wordnetid="100007846" confidence="0.8">
<model wordnetid="110324560" confidence="0.8">
<assistant wordnetid="109815790" confidence="0.8">
<worker wordnetid="109632518" confidence="0.8">
<causal_agent wordnetid="100007347" confidence="0.8">
<link xlink:type="simple" xlink:href="../904/17904.xml">
Linear model</link></causal_agent>
</worker>
</assistant>
</model>
</person>
</physical_entity>
 - <link xlink:type="simple" xlink:href="../122/747122.xml">
Generalized linear model</link> - <link xlink:type="simple" xlink:href="../327/2713327.xml">
Robust regression</link> - <link xlink:type="simple" xlink:href="../324/3675324.xml">
Least-squares estimation of linear regression coefficients</link>- <link xlink:type="simple" xlink:href="../740/16234740.xml">
Mean and predicted response</link> - <information wordnetid="105816287" confidence="0.8">
<datum wordnetid="105816622" confidence="0.8">
<link xlink:type="simple" xlink:href="../102/2708102.xml">
Poisson regression</link></datum>
</information>
 - <information wordnetid="105816287" confidence="0.8">
<datum wordnetid="105816622" confidence="0.8">
<link xlink:type="simple" xlink:href="../631/226631.xml">
Logistic regression</link></datum>
</information>
 - <link xlink:type="simple" xlink:href="../143/2836143.xml">
Isotonic regression</link> - <link xlink:type="simple" xlink:href="../328/954328.xml">
Ridge regression</link> - <physical_entity wordnetid="100001930" confidence="0.8">
<person wordnetid="100007846" confidence="0.8">
<model wordnetid="110324560" confidence="0.8">
<assistant wordnetid="109815790" confidence="0.8">
<worker wordnetid="109632518" confidence="0.8">
<causal_agent wordnetid="100007347" confidence="0.8">
<link xlink:type="simple" xlink:href="../021/11683021.xml">
Segmented regression</link></causal_agent>
</worker>
</assistant>
</model>
</person>
</physical_entity>
 - <link xlink:type="simple" xlink:href="../068/4536068.xml">
Nonparametric regression</link> - <link xlink:type="simple" xlink:href="../187/16722187.xml">
Regression discontinuity</link></col>
</row>
<row style="height:2px">

</row>
<row>
<col style=";;" class="navbox-group">
Statistics</col>
<col style="text-align:left;border-left:2px solid #fdfdfd;width:100%;padding:0px;;;" class="navbox-list navbox-odd">
<link>
Gauss–Markov theorem</link> - <link xlink:type="simple" xlink:href="../509/461509.xml">
Errors and residuals in statistics</link> - <process wordnetid="105701363" confidence="0.8">
<inquiry wordnetid="105797597" confidence="0.8">
<thinking wordnetid="105770926" confidence="0.8">
<problem_solving wordnetid="105796750" confidence="0.8">
<experiment wordnetid="105798043" confidence="0.8">
<trial wordnetid="105799212" confidence="0.8">
<higher_cognitive_process wordnetid="105770664" confidence="0.8">
<link xlink:type="simple" xlink:href="../821/2474821.xml">
Goodness of fit</link></higher_cognitive_process>
</trial>
</experiment>
</problem_solving>
</thinking>
</inquiry>
</process>
 - <link xlink:type="simple" xlink:href="../197/609197.xml">
Studentized residual</link> - <link xlink:type="simple" xlink:href="../816/201816.xml">
Mean squared error</link> - <link xlink:type="simple" xlink:href="../559/6004559.xml">
R-factor (crystallography)</link> - <link xlink:type="simple" xlink:href="../288/3244288.xml">
Mean squared prediction error</link> - <link xlink:type="simple" xlink:href="../545/1761545.xml">
Minimum mean-square error</link> - <link xlink:type="simple" xlink:href="../608/8648608.xml">
Root mean square deviation</link> - <link xlink:type="simple" xlink:href="../367/9830367.xml">
Squared deviations</link> - <link xlink:type="simple" xlink:href="../388/4225388.xml">
M-estimator</link></col>
</row>
<row style="height:2px">

</row>
<row>
<col style=";;" class="navbox-group">
Applications</col>
<col style="text-align:left;border-left:2px solid #fdfdfd;width:100%;padding:0px;;;" class="navbox-list navbox-even">
<link xlink:type="simple" xlink:href="../425/555425.xml">
Curve fitting</link> - <link xlink:type="simple" xlink:href="../787/532787.xml">
Calibration curve</link> - <link xlink:type="simple" xlink:href="../617/10684617.xml">
Numerical smoothing and differentiation</link> - <link xlink:type="simple" xlink:href="../311/2017311.xml">
Least mean squares filter</link> - <link xlink:type="simple" xlink:href="../338/2017338.xml">
Recursive least squares filter</link> - <link xlink:type="simple" xlink:href="../659/6582659.xml">
Moving least squares</link> - <link xlink:type="simple" xlink:href="../002/4229002.xml">
BHHH algorithm</link></col>
</row>
</table>
</col>
</row>
</table>
</p>


</sec>
</bdy>
</article>
