<?xml version="1.0" encoding="UTF-8"?>
<!-- generated by CLiX/Wiki2XML [MPI-Inf, MMCI@UdS] $LastChangedRevision: 92 $ on 16.04.2009 18:03:37[mciao0826] -->
<!DOCTYPE article SYSTEM "../article.dtd">
<article xmlns:xlink="http://www.w3.org/1999/xlink">
<header>
<title>Mutual</title>
<id>1049815</id>
<revision>
<id>221991816</id>
<timestamp>2008-06-27T01:07:30Z</timestamp>
<contributor>
<username>Kanabekobaton</username>
<id>622297</id>
</contributor>
</revision>
<categories>
<category>All disambiguation pages</category>
<category>Disambiguation pages</category>
</categories>
</header>
<bdy>
<p>

<b>Mutual</b> may refer to:</p>
<p>

<list>
<entry level="1" type="bullet">

<link xlink:type="simple" xlink:href="../483/51483.xml">
Mutualism</link>, often confused with symbiosis</entry>
<entry level="1" type="bullet">

<school wordnetid="108276720" confidence="0.8">
<political_orientation wordnetid="106212839" confidence="0.8">
<educational_institution wordnetid="108276342" confidence="0.8">
<institution wordnetid="108053576" confidence="0.8">
<link xlink:type="simple" xlink:href="../997/1799997.xml">
Mutualism (economic theory)</link></institution>
</educational_institution>
</political_orientation>
</school>
, largely associated with <person wordnetid="100007846" confidence="0.9508927676800064">
<philosopher wordnetid="110423589" confidence="0.9508927676800064">
<link xlink:type="simple" xlink:href="../944/49944.xml">
Pierre-Joseph Proudhon</link></philosopher>
</person>
, based on a labor theory of value</entry>
<entry level="1" type="bullet">

<idea wordnetid="105833840" confidence="0.8">
<concept wordnetid="105835747" confidence="0.8">
<category wordnetid="105838765" confidence="0.8">
<type wordnetid="105840188" confidence="0.8">
<kind wordnetid="105839024" confidence="0.8">
<link xlink:type="simple" xlink:href="../284/1037284.xml">
Mutual organization</link></kind>
</type>
</category>
</concept>
</idea>
, where customers derive a right to profits and votes</entry>
<entry level="2" type="bullet">

<idea wordnetid="105833840" confidence="0.8">
<concept wordnetid="105835747" confidence="0.8">
<category wordnetid="105838765" confidence="0.8">
<type wordnetid="105840188" confidence="0.8">
<kind wordnetid="105839024" confidence="0.8">
<link xlink:type="simple" xlink:href="../109/2619109.xml">
Mutual insurance</link></kind>
</type>
</category>
</concept>
</idea>
, where policyholders have certain "ownership" rights in the organization</entry>
<entry level="1" type="bullet">

<studio wordnetid="104344246" confidence="0.8">
<point wordnetid="108620061" confidence="0.8">
<geographic_point wordnetid="108578706" confidence="0.8">
<location wordnetid="100027167" confidence="0.8">
<workplace wordnetid="104602044" confidence="0.8">
<link xlink:type="simple" xlink:href="../764/2832764.xml">
Mutual Film</link></workplace>
</location>
</geographic_point>
</point>
</studio>
, early American motion picture conglomerate, the producers of some of <film_director wordnetid="110088200" confidence="0.9173553029164789">
<person wordnetid="100007846" confidence="0.9508927676800064">
<actor wordnetid="109765278" confidence="0.9173553029164789">
<link xlink:type="simple" xlink:href="../142/5142.xml">
Charlie Chaplin</link></actor>
</person>
</film_director>
's greatest comedies</entry>
<entry level="1" type="bullet">

<village wordnetid="108672738" confidence="0.9508927676800064">
<link xlink:type="simple" xlink:href="../989/128989.xml">
Mutual, Ohio</link></village>
, a village in the U.S.</entry>
<entry level="1" type="bullet">

<link xlink:type="simple" xlink:href="../597/226597.xml">
Mutual fund</link>, a professionally-managed form of collective investments</entry>
<entry level="1" type="bullet">

<network wordnetid="108434259" confidence="0.9508927676800064">
<link xlink:type="simple" xlink:href="../326/187326.xml">
Mutual Broadcasting System</link></network>
, a defunct U.S. radio network</entry>
<entry level="1" type="bullet">

<link xlink:type="simple" xlink:href="../858/10845858.xml">
Mutual Improvement Association</link>, a youth program of the <link xlink:type="simple" xlink:href="../935/5935.xml">
Church of Jesus Christ of Latter-day Saints</link></entry>
</list>
</p>

<sec>
<st>
See also</st>
<p>

<list>
<entry level="1" type="bullet">

<link xlink:type="simple" xlink:href="../086/54086.xml">
Reciprocal</link> (disambiguation)</entry>
</list>
</p>

<p>

<table style="background:none">
<row>
<col style="vertical-align:middle;">
<image width="30px" src="Disambig_gray.svg">
</image>
</col>
<col style="vertical-align:middle;">
<it>This  page lists articles associated with the same title. If an <weblink xlink:type="simple" xlink:href="http://localhost:18088/wiki/index.php?title=Special:Whatlinkshere/Mutual&amp;namespace=0">
internal link</weblink>led you here, you may wish to change the link to point directly to the intended article.''</it></col>
</row>
</table>

</p>

</sec>
</bdy>
</article>
