<?xml version="1.0" encoding="UTF-8"?>
<!-- generated by CLiX/Wiki2XML [MPI-Inf, MMCI@UdS] $LastChangedRevision: 92 $ on 17.04.2009 00:12:05[mciao0828] -->
<!DOCTYPE article SYSTEM "../article.dtd">
<article xmlns:xlink="http://www.w3.org/1999/xlink">
<header>
<title>List of Statutory Rules of Northern Ireland, 2003</title>
<id>10505182</id>
<revision>
<id>134941418</id>
<timestamp>2007-05-31T22:42:06Z</timestamp>
<contributor>
<username>David Newton</username>
<id>13420</id>
</contributor>
</revision>
<categories>
<category>Lists of Statutory Rules of Northern Ireland</category>
</categories>
</header>
<bdy>

<table style="width:21em; border:2px solid navy; text-align:center; font-size:90%;" cellpadding="3" class="infobox">
<row>
<col style="font-size:200%; padding:0.5em;">
 <link xlink:type="simple" xlink:href="../511/59511.xml">
UK Legislation</link></col>
</row>
<row>
<header style="background:#ddf; line-height:1.2em; font-size:105%;" class="adr">
 <link xlink:type="simple" xlink:href="../166/145166.xml">
Acts of Parliament</link>by states preceding the United Kingdom</header>
</row>
<row>
<col>
  Of the <country wordnetid="108544813" confidence="0.9508927676800064">
<link xlink:type="simple" xlink:href="../950/407950.xml">
Kingdom of England</link></country>
 <link xlink:type="simple" xlink:href="../446/2497446.xml">
Before 1601</link>&nbsp;·  <link xlink:type="simple" xlink:href="../947/4171947.xml">
1603–1641</link><link xlink:type="simple" xlink:href="../941/10596941.xml">
Interregnum (1642–1660)</link><link xlink:type="simple" xlink:href="../047/6015047.xml">
1660–1699</link>&nbsp;·  <link xlink:type="simple" xlink:href="../946/6014946.xml">
1700–1706</link></col>
</row>
<row>
<col>
  Of the <country wordnetid="108544813" confidence="0.9508927676800064">
<link xlink:type="simple" xlink:href="../432/168432.xml">
Kingdom of Ireland</link></country>
 <link xlink:type="simple" xlink:href="../400/2876400.xml">
Before 1701</link>&nbsp;·  <link xlink:type="simple" xlink:href="../722/9268722.xml">
1701–1800</link></col>
</row>
<row>
<col style="padding-bottom:0.6em;">
 Of the <country wordnetid="108544813" confidence="0.9508927676800064">
<link xlink:type="simple" xlink:href="../238/415238.xml">
Kingdom of Scotland</link></country>
<link xlink:type="simple" xlink:href="../321/3606321.xml">
Up to 1707</link></col>
</row>
<row>
<col style="padding-bottom:1.0em;">
  Of the <country wordnetid="108544813" confidence="0.9508927676800064">
<link xlink:type="simple" xlink:href="../019/158019.xml">
Kingdom of Great Britain</link></country>
 <link xlink:type="simple" xlink:href="../811/3567811.xml">
1707–1719</link>&nbsp;·  <link xlink:type="simple" xlink:href="../828/3567828.xml">
1720–1739</link>&nbsp;·  <link xlink:type="simple" xlink:href="../848/3567848.xml">
1740–1759</link>&nbsp;·  <link xlink:type="simple" xlink:href="../864/3567864.xml">
1760–1779</link>&nbsp;·  <link xlink:type="simple" xlink:href="../893/3567893.xml">
1780–1800</link></col>
</row>
<row>
<header style="background:#ddf; line-height:1.1em; padding:0.25em 0.5em; font-size:110%;">
 <document wordnetid="106470073" confidence="0.8">
<legal_document wordnetid="106479665" confidence="0.8">
<written_communication wordnetid="106349220" confidence="0.8">
<writing wordnetid="106362953" confidence="0.8">
<act wordnetid="106532095" confidence="0.8">
<link xlink:type="simple" xlink:href="../549/17842549.xml">
Acts</link></act>
</writing>
</written_communication>
</legal_document>
</document>
 of the<parliament wordnetid="108319198" confidence="0.9508927676800064">
<link xlink:type="simple" xlink:href="../964/13964.xml">
United Kingdom Parliament</link></parliament>
</header>
</row>
<row>
<col style="padding-bottom:1.0em;">
<link xlink:type="simple" xlink:href="../991/3906991.xml">
1801–1819</link>&nbsp;· 
<link xlink:type="simple" xlink:href="../012/3907012.xml">
1820–1839</link>&nbsp;· 
<link xlink:type="simple" xlink:href="../024/3907024.xml">
1840–1859</link>&nbsp;· 
<link xlink:type="simple" xlink:href="../051/3907051.xml">
1860–1879</link>&nbsp;· 
<link xlink:type="simple" xlink:href="../080/3907080.xml">
1880–1899</link>&nbsp;· 
<link xlink:type="simple" xlink:href="../325/3919325.xml">
1900–1919</link>&nbsp;· 
<link xlink:type="simple" xlink:href="../342/3919342.xml">
1920–1939</link>&nbsp;· 
<link xlink:type="simple" xlink:href="../357/3919357.xml">
1940–1959</link>&nbsp;· 
<link xlink:type="simple" xlink:href="../380/3919380.xml">
1960–1979</link>&nbsp;· 
<link xlink:type="simple" xlink:href="../729/3919729.xml">
1980–1999</link>&nbsp;·  <link xlink:type="simple" xlink:href="../913/2795913.xml">
2000 to date</link></col>
</row>
<row>
<header style="background:#ddf; line-height:1.1em; font-size:110%;">
 <link xlink:type="simple" xlink:href="../754/831754.xml">
Delegated Legislation</link></header>
</row>
<row>
<col>
  <link xlink:type="simple" xlink:href="../289/17227289.xml">
Statutory Rules and Orders</link>
<link xlink:type="simple" xlink:href="../280/4164280.xml">
United Kingdom 1902-1947</link><link xlink:type="simple" xlink:href="../063/6523063.xml">
Northern Ireland 1922-1974</link></col>
</row>
<row>
<col>
  <artifact wordnetid="100021939" confidence="0.8">
<instrumentality wordnetid="103575240" confidence="0.8">
<device wordnetid="103183080" confidence="0.8">
<instrument wordnetid="103574816" confidence="0.8">
<link xlink:type="simple" xlink:href="../910/179910.xml">
United Kingdom Statutory Instruments</link></instrument>
</device>
</instrumentality>
</artifact>
 
<link xlink:type="simple" xlink:href="../619/4141619.xml">
1948</link>&nbsp;· 
<link xlink:type="simple" xlink:href="../628/4141628.xml">
1949</link>&nbsp;· 
<link xlink:type="simple" xlink:href="../769/4141769.xml">
1950</link>&nbsp;· 
<link xlink:type="simple" xlink:href="../323/6486323.xml">
1951</link>&nbsp;· 
<link xlink:type="simple" xlink:href="../924/4738924.xml">
1952</link>&nbsp;· 
<link xlink:type="simple" xlink:href="../195/4204195.xml">
1953</link>&nbsp;· 
<link xlink:type="simple" xlink:href="../776/4141776.xml">
1954</link>&nbsp;· 
<link xlink:type="simple" xlink:href="../019/4228019.xml">
1955</link>&nbsp;· 
<link xlink:type="simple" xlink:href="../384/4197384.xml">
1956</link>&nbsp;· 
<link xlink:type="simple" xlink:href="../355/4164355.xml">
1957</link>&nbsp;· 
<link xlink:type="simple" xlink:href="../250/4165250.xml">
1958</link>&nbsp;· 
<link xlink:type="simple" xlink:href="../550/4204550.xml">
1959</link>&nbsp;· 
<link xlink:type="simple" xlink:href="../005/4204005.xml">
1960</link>&nbsp;· 
<link xlink:type="simple" xlink:href="../193/5611193.xml">
1961</link>&nbsp;· 
<link xlink:type="simple" xlink:href="../477/4205477.xml">
1962</link>&nbsp;· 
<link xlink:type="simple" xlink:href="../960/6481960.xml">
1963</link>&nbsp;· 
<link xlink:type="simple" xlink:href="../517/4164517.xml">
1964</link>&nbsp;· 
<link xlink:type="simple" xlink:href="../872/4163872.xml">
1965</link>&nbsp;· 
<link xlink:type="simple" xlink:href="../035/4750035.xml">
1966</link>&nbsp;· 
<link xlink:type="simple" xlink:href="../882/4238882.xml">
1967</link>&nbsp;· 
<link xlink:type="simple" xlink:href="../426/4164426.xml">
1968</link>&nbsp;· 
<link xlink:type="simple" xlink:href="../913/4163913.xml">
1969</link>&nbsp;· 
<link xlink:type="simple" xlink:href="../139/4165139.xml">
1970</link>&nbsp;· 
<link xlink:type="simple" xlink:href="../902/4227902.xml">
1971</link>&nbsp;· 
<link xlink:type="simple" xlink:href="../608/4162608.xml">
1972</link>&nbsp;· 
<link xlink:type="simple" xlink:href="../795/4141795.xml">
1973</link>&nbsp;· 
<link xlink:type="simple" xlink:href="../618/4162618.xml">
1974</link>&nbsp;· 
<link xlink:type="simple" xlink:href="../622/4162622.xml">
1975</link>&nbsp;· 
<link xlink:type="simple" xlink:href="../580/4162580.xml">
1976</link>&nbsp;· 
<link xlink:type="simple" xlink:href="../635/4162635.xml">
1977</link>&nbsp;· 
<link xlink:type="simple" xlink:href="../644/4162644.xml">
1978</link>&nbsp;· 
<link xlink:type="simple" xlink:href="../651/4162651.xml">
1979</link>&nbsp;· 
<link xlink:type="simple" xlink:href="../662/4162662.xml">
1980</link>&nbsp;· 
<link xlink:type="simple" xlink:href="../805/4141805.xml">
1981</link>&nbsp;· 
<link xlink:type="simple" xlink:href="../693/4162693.xml">
1982</link>&nbsp;· 
<link xlink:type="simple" xlink:href="../589/4162589.xml">
1983</link>&nbsp;· 
<link xlink:type="simple" xlink:href="../728/4162728.xml">
1984</link>&nbsp;· 
<link xlink:type="simple" xlink:href="../735/4162735.xml">
1985</link>&nbsp;· 
<link xlink:type="simple" xlink:href="../819/4141819.xml">
1986</link>&nbsp;· 
<link xlink:type="simple" xlink:href="../065/3945065.xml">
1987</link>&nbsp;· 
<link xlink:type="simple" xlink:href="../356/3945356.xml">
1988</link>&nbsp;· 
<link xlink:type="simple" xlink:href="../850/3946850.xml">
1989</link>&nbsp;· 
<link xlink:type="simple" xlink:href="../593/3947593.xml">
1990</link>&nbsp;· 
<link xlink:type="simple" xlink:href="../376/3951376.xml">
1991</link>&nbsp;· 
<link xlink:type="simple" xlink:href="../433/3951433.xml">
1992</link>&nbsp;· 
<link xlink:type="simple" xlink:href="../505/3951505.xml">
1993</link>&nbsp;· 
<link xlink:type="simple" xlink:href="../586/3951586.xml">
1994</link>&nbsp;· 
<link xlink:type="simple" xlink:href="../664/3951664.xml">
1995</link>&nbsp;· 
<link xlink:type="simple" xlink:href="../728/3951728.xml">
1996</link>&nbsp;· 
<link xlink:type="simple" xlink:href="../342/3957342.xml">
1997</link>&nbsp;· 
<link xlink:type="simple" xlink:href="../009/4388009.xml">
1998</link>&nbsp;· 
<link xlink:type="simple" xlink:href="../012/4388012.xml">
1999</link>&nbsp;· 
<link xlink:type="simple" xlink:href="../991/4387991.xml">
2000</link>&nbsp;· 
<link xlink:type="simple" xlink:href="../992/4387992.xml">
2001</link>&nbsp;· 
<link xlink:type="simple" xlink:href="../823/4141823.xml">
2002</link>&nbsp;· 
<link xlink:type="simple" xlink:href="../005/4388005.xml">
2003</link>&nbsp;· 
<link xlink:type="simple" xlink:href="../006/4388006.xml">
2004</link>&nbsp;· 
<link xlink:type="simple" xlink:href="../835/4141835.xml">
2005</link>&nbsp;· 
<link xlink:type="simple" xlink:href="../841/4141841.xml">
2006</link>&nbsp;· 
<link xlink:type="simple" xlink:href="../543/8856543.xml">
2007</link>&nbsp;· 
<link xlink:type="simple" xlink:href="../329/15150329.xml">
2008</link></col>
</row>
<row>
<header style="background:#ddf; font-size:110%;">
 <link xlink:type="simple" xlink:href="../576/148576.xml">
Devolved</link>Legislation</header>
</row>
<row>
<col>
  Acts <link xlink:type="simple" xlink:href="../328/3606328.xml">
Acts of the Scottish Parliament (1999 to date)</link><link xlink:type="simple" xlink:href="../751/3931751.xml">
Acts of the N.&nbsp;Ireland Parliament (1921–1972)</link><link xlink:type="simple" xlink:href="../433/2497433.xml">
Acts of the Northern Ireland Assembly(2000-2002, 2007 to date)</link></col>
</row>
<row>
<col style="padding:0.33em 0 1.75em 0;">
  Measures and Orders <link xlink:type="simple" xlink:href="../500/10456500.xml">
Measures of the Welsh Assembly</link><link xlink:type="simple" xlink:href="../977/4105977.xml">
Orders in Council for Northern Ireland</link></col>
</row>
<row>
<col style="padding:0.33em 0 1.75em 0;">
  Delegated Legislation 
<b><law wordnetid="108441203" confidence="0.8">
<collection wordnetid="107951464" confidence="0.8">
<group wordnetid="100031264" confidence="0.8">
<link xlink:type="simple" xlink:href="../512/5323512.xml">
Scottish Statutory Instruments</link></group>
</collection>
</law>
</b>
<link xlink:type="simple" xlink:href="../580/4240580.xml">
1999</link>&nbsp;· 
<link xlink:type="simple" xlink:href="../209/4255209.xml">
2000</link>&nbsp;· 
<link xlink:type="simple" xlink:href="../713/4504713.xml">
2001</link>&nbsp;· 
<link xlink:type="simple" xlink:href="../624/5316624.xml">
2002</link>&nbsp;· 
<link xlink:type="simple" xlink:href="../527/5468527.xml">
2003</link>&nbsp;· 
<link xlink:type="simple" xlink:href="../450/5812450.xml">
2004</link>&nbsp;· 
<link xlink:type="simple" xlink:href="../047/5881047.xml">
2005</link>&nbsp;· 
<link xlink:type="simple" xlink:href="../603/4240603.xml">
2006</link>&nbsp;· 
<link xlink:type="simple" xlink:href="../693/8956693.xml">
2007</link>&nbsp;· 
<link xlink:type="simple" xlink:href="../595/15302595.xml">
2008</link><p>

<b>Welsh Statutory Instruments</b>
<link xlink:type="simple" xlink:href="../619/4240619.xml">
1999</link>&nbsp;· 
<link xlink:type="simple" xlink:href="../631/4240631.xml">
2000</link>&nbsp;· 
<link xlink:type="simple" xlink:href="../724/4253724.xml">
2001</link>&nbsp;· 
<link xlink:type="simple" xlink:href="../632/4403632.xml">
2002</link>&nbsp;· 
<link xlink:type="simple" xlink:href="../995/4430995.xml">
2003</link>&nbsp;· 
<link xlink:type="simple" xlink:href="../240/4469240.xml">
2004</link>&nbsp;· 
<link xlink:type="simple" xlink:href="../252/4532252.xml">
2005</link>&nbsp;· 
<link xlink:type="simple" xlink:href="../645/4240645.xml">
2006</link>&nbsp;· 
<link xlink:type="simple" xlink:href="../137/8991137.xml">
2007</link>&nbsp;· 
<link xlink:type="simple" xlink:href="../666/15218666.xml">
2008</link></p>
<p>

<b><law wordnetid="108441203" confidence="0.8">
<collection wordnetid="107951464" confidence="0.8">
<group wordnetid="100031264" confidence="0.8">
<link xlink:type="simple" xlink:href="../737/17230737.xml">
Statutory Rules of Northern Ireland</link></group>
</collection>
</law>
</b>
<link>
1974</link>&nbsp;· 
<link>
1975</link>&nbsp;· 
<link>
1976</link>&nbsp;· 
<link>
1977</link>&nbsp;· 
<link xlink:type="simple" xlink:href="../126/4751126.xml">
1978</link>&nbsp;· 
<link>
1979</link>&nbsp;· 
<link>
1980</link>&nbsp;· 
<link>
1981</link>&nbsp;· 
<link>
1982</link>&nbsp;· 
<link>
1983</link>&nbsp;· 
<link xlink:type="simple" xlink:href="../369/5398369.xml">
1984</link>&nbsp;· 
<link>
1985</link>&nbsp;· 
<link xlink:type="simple" xlink:href="../335/6438335.xml">
1986</link>&nbsp;· 
<link>
1987</link>&nbsp;· 
<link>
1988</link>&nbsp;· 
<link>
1989</link>&nbsp;· 
<link>
1990</link>&nbsp;· 
<link xlink:type="simple" xlink:href="../502/4240502.xml">
1991</link>&nbsp;· 
<link xlink:type="simple" xlink:href="../589/6541589.xml">
1992</link>&nbsp;· 
<link xlink:type="simple" xlink:href="../130/6559130.xml">
1993</link>&nbsp;· 
<link xlink:type="simple" xlink:href="../387/6581387.xml">
1994</link>&nbsp;· 
<link xlink:type="simple" xlink:href="../098/6617098.xml">
1995</link>&nbsp;· 
<link xlink:type="simple" xlink:href="../590/6642590.xml">
1996</link>&nbsp;· 
<link xlink:type="simple" xlink:href="../320/7016320.xml">
1997</link>&nbsp;· 
<link xlink:type="simple" xlink:href="../373/7166373.xml">
1998</link>&nbsp;· 
<link xlink:type="simple" xlink:href="../211/7421211.xml">
1999</link>&nbsp;· 
<link xlink:type="simple" xlink:href="../117/7807117.xml">
2000</link>&nbsp;· 
<link xlink:type="simple" xlink:href="../125/8706125.xml">
2001</link>&nbsp;· 
<link xlink:type="simple" xlink:href="../564/9469564.xml">
2002</link>&nbsp;· 
<link xlink:type="simple" xlink:href="../182/10505182.xml">
2003</link>&nbsp;· 
<link xlink:type="simple" xlink:href="../495/11529495.xml">
2004</link>&nbsp;· 
<link xlink:type="simple" xlink:href="../508/4240508.xml">
2005</link>&nbsp;· 
<link xlink:type="simple" xlink:href="../517/4240517.xml">
2006</link>&nbsp;· 
<link xlink:type="simple" xlink:href="../372/8942372.xml">
2007</link>&nbsp;· 
<link xlink:type="simple" xlink:href="../648/15218648.xml">
2008</link></p>
</col>
</row>
<row>
<header style="background:#ddf;">
 <denomination wordnetid="108146782" confidence="0.9508927676800064">
<link xlink:type="simple" xlink:href="../955/5955.xml">
Church of England</link></denomination>
</header>
</row>
<row>
<col>
 <link xlink:type="simple" xlink:href="../525/4242525.xml">
Measures</link>&nbsp;·  <link xlink:type="simple" xlink:href="../516/8908516.xml">
Instruments</link></col>
</row>
</table>
<p>

This is an incomplete <b>list of <law wordnetid="108441203" confidence="0.8">
<collection wordnetid="107951464" confidence="0.8">
<group wordnetid="100031264" confidence="0.8">
<link xlink:type="simple" xlink:href="../737/17230737.xml">
Statutory Rules of Northern Ireland</link></group>
</collection>
</law>
 in 2003</b>.</p>


<ss2>
<st>
1-100</st>

<p>

<list>
<entry level="1" type="bullet">

 Income-Related Benefits and Jobseeker's Allowance (Working Tax Credit and Child Tax Credit Amendment) Regulations (Northern Ireland) 2003 S.R. 2003 No. 1</entry>
<entry level="1" type="bullet">

 Plastic Materials and Articles in Contact with Food (Amendment) Regulations (Northern Ireland) 2003 S.R. 2003 No. 2</entry>
<entry level="1" type="bullet">

 Companies (Northern Ireland) Order 1986 (Electronic Communications) Order (Northern Ireland) 2003 S.R. 2003 No. 3</entry>
<entry level="1" type="bullet">

 Companies (Principal Business Activities) (Amendment) Regulations (Northern Ireland) 2003 S.R. 2003 No. 4</entry>
<entry level="1" type="bullet">

 Foreign Companies (Execution of Documents) Regulations (Northern Ireland) 2003 S.R. 2003 No. 5</entry>
<entry level="1" type="bullet">

 General Medical Services (Amendment) Regulations (Northern Ireland) 2003 S.R. 2003 No. 6</entry>
<entry level="1" type="bullet">

 Anti-Pollution Works Regulations (Northern Ireland) 2003 S.R. 2003 No. 7</entry>
<entry level="1" type="bullet">

 Road Vehicles (Testing) (Disclosure of Information) Regulations (Northern Ireland) 2003 S.R. 2003 No. 8</entry>
<entry level="1" type="bullet">

 Animal By-Products (Identification) (Amendment) Regulations (Northern Ireland) 2003 S.R. 2003 No. 9</entry>
<entry level="1" type="bullet">

 Kava-kava in Food Regulations (Northern Ireland) 2003 S.R. 2003 No. 10</entry>
<entry level="1" type="bullet">

 Road Service Licensing (Amendment) Regulations (Northern Ireland) 2003 S.R. 2003 No. 14</entry>
<entry level="1" type="bullet">

 Gaming (Variation of Monetary Limits) Order (Northern Ireland) 2003 S.R. 2003 No. 15</entry>
<entry level="1" type="bullet">

 Intercountry Adoption (Hague Convention) Regulations (Northern Ireland) 2003 S.R. 2003 No. 16</entry>
<entry level="1" type="bullet">

 Magistrates' Courts (Detention and Forfeiture of Seized Cash) Rules (Northern Ireland) 2003 S.R. 2003 No. 17</entry>
<entry level="1" type="bullet">

 Social Security Commissioners (Procedure) (Tax Credits Appeals) Regulations (Northern Ireland) 2003 S.R. 2003 No. 18</entry>
<entry level="1" type="bullet">

 Road Vehicles Lighting (Amendment) Regulations (Northern Ireland) 2003 S.R. 2003 No. 19</entry>
<entry level="1" type="bullet">

 Livestock and Meat Commission (Maximum Levy) Regulations (Northern Ireland) 2003 S.R. 2003 No. 20</entry>
<entry level="1" type="bullet">

 Livestock and Meat Commission (Levy) Regulations (Northern Ireland) 2003 S.R. 2003 No. 21</entry>
<entry level="1" type="bullet">

 <document wordnetid="106470073" confidence="0.8">
<legal_document wordnetid="106479665" confidence="0.8">
<written_communication wordnetid="106349220" confidence="0.8">
<writing wordnetid="106362953" confidence="0.8">
<act wordnetid="106532095" confidence="0.8">
<right wordnetid="105174653" confidence="0.8">
<link xlink:type="simple" xlink:href="../321/227321.xml">
Disability Discrimination Act 1995</link></right>
</act>
</writing>
</written_communication>
</legal_document>
</document>
 (Commencement No. 9) Order (Northern Ireland) 2003 S.R. 2003 No. 24</entry>
<entry level="1" type="bullet">

 State Pension Credit Regulations (Northern Ireland) 2003 S.R. 2003 No. 28</entry>
<entry level="1" type="bullet">

 <link>
State Pension Credit (2002 Act)</link> (Commencement No. 2) Order (Northern Ireland) 2003 S.R. 2003 No. 29</entry>
<entry level="1" type="bullet">

 Valuation for Rating (Decapitalisation Rate) Regulations (Northern Ireland) 2003 S.R. 2003 No. 30</entry>
<entry level="1" type="bullet">

 Valuation for Rating (Plant and Machinery) Order (Northern Ireland) 2003 S.R. 2003 No. 31</entry>
<entry level="1" type="bullet">

 Magistrates' Courts (Sex Offender Orders) (Amendment) Rules (Northern Ireland) 2003 S.R. 2003 No. 32</entry>
<entry level="1" type="bullet">

 Control of Asbestos at Work Regulations (Northern Ireland) 2003 S.R. 2003 No. 33</entry>
<entry level="1" type="bullet">

 Control of Substances Hazardous to Health Regulations (Northern Ireland) 2003 S.R. 2003 No. 34</entry>
<entry level="1" type="bullet">

 Control of Lead at Work Regulations (Northern Ireland) 2003 S.R. 2003 No. 35</entry>
<entry level="1" type="bullet">

 Notification of New Substances (Amendment) Regulations (Northern Ireland) 2003 S.R. 2003 No. 36</entry>
<entry level="1" type="bullet">

 Public Service Vehicles Accessibility Regulations (Northern Ireland) 2003 S.R. 2003 No. 37</entry>
<entry level="1" type="bullet">

 Public Service Vehicles (Conditions of Fitness, Equipment and Use) (Amendment) Regulations (Northern Ireland) 2003 S.R. 2003 No. 38</entry>
<entry level="1" type="bullet">

 Motor Vehicles (Construction and Use) (Amendment) Regulations (Northern Ireland) 2003 S.R. 2003 No. 39</entry>
<entry level="1" type="bullet">

 Public Service Vehicles (Amendment) Regulations (Northern Ireland) 2003 S.R. 2003 No. 40</entry>
<entry level="1" type="bullet">

 Planning (Fees) (Amendment) Regulations (Northern Ireland) 2003 S.R. 2003 No. 41</entry>
<entry level="1" type="bullet">

 Seeds (Miscellaneous Amendments) Regulations (Northern Ireland) 2003 S.R. 2003 No. 42</entry>
<entry level="1" type="bullet">

 Legal Aid (Remuneration of Solicitors and Counsel in County Court Proceedings) (Amendment) Order (Northern Ireland) 2003 S.R. 2003 No. 43</entry>
<entry level="1" type="bullet">

 Social Security (Overlapping Benefits) (Amendment) Regulations (Northern Ireland) 2003 S.R. 2003 No. 44</entry>
<entry level="1" type="bullet">

 Social Security and Child Support (Decisions and Appeals) (Amendment) Regulations (Northern Ireland) 2003 S.R. 2003 No. 45</entry>
<entry level="1" type="bullet">

 Pollution Prevention and Control Regulations (Northern Ireland) 2003 S.R. 2003 No. 46</entry>
<entry level="1" type="bullet">

 Miscellaneous Charges (Amendments) Regulations (Northern Ireland) 2003 S.R. 2003 No. 48</entry>
<entry level="1" type="bullet">

 <link>
Environment (Northern Ireland) (2002 Order)</link> (Commencement No. 1) Order (Northern Ireland) 2003 S.R. 2003 No. 49</entry>
<entry level="1" type="bullet">

 Health and Safety at Work Order (Application to Environmentally Hazardous Substances) Regulations (Northern Ireland) 2003 S.R. 2003 No. 52</entry>
<entry level="1" type="bullet">

 <link>
Child Support, Pensions and Social Security (2000 Act)</link> (Commencement No. 9) Order (Northern Ireland) 2003 S.R. 2003 No. 53</entry>
<entry level="1" type="bullet">

 Rules of the Supreme Court (Northern Ireland) (Amendment) 2003 S.R. 2003 No. 54</entry>
<entry level="1" type="bullet">

 Blue Tongue Order (Northern Ireland) 2003 S.R. 2003 No. 55</entry>
<entry level="1" type="bullet">

 Child Support (Applications: Prescribed Date) Regulations (Northern Ireland) 2003 S.R. 2003 No. 56</entry>
<entry level="1" type="bullet">

 Social Security (Child Maintenance Premium and Miscellaneous Amendments) (Amendment) Regulations (Northern Ireland) 2003 S.R. 2003 No. 57</entry>
<entry level="1" type="bullet">

 Local Government (General Grant) Regulations (Northern Ireland) 2003 S.R. 2003 No. 58</entry>
<entry level="1" type="bullet">

 Sea Fishing (Restriction on Days at Sea) Order (Northern Ireland) 2003 S.R. 2003 No. 59</entry>
<entry level="1" type="bullet">

 Police Service of Northern Ireland and Police Service of Northern Ireland Reserve (Full-Time) (Severance) Regulations 2003 S.R. 2003 No. 60</entry>
<entry level="1" type="bullet">

 Local Government (Early Termination of Employment) (Discretionary Compensation) Regulations (Northern Ireland) 2003 S.R. 2003 No. 61</entry>
<entry level="1" type="bullet">

 Registered Rents (Increase) Order (Northern Ireland) 2003 S.R. 2003 No. 62</entry>
<entry level="1" type="bullet">

 Social Security (Industrial Injuries) (Prescribed Diseases) (Amendment) Regulations (Northern Ireland) 2003 S.R. 2003 No. 63</entry>
<entry level="1" type="bullet">

 Motor Vehicles (Driving Licences) (Amendment) Regulations (Northern Ireland) 2003 S.R. 2003 No. 64</entry>
<entry level="1" type="bullet">

 Motor Cars (Driving Instruction) (Amendment) Regulations (Northern Ireland) 2003 S.R. 2003 No. 65</entry>
<entry level="1" type="bullet">

 <legislation wordnetid="106535222" confidence="0.9508927676800064">
<link xlink:type="simple" xlink:href="../397/13340397.xml">
Police (Northern Ireland) Act 2000</link></legislation>
 (Commencement No. 5) Order 2003 S.R. 2003 No. 66</entry>
<entry level="1" type="bullet">

 Police Service of Northern Ireland (Conduct) Regulations 2003 S.R. 2003 No. 68</entry>
<entry level="1" type="bullet">

 <link>
Health and Personal Social Services (2001 Act)</link> (Commencement No. 5) Order (Northern Ireland) 2003 S.R. 2003 No. 69</entry>
<entry level="1" type="bullet">

 Potatoes Originating in Egypt (Amendment) Regulations (Northern Ireland) 2003 S.R. 2003 No. 70</entry>
<entry level="1" type="bullet">

 Crown Court (Amendment) Rules (Northern Ireland) 2003 S.R. 2003 No. 71</entry>
<entry level="1" type="bullet">

 Valuation (Railways) Regulations (Northern Ireland) 2003 S.R. 2003 No. 72</entry>
<entry level="1" type="bullet">

 Revaluation (Consequential Provisions) Order (Northern Ireland) 2003 S.R. 2003 No. 73</entry>
<entry level="1" type="bullet">

 General Ophthalmic Services (Amendment) Regulations (Northern Ireland) 2003 S.R. 2003 No. 74</entry>
<entry level="1" type="bullet">

 Family Proceedings (Amendment) Rules (Northern Ireland) 2003 S.R. 2003 No. 75</entry>
<entry level="1" type="bullet">

 Railways (Rateable Value) Order (Northern Ireland) 2003 S.R. 2003 No. 76</entry>
<entry level="1" type="bullet">

 Valuation (Electricity) Order (Northern Ireland) 2003 S.R. 2003 No. 77</entry>
<entry level="1" type="bullet">

 Rates (Regional Rates) Order (Northern Ireland) 2003 S.R. 2003 No. 78</entry>
<entry level="1" type="bullet">

 Plant Protection Products (Amendment) Regulations (Northern Ireland) 2003 S.R. 2003 No. 79</entry>
<entry level="1" type="bullet">

 Housing Benefit (General) (Amendment) Regulations (Northern Ireland) 2003 S.R. 2003 No. 80</entry>
<entry level="1" type="bullet">

 Motor Vehicles (Driving Licences) (Designation of Relevant External Law) Order (Northern Ireland) 2003 S.R. 2003 No. 83</entry>
<entry level="1" type="bullet">

 Child Support and Social Security (Miscellaneous Amendments) Regulations (Northern Ireland) 2003 S.R. 2003 No. 84</entry>
<entry level="1" type="bullet">

 Social Security Pensions (Low Earnings Threshold) Order (Northern Ireland) 2003 S.R. 2003 No. 85</entry>
<entry level="1" type="bullet">

 Teachers' Superannuation (Additional Voluntary Contributions) (Amendment) Regulations (Northern Ireland) 2003 S.R. 2003 No. 86</entry>
<entry level="1" type="bullet">

 Infected Waters (Infectious Pancreatic Necrosis) Order (Northern Ireland) 2003 S.R. 2003 No. 87</entry>
<entry level="1" type="bullet">

 Legal Aid (Financial Conditions) Regulations (Northern Ireland) 2003 S.R. 2003 No. 88</entry>
<entry level="1" type="bullet">

 Legal Advice and Assistance (Financial Conditions) Regulations (Northern Ireland) 2003 S.R. 2003 No. 89</entry>
<entry level="1" type="bullet">

 Legal Advice and Assistance (Amendment) Regulations (Northern Ireland) 2003 S.R. 2003 No. 90</entry>
<entry level="1" type="bullet">

 Child Support and Social Security (Transitional Provision) (Miscellaneous Amendments) Regulations (Northern Ireland) 2003 S.R. 2003 No. 91</entry>
<entry level="1" type="bullet">

 <link>
Child Support, Pensions and Social Security (2000 Act)</link> (Commencement No. 10) Order (Northern Ireland) 2003 S.R. 2003 No. 92</entry>
<entry level="1" type="bullet">

 Valuation (Telecommunications) Regulations (Northern Ireland) 2003 S.R. 2003 No. 93</entry>
<entry level="1" type="bullet">

 Legal Advice and Assistance (Amendment No. 2) Regulations (Northern Ireland) 2003 S.R. 2003 No. 94</entry>
<entry level="1" type="bullet">

 Radioactive Substances (Natural Gas) Exemption Order (Northern Ireland) 2003 S.R. 2003 No. 95</entry>
<entry level="1" type="bullet">

 Industrial Pollution Control (Prescribed Processes and Substances) (Amendment) Regulations (Northern Ireland) 2003 S.R. 2003 No. 96</entry>
<entry level="1" type="bullet">

 Environmental Protection (Controls on Ozone-Depleting Substances) Regulations (Northern Ireland) 2003 S.R. 2003 No. 97</entry>
<entry level="1" type="bullet">

 Planning (General Development) (Amendment) Order (Northern Ireland) 2003 S.R. 2003 No. 98</entry>
<entry level="1" type="bullet">

 Public Service Vehicles (Licence Fees) (Amendment) Regulations (Northern Ireland) 2003 S.R. 2003 No. 99</entry>
<entry level="1" type="bullet">

 Motor Vehicles (Driving Licences) (Amendment) (Test Fees) Regulations (Northern Ireland) 2003 S.R. 2003 No. 100</entry>
</list>
</p>

</ss2>
<ss2>
<st>
101-200</st>

<p>

<list>
<entry level="1" type="bullet">

 Motor Vehicle Testing (Amendment) (Fees) Regulations (Northern Ireland) 2003 S.R. 2003 No. 101</entry>
<entry level="1" type="bullet">

 Goods Vehicles (Testing) (Fees) (Amendment) Regulations (Northern Ireland) 2003 S.R. 2003 No. 102</entry>
<entry level="1" type="bullet">

 Administration of Insolvent Estates of Deceased Persons (Amendment) Order (Northern Ireland) 2003 S.R. 2003 No. 103</entry>
<entry level="1" type="bullet">

 Livestock and Meat Commission (Levy) (No. 2) Regulations (Northern Ireland) 2003 S.R. 2003 No. 104</entry>
<entry level="1" type="bullet">

 Marketing and Use of Dangerous Substances Regulations (Northern Ireland) 2003 S.R. 2003 No. 105</entry>
<entry level="1" type="bullet">

 Marketing and Use of Dangerous Substances (No. 2) Regulations (Northern Ireland) 2003 S.R. 2003 No. 106</entry>
<entry level="1" type="bullet">

 Social Security (Work-focused Interviews for Lone Parents Amendment) Regulations (Northern Ireland) 2003 S.R. 2003 No. 107</entry>
<entry level="1" type="bullet">

 Housing Benefit (General) (Amendment No. 2) Regulations (Northern Ireland) 2003 S.R. 2003 No. 108</entry>
<entry level="1" type="bullet">

 Disability Discrimination (Providers of Services) (Adjustment of Premises) Regulations (Northern Ireland) 2003 S.R. 2003 No. 109</entry>
<entry level="1" type="bullet">

 Further Education (Amendment of Governing Bodies' Powers) Order (Northern Ireland) 2003 S.R. 2003 No. 110</entry>
<entry level="1" type="bullet">

 M1/A1 (Sprucefield Interchange) Order (Northern Ireland) 2003 S.R. 2003 No. 112</entry>
<entry level="1" type="bullet">

 <link>
Environment (Northern Ireland) (2002 Order)</link> (Commencement No. 2) Order (Northern Ireland) 2003 S.R. 2003 No. 113</entry>
<entry level="1" type="bullet">

 Foyle Area and Carlingford Area (Licensing of Fishing Engines) (Amendment) Regulations 2003 S.R. 2003 No. 114</entry>
<entry level="1" type="bullet">

 Zoos Licensing Regulations (Northern Ireland) 2003 S.R. 2003 No. 115</entry>
<entry level="1" type="bullet">

 Social Fund (Maternity and Funeral Expenses) (General) (Amendment) Regulations (Northern Ireland) 2003 S.R. 2003 No. 117</entry>
<entry level="1" type="bullet">

 Social Security (Claims and Payments) (Amendment) Regulations (Northern Ireland) 2003 S.R. 2003 No. 118</entry>
<entry level="1" type="bullet">

 Working Time (Amendment) Regulations (Northern Ireland) 2003 S.R. 2003 No. 119</entry>
<entry level="1" type="bullet">

 Strategic Investment and Regeneration of Sites (Designation) Order (Northern Ireland) 2003 S.R. 2003 No. 120</entry>
<entry level="1" type="bullet">

 Education (Student Support) (Amendment) Regulations (Northern Ireland) 2003 S.R. 2003 No. 121</entry>
<entry level="1" type="bullet">

 Magistrates' Courts (Proceeds of Crime Act 2002) (Confiscation) Rules (Northern Ireland) 2003 S.R. 2003 No. 122</entry>
<entry level="1" type="bullet">

 Pesticides (Maximum Residue Levels in Crops, Food and Feeding Stuffs) (Amendment) Regulations (Northern Ireland) 2003 S.R. 2003 No. 123</entry>
<entry level="1" type="bullet">

 Motor Vehicles (Approval) (Amendment) Regulations (Northern Ireland) 2003 S.R. 2003 No. 124</entry>
<entry level="1" type="bullet">

 Councillors (Travelling and Subsistence Allowances) (Amendment) Regulations (Northern Ireland) 2003 S.R. 2003 No. 125</entry>
<entry level="1" type="bullet">

 Valuation for Rating (Docks) Order (Northern Ireland) 2003 S.R. 2003 No. 129</entry>
<entry level="1" type="bullet">

 General Medical Services (Amendment No. 2) Regulations (Northern Ireland) 2003 S.R. 2003 No. 133</entry>
<entry level="1" type="bullet">

 Dental Charges (Amendment) Regulations (Northern Ireland) 2003 S.R. 2003 No. 134</entry>
<entry level="1" type="bullet">

 General Dental Services (Amendment) Regulations (Northern Ireland) 2003 S.R. 2003 No. 135</entry>
<entry level="1" type="bullet">

 Harbour Works (Environmental Impact Assessment) Regulations (Northern Ireland) 2003 S.R. 2003 No. 136</entry>
<entry level="1" type="bullet">

 Juvenile Justice Board (Transfer of Functions) Order (Northern Ireland) 2003 S.R. 2003 No. 137</entry>
<entry level="1" type="bullet">

 Social Care Tribunals Rules (Northern Ireland) 2003 S.R. 2003 No. 138</entry>
<entry level="1" type="bullet">

 Northern Ireland Social Care Council (Description of Social Care Workers) Order (Northern Ireland) 2003 S.R. 2003 No. 139</entry>
<entry level="1" type="bullet">

 <link>
Financial Investigations (Northern Ireland) Order 2001</link> (Commencement) Order 2003 S.R. 2003 No. 140</entry>
<entry level="1" type="bullet">

 <link>
Proceeds of Crime (Northern Ireland) Order 1996</link> (Code of Practice) (Commencement) Order 2003 S.R. 2003 No. 141</entry>
<entry level="1" type="bullet">

 <link>
Police (Northern Ireland) Act 1998</link> (Commencement No. 5) Order (Northern Ireland) 2003 S.R. 2003 No. 142</entry>
<entry level="1" type="bullet">

 Rates (Transitional Relief) Order (Northern Ireland) 2003 S.R. 2003 No. 1434</entry>
<entry level="1" type="bullet">

 Insolvent Partnerships (Amendment) Order (Northern Ireland) 2003 S.R. 2003 No. 144</entry>
<entry level="1" type="bullet">

 Motor Vehicles (Construction and Use) (Amendment No. 2) Regulations (Northern Ireland) 2003 S.R. 2003 No. 145</entry>
<entry level="1" type="bullet">

 Social Security Revaluation of Earnings Factors Order (Northern Ireland) 2003 S.R. 2003 No. 146</entry>
<entry level="1" type="bullet">

 Teachers' Superannuation (Amendment) Regulations (Northern Ireland) 2003 S.R. 2003 No. 147</entry>
<entry level="1" type="bullet">

 M1-M2 Link (Belfast) Order (Northern Ireland) 2003 S.R. 2003 No. 149</entry>
<entry level="1" type="bullet">

 Guaranteed Minimum Pensions Increase Order (Northern Ireland) 2003 S.R. 2003 No. 150</entry>
<entry level="1" type="bullet">

 Social Security (Credits) (Amendment) Regulations (Northern Ireland) 2003 S.R. 2003 No. 151</entry>
<entry level="1" type="bullet">

 Dangerous Substances and Explosive Atmospheres Regulations (Northern Ireland) 2003 S.R. 2003 No. 152</entry>
<entry level="1" type="bullet">

 Charges for Drugs and Appliances (Amendment) Regulations (Northern Ireland) 2003 S.R. 2003 No. 153</entry>
<entry level="1" type="bullet">

 Social Security (Miscellaneous Amendments) Regulations (Northern Ireland) 2003 S.R. 2003 No. 154</entry>
<entry level="1" type="bullet">

 Social Security Benefits Up-rating Order (Northern Ireland) 2003 S.R. 2003 No. 155</entry>
<entry level="1" type="bullet">

 Social Security Benefits Up-rating Regulations (Northern Ireland) 2003 S.R. 2003 No. 156</entry>
<entry level="1" type="bullet">

 Social Security (Industrial Injuries) (Dependency) (Permitted Earnings Limits) Order (Northern Ireland) 2003 S.R. 2003 No. 157</entry>
<entry level="1" type="bullet">

 Miscellaneous Food Additives (Amendment) Regulations (Northern Ireland) 2003 S.R. 2003 No. 158</entry>
<entry level="1" type="bullet">

 Food Labelling (Amendment) Regulations (Northern Ireland) 2003 S.R. 2003 No. 159</entry>
<entry level="1" type="bullet">

 Fish Labelling Regulations (Northern Ireland) 2003 S.R. 2003 No. 160</entry>
<entry level="1" type="bullet">

 Social Security (Earnings Factor) (Amendment) Regulations (Northern Ireland) 2003 S.R. 2003 No. 161</entry>
<entry level="1" type="bullet">

 Less Favoured Area Compensatory Allowances Regulations (Northern Ireland) 2003 S.R. 2003 No. 162</entry>
<entry level="1" type="bullet">

 Departments (Transfer of Functions) Order (Northern Ireland) 2003 S.R. 2003 No. 163</entry>
<entry level="1" type="bullet">

 Workmen's Compensation (Supplementation) (Amendment) Regulations (Northern Ireland) 2003 S.R. 2003 No. 164</entry>
<entry level="1" type="bullet">

 Marketing and Use of Dangerous Substances (No. 3) Regulations (Northern Ireland) 2003 S.R. 2003 No. 165</entry>
<entry level="1" type="bullet">

 Education (Student Loans) (Repayment) (Amendment) Regulations (Northern Ireland) 2003 S.R. 2003 No. 166</entry>
<entry level="1" type="bullet">

 Genetically Modified Organisms (Deliberate Release) Regulations (Northern Ireland) 2003 S.R. 2003 No. 167</entry>
<entry level="1" type="bullet">

 Social Security (Maternity Allowance) (Earnings) (Amendment) Regulations (Northern Ireland) 2003 S.R. 2003 No. 168</entry>
<entry level="1" type="bullet">

 Pensions Increase (Review) Order (Northern Ireland) 2003 S.R. 2003 No. 169</entry>
<entry level="1" type="bullet">

 Travelling Expenses and Remission of Charges (Amendment) Regulations (Northern Ireland) 2003 S.R. 2003 No. 170</entry>
<entry level="1" type="bullet">

 <link>
Housing Support Services (2002 Order)</link> (Commencement) Order (Northern Ireland) 2003 S.R. 2003 No. 171</entry>
<entry level="1" type="bullet">

 Housing Support Services Regulations (Northern Ireland) 2003 S.R. 2003 No. 172</entry>
<entry level="1" type="bullet">

 Flexible Working (Procedural Requirements) Regulations (Northern Ireland) 2003 S.R. 2003 No. 173</entry>
<entry level="1" type="bullet">

 Flexible Working (Eligibility, Complaints and Remedies) Regulations (Northern Ireland) 2003 S.R. 2003 No. 174</entry>
<entry level="1" type="bullet">

 Plant Health (Wood and Bark) (Phytophthora ramorum) Order (Northern Ireland) 2003 S.R. 2003 No. 175</entry>
<entry level="1" type="bullet">

 Optical Charges and Payments and General Ophthalmic Services (Amendment) Regulations (Northern Ireland) 2003 S.R. 2003 No. 176</entry>
<entry level="1" type="bullet">

 Natural Mineral Water, Spring Water and Bottled Drinking Water (Amendment) Regulations (Northern Ireland) 2003 S.R. 2003 No. 182</entry>
<entry level="1" type="bullet">

 Motor Vehicles (Driving Licences) (Amendment No. 2) Regulations (Northern Ireland) 2003 S.R. 2003 No. 183</entry>
<entry level="1" type="bullet">

 Police Service of Northern Ireland (Amendment) Regulations 2003 S.R. 2003 No. 184</entry>
<entry level="1" type="bullet">

 Valuation (Natural Gas Undertaking) Regulations (Northern Ireland) 2003 S.R. 2003 No. 185</entry>
<entry level="1" type="bullet">

 Valuation (Water Undertaking) Regulations (Northern Ireland) 2003 S.R. 2003 No. 186</entry>
<entry level="1" type="bullet">

 Housing Benefit (General) (Amendment No. 4) Regulations (Northern Ireland) 2003 S.R. 2003 No. 187</entry>
<entry level="1" type="bullet">

 <link>
Planning (Amendment) (2003 Order)</link> (Commencement No. 1) Order (Northern Ireland) 2003 S.R. 2003 No. 188</entry>
<entry level="1" type="bullet">

 Housing Benefit (General) (Amendment No. 3) Regulations (Northern Ireland) 2003 S.R. 2003 No. 189</entry>
<entry level="1" type="bullet">

 State Pension Credit (Consequential, Transitional and Miscellaneous Provisions) Regulations (Northern Ireland) 2003 S.R. 2003 No. 191</entry>
<entry level="1" type="bullet">

 Slaughter Premium (Amendment) Regulations (Northern Ireland) 2003 S.R. 2003 No. 192</entry>
<entry level="1" type="bullet">

 Plant Health (Phytophthora ramorum) Order (Northern Ireland) 2003 S.R. 2003 No. 193</entry>
<entry level="1" type="bullet">

 Surface Waters (Fishlife) (Classification) (Amendment) Regulations (Northern Ireland) 2003 S.R. 2003 No. 194</entry>
<entry level="1" type="bullet">

 Social Security (Working Tax Credit and Child Tax Credit Consequential Amendments) Regulations (Northern Ireland) 2003 S.R. 2003 No. 195</entry>
<entry level="1" type="bullet">

 Income-Related Benefits and Jobseeker's Allowance (Working Tax Credit and Child Tax Credit Amendment No. 2) Regulations (Northern Ireland) 2003 S.R. 2003 No. 196</entry>
<entry level="1" type="bullet">

 Housing Benefit (State Pension Credit) Regulations (Northern Ireland) 2003 S.R. 2003 No. 197</entry>
<entry level="1" type="bullet">

 Health and Social Services Trusts (Exercise of Functions) (Amendment) Regulations (Northern Ireland) 2003 S.R. 2003 No. 200</entry>
</list>
</p>

</ss2>
<ss2>
<st>
201-300</st>

<p>

<list>
<entry level="1" type="bullet">

 <link>
Carers and Direct Payments (2002 Act)</link> (Commencement No. 1) Order (Northern Ireland) 2003 S.R. 2003 No. 201</entry>
<entry level="1" type="bullet">

 Welfare Foods (Amendment) Regulations (Northern Ireland) 2003 S.R. 2003 No. 202</entry>
<entry level="1" type="bullet">

 <link>
Energy (2003 Order)</link> (Commencement No. 1) Order (Northern Ireland) 2003 S.R. 2003 No. 203</entry>
<entry level="1" type="bullet">

 <link>
Welfare Reform and Pensions (1999 Order)</link> (Commencement No. 13) Order (Northern Ireland) 2003 S.R. 2003 No. 204</entry>
<entry level="1" type="bullet">

 General Medical Services (Amendment No. 3) Regulations (Northern Ireland) 2003 S.R. 2003 No. 205</entry>
<entry level="1" type="bullet">

 Genetically Modified Organisms (Deliberate Release) (Amendment) Regulations (Northern Ireland) 2003 S.R. 2003 No. 206</entry>
<entry level="1" type="bullet">

 Fire Services (Appointments and Promotion) (Amendment) Regulations (Northern Ireland) 2003 S.R. 2003 No. 207</entry>
<entry level="1" type="bullet">

 Radioactive Substances (Basic Safety Standards) Regulations (Northern Ireland) 2003 S.R. 2003 No. 208</entry>
<entry level="1" type="bullet">

 Environment (Designation of Relevant Directives) Order (Northern Ireland) 2003 S.R. 2003 No. 209</entry>
<entry level="1" type="bullet">

 Large Combustion Plants Regulations (Northern Ireland) 2003 S.R. 2003 No. 210</entry>
<entry level="1" type="bullet">

 <link>
State Pension Credit (2002 Act)</link> (Commencement No. 3) Order (Northern Ireland) 2003 S.R. 2003 No. 211</entry>
<entry level="1" type="bullet">

 Tax Credits Act 2002 (Transitional Provisions and Savings) Order (Northern Ireland) 2003 S.R. 2003 No. 212</entry>
<entry level="1" type="bullet">

 Social Security (Working Tax Credit and Child Tax Credit Consequential Amendments No. 2) Regulations (Northern Ireland) 2003 S.R. 2003 No. 213</entry>
<entry level="1" type="bullet">

 Traffic Signs (Amendment) Regulations (Northern Ireland) 2003 S.R. 2003 No. 214</entry>
<entry level="1" type="bullet">

 Products of Animal Origin (Third Country Imports) (Amendment) Regulations (Northern Ireland) 2003 S.R. 2003 No. 215</entry>
<entry level="1" type="bullet">

 Road Transport (Qualifications of Operators) (Amendment) Regulations (Northern Ireland) 2003 S.R. 2003 No. 217</entry>
<entry level="1" type="bullet">

 Feeding Stuffs (Amendment) Regulations (Northern Ireland) 2003 S.R. 2003 No. 219</entry>
<entry level="1" type="bullet">

 Employment Rights (Northern Ireland) Order 1996 (Application of Article 112B to Adoptions from Overseas) Regulations (Northern Ireland) 2003 S.R. 2003 No. 220</entry>
<entry level="1" type="bullet">

 Social Security Contributions and Benefits (Northern Ireland) Act 1992 (Application of Parts XIIZA and XIIZB to Adoptions from Overseas) Regulations (Northern Ireland) 2003 S.R. 2003 No. 221</entry>
<entry level="1" type="bullet">

 Paternity and Adoption Leave (Adoption from Overseas) Regulations (Northern Ireland) 2003 S.R. 2003 No. 222</entry>
<entry level="1" type="bullet">

 Statutory Paternity Pay (Adoption) and Statutory Adoption Pay (Adoption from Overseas) Regulations (Northern Ireland) 2003 S.R. 2003 No. 223</entry>
<entry level="1" type="bullet">

 Social Security and Child Support (Miscellaneous Amendments) Regulations (Northern Ireland) 2003 S.R. 2003 No. 224</entry>
<entry level="1" type="bullet">

 Carers (Services) and Direct Payments Regulations (Northern Ireland) 2003 S.R. 2003 No. 226</entry>
<entry level="1" type="bullet">

 Lands Tribunal (Salaries) Order (Northern Ireland) 2003 S.R. 2003 No. 227</entry>
<entry level="1" type="bullet">

 Social Security (Incapacity Benefit) (Her Majesty's Forces) (Amendment) Regulations (Northern Ireland) 2003 S.R. 2003 No. 231</entry>
<entry level="1" type="bullet">

 Police (Northern Ireland) Act 2000 (Designated Places of Detention) Order 2003 S.R. 2003 No. 232</entry>
<entry level="1" type="bullet">

 Gaming (Bingo) Regulations (Northern Ireland) 2003 S.R. 2003 No. 233</entry>
<entry level="1" type="bullet">

 Housing Renovation etc. Grants (Reduction of Grant) (Amendment) Regulations (Northern Ireland) 2003 S.R. 2003 No. 234</entry>
<entry level="1" type="bullet">

 Plant Health (Amendment) Order (Northern Ireland) 2003 S.R. 2003 No. 235</entry>
<entry level="1" type="bullet">

 Street Works Register (Registration Fees) Regulations (Northern Ireland) 2003 S.R. 2003 No. 236</entry>
<entry level="1" type="bullet">

 Police (Northern Ireland) Act 2000 (Continuance of Office of Commissioner) Order 2003 S.R. 2003 No. 237</entry>
<entry level="1" type="bullet">

 <link>
Health and Personal Social Services (Quality, Improvement and Regulation) (2003 Order)</link> (Commencement No. 1) Order (Northern Ireland) 2003 S.R. 2003 No. 239</entry>
<entry level="1" type="bullet">

 Air Quality (Ozone) Regulations (Northern Ireland) 2003 S.R. 2003 No. 240</entry>
<entry level="1" type="bullet">

 Employment Rights (Increase of Limits) Order (Northern Ireland) 2003 S.R. 2003 No. 241</entry>
<entry level="1" type="bullet">

 Infected Waters (Infectious Pancreatic Necrosis) Revocation Order (Northern Ireland) 2003 S.R. 2003 No. 242</entry>
<entry level="1" type="bullet">

 Infected Waters (Infectious Pancreatic Necrosis) (No. 2) Order (Northern Ireland) 2003 S.R. 2003 No. 243</entry>
<entry level="1" type="bullet">

 Welfare of Farmed Animals (Amendment) Regulations (Northern Ireland) 2003 S.R. 2003 No. 244</entry>
<entry level="1" type="bullet">

 Bangor (Harbour Area) Order (Northern Ireland) 2003 S.R. 2003 No. 249</entry>
<entry level="1" type="bullet">

 Groomsport (Harbour Area) Order (Northern Ireland) 2003 S.R. 2003 No. 250</entry>
<entry level="1" type="bullet">

 Ballycastle (Harbour Area) Order (Northern Ireland) 2003 S.R. 2003 No. 251</entry>
<entry level="1" type="bullet">

 Rathlin (Harbour Area) Order (Northern Ireland) 2003 S.R. 2003 No. 252</entry>
<entry level="1" type="bullet">

 Audit and Accountability (Northern Ireland) Order 2003 (Statutory Right of Access: Exclusions) Order (Northern Ireland) 2003 S.R. 2003 No. 253</entry>
<entry level="1" type="bullet">

 Decisions on Appeals and Making of Reports Rules (Northern Ireland) 2003 S.R. 2003 No. 254</entry>
<entry level="1" type="bullet">

 Registration of Foreign Adoptions Regulations (Northern Ireland) 2003 S.R. 2003 No. 255</entry>
<entry level="1" type="bullet">

 Social Security and Pensions (Financial Services and Markets Act 2000) (Consequential Amendments) Regulations (Northern Ireland) 2003 S.R. 2003 No. 256</entry>
<entry level="1" type="bullet">

 Sweeteners in Food (Amendment) Regulations (Northern Ireland) 2003 S.R. 2003 No. 257</entry>
<entry level="1" type="bullet">

 Protection of Water Against Agricultural Nitrate Pollution Regulations (Northern Ireland) 2003 S.R. 2003 No. 259</entry>
<entry level="1" type="bullet">

 Social Security (Hospital In-Patients and Miscellaneous Amendments) Regulations (Northern Ireland) 2003 S.R. 2003 No. 261</entry>
<entry level="1" type="bullet">

 Rules of the Supreme Court (Northern Ireland) (Amendment No. 2) 2003 S.R. 2003 No. 263</entry>
<entry level="1" type="bullet">

 Social Fund (Maternity and Funeral Expenses) (General) (Amendment No. 2) Regulations (Northern Ireland) 2003 S.R. 2003 No. 264</entry>
<entry level="1" type="bullet">

 <link>
Justice (Northern Ireland) Act 2002</link> (Commencement No. 3) Order 2003 S.R. 2003 No. 265</entry>
<entry level="1" type="bullet">

 Social Security (Removal of Residential Allowance and Miscellaneous Amendments) Regulations (Northern Ireland) 2003 S.R. 2003 No. 267</entry>
<entry level="1" type="bullet">

 Whole of Government Accounts (Designation of Bodies) (Northern Ireland) Order 2003 S.R. 2003 No. 268</entry>
<entry level="1" type="bullet">

 <link>
Housing (2003 Order)</link> (Commencement No. 1) Order (Northern Ireland) 2003 S.R. 2003 No. 270</entry>
<entry level="1" type="bullet">

 Fisheries (Amendment) Byelaws (Northern Ireland) 2003 S.R. 2003 No. 271</entry>
<entry level="1" type="bullet">

 County Court (Amendment) Rules (Northern Ireland) 2003 S.R. 2003 No. 272</entry>
<entry level="1" type="bullet">

 Food Supplements Regulations (Northern Ireland) 2003 S.R. 2003 No. 273</entry>
<entry level="1" type="bullet">

 Social Security (Work-focused Interviews) Regulations (Northern Ireland) 2003 S.R. 2003 No. 274</entry>
<entry level="1" type="bullet">

 Motor Vehicles (Approval) (Amendment No. 2) (Revocation) Regulations (Northern Ireland) 2003 S.R. 2003 No. 275</entry>
<entry level="1" type="bullet">

 Statutory Paternity Pay (Adoption) and Statutory Adoption Pay (Adoptions from Overseas) (Administration) Regulations (Northern Ireland) 2003 S.R. 2003 No. 276</entry>
<entry level="1" type="bullet">

 Statutory Paternity Pay (Adoption) and Statutory Adoption Pay (Adoptions from Overseas) (Persons Abroad and Mariners) Regulations (Northern Ireland) 2003 S.R. 2003 No. 277</entry>
<entry level="1" type="bullet">

 Urban Waste Water Treatment (Amendment) Regulations (Northern Ireland) 2003 S.R. 2003 No. 278</entry>
<entry level="1" type="bullet">

 Crown Court (Amendment No. 2) Rules (Northern Ireland) 2003 S.R. 2003 No. 279</entry>
<entry level="1" type="bullet">

 Housing Renovation etc. Grants (Reduction of Grant) (Amendment No. 2) Regulations (Northern Ireland) 2003 S.R. 2003 No. 282</entry>
<entry level="1" type="bullet">

 Planning Applications (Exemptions from Publication) (Revocation) Order (Northern Ireland) 2003 S.R. 2003 No. 283</entry>
<entry level="1" type="bullet">

 Feeding Stuffs (Sampling and Analysis) and Feeding Stuffs (Enforcement) (Amendment) Regulations (Northern Ireland) 2003 S.R. 2003 No. 287</entry>
<entry level="1" type="bullet">

 Control of Substances Hazardous to Health (Amendment) Regulations (Northern Ireland) 2003 S.R. 2003 No. 288</entry>
<entry level="1" type="bullet">

 Prisoner Release Victim Information (Northern Ireland) Scheme 2003 S.R. 2003 No. 293</entry>
<entry level="1" type="bullet">

 Housing Benefit (State Pension Credit) (Abolition of Benefit Periods Amendment) Regulations (Northern Ireland) 2003 S.R. 2003 No. 294</entry>
<entry level="1" type="bullet">

 County Court (Amendment No. 2) Rules (Northern Ireland) 2003 S.R. 2003 No. 295</entry>
<entry level="1" type="bullet">

 Magistrates' Courts (Amendment) Rules (Northern Ireland) 2003 S.R. 2003 No. 296</entry>
<entry level="1" type="bullet">

 Education (Student Support) Regulations (Northern Ireland) 2003 S.R. 2003 No. 298</entry>
<entry level="1" type="bullet">

 Contaminants in Food Regulations (Northern Ireland) 2003 S.R. 2003 No. 299</entry>
<entry level="1" type="bullet">

 Condensed Milk and Dried Milk Regulations (Northern Ireland) 2003 S.R. 2003 No. 300</entry>
</list>
</p>

</ss2>
<ss2>
<st>
301-400</st>

<p>

<list>
<entry level="1" type="bullet">

 Specified Sugar Products Regulations (Northern Ireland) 2003 S.R. 2003 No. 301</entry>
<entry level="1" type="bullet">

 Motor Vehicle Testing Regulations (Northern Ireland) 2003 S.R. 2003 No. 303</entry>
<entry level="1" type="bullet">

 Goods Vehicles (Testing) Regulations (Northern Ireland) 2003 S.R. 2003 No. 304</entry>
<entry level="1" type="bullet">

 Fruit Juices and Fruit Nectars Regulations (Northern Ireland) 2003 S.R. 2003 No. 305</entry>
<entry level="1" type="bullet">

 Feeding Stuffs (Amendment No. 2) Regulations (Northern Ireland) 2003 S.R. 2003 No. 306</entry>
<entry level="1" type="bullet">

 <link>
Criminal Justice (2003 Order)</link> (Commencement No. 1) Order (Northern Ireland) 2003 S.R. 2003 No. 307</entry>
<entry level="1" type="bullet">

 Social Fund (Maternity and Funeral Expenses) (General) (Amendment No. 3) Regulations (Northern Ireland) 2003 S.R. 2003 No. 308</entry>
<entry level="1" type="bullet">

 State Pension Credit (Decisions and Appeals - Amendments) Regulations (Northern Ireland) 2003 S.R. 2003 No. 312</entry>
<entry level="1" type="bullet">

 Cocoa and Chocolate Products Regulations (Northern Ireland) 2003 S.R. 2003 No. 313</entry>
<entry level="1" type="bullet">

 Misuse of Drugs (Amendment) Regulations (Northern Ireland) 2003 S.R. 2003 No. 314</entry>
<entry level="1" type="bullet">

 Pensions Appeal Tribunals (Northern Ireland) (Amendment) Rules 2003 S.R. 2003 No. 316</entry>
<entry level="1" type="bullet">

 Social Security (Claims and Payments and Miscellaneous Amendments) Regulations (Northern Ireland) 2003 S.R. 2003 No. 317</entry>
<entry level="1" type="bullet">

 Race Relations Order (Seamen Recruited Abroad) Order (Northern Ireland) 2003 S.R. 2003 No. 318</entry>
<entry level="1" type="bullet">

 Control of Pollution (Silage, Slurry and Agricultural Fuel Oil) Regulations (Northern Ireland) 2003 S.R. 2003 No. 319</entry>
<entry level="1" type="bullet">

 Health and Personal Social Services (Assessment of Resources) (Amendment) Regulations (Northern Ireland) 2003 S.R. 2003 No. 320</entry>
<entry level="1" type="bullet">

 <link>
Criminal Evidence (Northern Ireland) Order 1999</link> (Commencement No. 1) Order 2003 S.R. 2003 No. 323</entry>
<entry level="1" type="bullet">

 Misuse of Drugs (Amendment) (No. 2) Regulations (Northern Ireland) 2003 S.R. 2003 No. 324</entry>
<entry level="1" type="bullet">

 General Dental Services (Amendment No. 2) Regulations (Northern Ireland) 2003 S.R. 2003 No. 325</entry>
<entry level="1" type="bullet">

 Social Security (Students and Income-Related Benefits Amendment) Regulations (Northern Ireland) 2003 S.R. 2003 No. 329</entry>
<entry level="1" type="bullet">

 Working Time (Amendment No. 2) Regulations (Northern Ireland) 2003 S.R. 2003 No. 330</entry>
<entry level="1" type="bullet">

 Trade Union Elections and Ballots (Independent Scrutineer Qualifications) (Amendment) Order (Northern Ireland) 2003 S.R. 2003 No. 331</entry>
<entry level="1" type="bullet">

 <link>
Employment Relations (1999 Order)</link> (Commencement No. 7) Order (Northern Ireland) 2003 S.R. 2003 No. 332</entry>
<entry level="1" type="bullet">

 Industrial Training Levy (Construction Industry) Order (Northern Ireland) 2003 S.R. 2003 No. 336</entry>
<entry level="1" type="bullet">

 Occupational Pension Schemes (Transfer Values and Miscellaneous Amendments) Regulations (Northern Ireland) 2003 S.R. 2003 No. 337</entry>
<entry level="1" type="bullet">

 Social Security (Working Tax Credit and Child Tax Credit Consequential Amendments No. 3) Regulations (Northern Ireland) 2003 S.R. 2003 No. 338</entry>
<entry level="1" type="bullet">

 Education (Student Support) (Amendment) Regulations (Northern Ireland) 2003 S.R. 2003 No. 339</entry>
<entry level="1" type="bullet">

 Education (Student Loans) (Amendment) Regulations (Northern Ireland) 2003 S.R. 2003 No. 340</entry>
<entry level="1" type="bullet">

 Race Relations Order (Amendment) Regulations (Northern Ireland) 2003 S.R. 2003 No. 341</entry>
<entry level="1" type="bullet">

 Air Quality Regulations (Northern Ireland) 2003 S.R. 2003 No. 342</entry>
<entry level="1" type="bullet">

 Smoke Control Areas (Exempted Fireplaces) (Amendment) Regulations (Northern Ireland) 2003 S.R. 2003 No. 343</entry>
<entry level="1" type="bullet">

 <link>
Access to Justice (Northern Ireland) Order 2003</link> (Commencement No. 1) Order (Northern Ireland) 2003 S.R. 2003 No. 344</entry>
<entry level="1" type="bullet">

 <link>
Company Directors Disqualification (2002 Order)</link> (Commencement) Order (Northern Ireland) 2003 S.R. 2003 No. 345</entry>
<entry level="1" type="bullet">

 Company Directors Disqualification (2002 Order) (Transitional Provisions) Order (Northern Ireland) 2003 S.R. 2003 No. 346</entry>
<entry level="1" type="bullet">

 Companies (Disqualification Orders) Regulations (Northern Ireland) 2003 S.R. 2003 No. 347</entry>
<entry level="1" type="bullet">

 <link>
Health and Personal Social Services (Quality, Improvement and Regulation) (2003 Order)</link> (Commencement No. 2) Order (Northern Ireland) 2003 S.R. 2003 No. 348</entry>
<entry level="1" type="bullet">

 Social Fund Winter Fuel Payment (Amendment) Regulations (Northern Ireland) 2003 S.R. 2003 No. 349</entry>
<entry level="1" type="bullet">

 Motor Hackney Carriages (Belfast) (Amendment) By-Laws (Northern Ireland) 2003 S.R. 2003 No. 350</entry>
<entry level="1" type="bullet">

 Social Security (Students and Income-Related Benefits Amendment No. 2) Regulations (Northern Ireland) 2003 S.R. 2003 No. 351</entry>
<entry level="1" type="bullet">

 <link>
Criminal Justice (2003 Order)</link> (Commencement No. 2) Order (Northern Ireland) 2003 S.R. 2003 No. 352</entry>
<entry level="1" type="bullet">

 Food (Brazil Nuts) (Emergency Control) Regulations (Northern Ireland) 2003 S.R. 2003 No. 353</entry>
<entry level="1" type="bullet">

 Rehabilitation of Offenders (Exceptions) (Amendment) Order (Northern Ireland) 2003 S.R. 2003 No. 355</entry>
<entry level="1" type="bullet">

 Pharmaceutical Society of Northern Ireland (General) (Amendment) Regulations (Northern Ireland) 2003 S.R. 2003 No. 356</entry>
<entry level="1" type="bullet">

 Insolvent Companies (Reports on Conduct of Directors) Rules (Northern Ireland) 2003 S.R. 2003 No. 357</entry>
<entry level="1" type="bullet">

 Insolvent Companies (Disqualification of Unfit Directors) Proceedings Rules (Northern Ireland) 2003 S.R. 2003 No. 358</entry>
<entry level="1" type="bullet">

 Insolvent Partnerships (Amendment No. 2) Order (Northern Ireland) 2003 S.R. 2003 No. 359</entry>
<entry level="1" type="bullet">

 Food (Pistachios from Iran) (Emergency Control) Regulations (Northern Ireland) 2003 S.R. 2003 No. 360</entry>
<entry level="1" type="bullet">

 Food (Peanuts from China) (Emergency Control) (Amendment) Regulations (Northern Ireland) 2003 S.R. 2003 No. 361</entry>
<entry level="1" type="bullet">

 Food (Hot Chilli and Hot Chilli Products) (Emergency Control) Regulations (Northern Ireland) 2003 S.R. 2003 No. 362</entry>
<entry level="1" type="bullet">

 Food (Figs, Hazelnuts and Pistachios from Turkey) (Emergency Control No. 2) (Amendment) Regulations (Northern Ireland) 2003 S.R. 2003 No. 363</entry>
<entry level="1" type="bullet">

 Time Off for Public Duties Order (Northern Ireland) 2003 S.R. 2003 No. 365</entry>
<entry level="1" type="bullet">

 Fishing Vessel (Decommissioning) Scheme (Northern Ireland) 2003 S.R. 2003 No. 366</entry>
<entry level="1" type="bullet">

 Social Security (Back to Work Bonus and Lone Parent Run-on Amendment and Revocation) Regulations (Northern Ireland) 2003 S.R. 2003 No. 367</entry>
<entry level="1" type="bullet">

 Water Supply (Water Quality) (Amendment) Regulations (Northern Ireland) 2003 S.R. 2003 No. 369</entry>
<entry level="1" type="bullet">

 Education (Grants for Disabled Postgraduate Students) (Amendment) Regulations (Northern Ireland) 2003 S.R. 2003 No. 370</entry>
<entry level="1" type="bullet">

 Motor Vehicles (Driving Licences) (Amendment No. 3) Regulations (Northern Ireland) 2003 S.R. 2003 No. 371</entry>
<entry level="1" type="bullet">

 Police (Appointments) Regulations (Northern Ireland) 2003 S.R. 2003 No. 372</entry>
<entry level="1" type="bullet">

 <link>
State Pension Credit (2002 Act)</link> (Commencement No. 4) and Appointed Day Order (Northern Ireland) 2003 S.R. 2003 No. 373</entry>
<entry level="1" type="bullet">

 Horse Racing (Charges on Bookmakers) Order (Northern Ireland) 2003 S.R. 2003 No. 375</entry>
<entry level="1" type="bullet">

 Police (Northern Ireland) Act 1998 (Modification) Order 2003 S.R. 2003 No. 376</entry>
<entry level="1" type="bullet">

 Food (Peanuts from Egypt) (Emergency Control) Regulations (Northern Ireland) 2003 S.R. 2003 No. 377</entry>
<entry level="1" type="bullet">

 Education (School Information and Prospectuses) Regulations (Northern Ireland) 2003 S.R. 2003 No. 378</entry>
<entry level="1" type="bullet">

 Pesticides (Maximum Residue Levels in Crops, Food and Feeding Stuffs) (Amendment) (No. 2) Regulations (Northern Ireland) 2003 S.R. 2003 No. 379</entry>
<entry level="1" type="bullet">

 Welfare of Animals (Scheduled Operations) (Amendment) Order (Northern Ireland) 2003 S.R. 2003 No. 380</entry>
<entry level="1" type="bullet">

 Time Off for Public Duties (No. 2) Order (Northern Ireland) 2003 S.R. 2003 No. 381</entry>
<entry level="1" type="bullet">

 Salaries (Assembly Ombudsman and Commissioner for Complaints) Order (Northern Ireland) 2003 S.R. 2003 No. 382</entry>
<entry level="1" type="bullet">

 Honey Regulations (Northern Ireland) 2003 S.R. 2003 No. 383</entry>
<entry level="1" type="bullet">

 Oil and Fibre Plant Seeds (Amendment) Regulations (Northern Ireland) 2003 S.R. 2003 No. 384</entry>
<entry level="1" type="bullet">

 Domestic Energy Efficiency Grants (Amendment) Regulations (Northern Ireland) 2003 S.R. 2003 No. 385</entry>
<entry level="1" type="bullet">

 Transportable Pressure Vessels Regulations (Northern Ireland) 2003 S.R. 2003 No. 386</entry>
<entry level="1" type="bullet">

 Housing Renovation etc. Grants (Reduction of Grant) (Amendment No. 3) Regulations (Northern Ireland) 2003 S.R. 2003 No. 387</entry>
<entry level="1" type="bullet">

 Social Security (Industrial Injuries) (Prescribed Diseases) (Amendment No. 2) Regulations (Northern Ireland) 2003 S.R. 2003 No. 388</entry>
<entry level="1" type="bullet">

 Social Fund Winter Fuel Payment (Amendment No. 2) Regulations (Northern Ireland) 2003 S.R. 2003 No. 389</entry>
<entry level="1" type="bullet">

 Waste Incineration Regulations (Northern Ireland) 2003 S.R. 2003 No. 390</entry>
<entry level="1" type="bullet">

 Welfare Foods (Amendment No. 2) Regulations (Northern Ireland) 2003 S.R. 2003 No. 393</entry>
<entry level="1" type="bullet">

 Pre-Sentence Report Disclosure (Prescription of Prosecutors) Order (Northern Ireland) 2003 S.R. 2003 No. 394</entry>
<entry level="1" type="bullet">

 Air Route Development (Northern Ireland) Limited (Funding) Order (Northern Ireland) 2003 S.R. 2003 No. 395</entry>
<entry level="1" type="bullet">

 <link>
Social Security (2002 Act)</link> (Commencement No. 3) Order (Northern Ireland) 2003 S.R. 2003 No. 396</entry>
<entry level="1" type="bullet">

 Social Security (Attendance Allowance and Disability Living Allowance) (Amendment) Regulations (Northern Ireland) 2003 S.R. 2003 No. 397</entry>
<entry level="1" type="bullet">

 Social Security (Incapacity) (Miscellaneous Amendments) Regulations (Northern Ireland) 2003 S.R. 2003 No. 398</entry>
<entry level="1" type="bullet">

 Police Service of Northern Ireland (Appeals) (Amendment) Regulations 2003 S.R. 2003 No. 399</entry>
<entry level="1" type="bullet">

 <link>
Commissioner for Children and Young People (2003 Order)</link> (Commencement) Order (Northern Ireland) 2003 S.R. 2003 No. 400</entry>
</list>
</p>

</ss2>
<ss2>
<st>
401-500</st>

<p>

<list>
<entry level="1" type="bullet">

 Diseases of Poultry (Amendment) Order (Northern Ireland) 2003 S.R. 2003 No. 401</entry>
<entry level="1" type="bullet">

 Allocation of Housing Regulations (Northern Ireland) 2003 S.R. 2003 No. 402</entry>
<entry level="1" type="bullet">

 Homelessness Regulations (Northern Ireland) 2003 S.R. 2003 No. 403</entry>
<entry level="1" type="bullet">

 Controlled Waste (Amendment) Regulations (Northern Ireland) 2003 S.R. 2003 No. 404</entry>
<entry level="1" type="bullet">

 Social Security (Work-focused Interviews for Partners) Regulations (Northern Ireland) 2003 S.R. 2003 No. 405</entry>
<entry level="1" type="bullet">

 Food (Star Anise from Third Countries) (Emergency Control) (Revocation) Order (Northern Ireland) 2003 S.R. 2003 No. 406</entry>
<entry level="1" type="bullet">

 Travelling Expenses and Remission of Charges (Amendment No. 2) Regulations (Northern Ireland) 2003 S.R. 2003 No. 408</entry>
<entry level="1" type="bullet">

 Injunctions Against Anti-Social Behaviour (Prescribed Premises) Regulations (Northern Ireland) 2003 S.R. 2003 No. 409</entry>
<entry level="1" type="bullet">

 Introductory Tenants (Review) Regulations (Northern Ireland) 2003 S.R. 2003 No. 410</entry>
<entry level="1" type="bullet">

 Secure Tenancies (Notice) (Amendment) Regulations (Northern Ireland) 2003 S.R. 2003 No. 411</entry>
<entry level="1" type="bullet">

 Social Security (Third Party Deductions and Miscellaneous Amendments) Regulations (Northern Ireland) 2003 S.R. 2003 No. 412</entry>
<entry level="1" type="bullet">

 Income Support (General) (Amendment) Regulations (Northern Ireland) 2003 S.R. 2003 No. 413</entry>
<entry level="1" type="bullet">

 Notification of Installations Handling Hazardous Substances (Amendment) Regulations (Northern Ireland) 2003 S.R. 2003 No. 415</entry>
<entry level="1" type="bullet">

 <link>
Justice (Northern Ireland) Act 2002</link> (Commencement No. 4) Order 2003 S.R. 2003 No. 416</entry>
<entry level="1" type="bullet">

 Social Security (Miscellaneous Amendments No. 2) Regulations (Northern Ireland) 2003 S.R. 2003 No. 417</entry>
<entry level="1" type="bullet">

 Housing Benefit (State Pension Credit and Miscellaneous Amendments) Regulations (Northern Ireland) 2003 S.R. 2003 No. 418</entry>
<entry level="1" type="bullet">

 Misuse of Drugs (Amendment) (No. 3) Regulations (Northern Ireland) 2003 S.R. 2003 No. 420</entry>
<entry level="1" type="bullet">

 State Pension Credit (Transitional and Miscellaneous Provisions) (Amendment) Regulations (Northern Ireland) 2003 S.R. 2003 No. 421</entry>
<entry level="1" type="bullet">

 Measuring Equipment (Liquid Fuel and Lubricants) (Amendment) Regulations (Northern Ireland) 2003 S.R. 2003 No. 422</entry>
<entry level="1" type="bullet">

 Health and Safety (Miscellaneous Amendments) Regulations (Northern Ireland) 2003 S.R. 2003 No. 423</entry>
<entry level="1" type="bullet">

 Optical Charges and Payments and General Ophthalmic Services (Amendment No. 2) Regulations (Northern Ireland) 2003 S.R. 2003 No. 424</entry>
<entry level="1" type="bullet">

 Classical Swine Fever Order (Northern Ireland) 2003 S.R. 2003 No. 425</entry>
<entry level="1" type="bullet">

 Employer's Liability (Compulsory Insurance) Exemption (Amendment) Regulations (Northern Ireland) 2003 S.R. 2003 No. 426</entry>
<entry level="1" type="bullet">

 Health and Personal Social Services (Assessment of Resources) (Amendment No. 2) Regulations (Northern Ireland) 2003 S.R. 2003 No. 428</entry>
<entry level="1" type="bullet">

 Motor Vehicles (Construction and Use) (Amendment No. 3) Regulations (Northern Ireland) 2003 S.R. 2003 No. 431</entry>
<entry level="1" type="bullet">

 Housing Benefit (State Pension Credit and Miscellaneous Amendments) (Amendment) Regulations (Northern Ireland) 2003 S.R. 2003 No. 432</entry>
<entry level="1" type="bullet">

 Local Government Pension Scheme (Management and Investment of Funds) (Amendment) Regulations (Northern Ireland) 2003 S.R. 2003 No. 433</entry>
<entry level="1" type="bullet">

 Public Service Vehicles (Conditions of Fitness, Equipment and Use) (Amendment No. 2) Regulations (Northern Ireland) 2003 S.R. 2003 No. 434</entry>
<entry level="1" type="bullet">

 Pesticides (Maximum Residue Levels in Crops, Food and Feeding Stuffs) (Amendment) (No. 3) Regulations (Northern Ireland) 2003 S.R. 2003 No. 435</entry>
<entry level="1" type="bullet">

 Police Trainee (Amendment) Regulations (Northern Ireland) 2003 S.R. 2003 No. 436</entry>
<entry level="1" type="bullet">

 Legal Advice and Assistance (Amendment) Regulations (Northern Ireland) 2003 S.R. 2003 No. 437</entry>
<entry level="1" type="bullet">

 Legal Aid (General) (Amendment) Regulations (Northern Ireland) 2003 S.R. 2003 No. 438</entry>
<entry level="1" type="bullet">

 <link>
Access to Justice (Northern Ireland) Order 2003</link> (Commencement No. 1) (Amendment) Order (Northern Ireland) 2003 S.R. 2003 No. 439</entry>
<entry level="1" type="bullet">

 <link>
Access to Justice (Northern Ireland) Order 2003</link> (Commencement No. 2) Order (Northern Ireland) 2003 S.R. 2003 No. 440</entry>
<entry level="1" type="bullet">

 <link>
Planning (Amendment)</link> (2003 Order) (Commencement No. 2) Order (Northern Ireland) 2003 S.R. 2003 No. 443</entry>
<entry level="1" type="bullet">

 Planning (Trees) Regulations (Northern Ireland) 2003 S.R. 2003 No. 444</entry>
<entry level="1" type="bullet">

 Planning (General Development) (Amendment No. 2) Order (Northern Ireland) 2003 S.R. 2003 No. 445</entry>
<entry level="1" type="bullet">

 Planning (Fees) (Amendment No. 2) Regulations (Northern Ireland) 2003 S.R. 2003 No. 446</entry>
<entry level="1" type="bullet">

 Health and Personal Social Services (Amendments Relating to Prescribing by Nurses and Pharmacists etc.) Regulations (Northern Ireland) 2003 S.R. 2003 No. 447</entry>
<entry level="1" type="bullet">

 Food (Provisions Relating to Labelling) Regulations (Northern Ireland) 2003 S.R. 2003 No. 448</entry>
<entry level="1" type="bullet">

 Public Service Vehicles (Amendment No. 2) Regulations (Northern Ireland) 2003 S.R. 2003 No. 449</entry>
<entry level="1" type="bullet">

 Smoke Control Areas (Authorised Fuels) Regulations (Northern Ireland) 2003 S.R. 2003 No. 450</entry>
<entry level="1" type="bullet">

 Management of Health and Safety at Work and Fire Precautions (Workplace) (Amendment) Regulations (Northern Ireland) 2003 S.R. 2003 No. 454</entry>
<entry level="1" type="bullet">

 Income Support (General) (Standard Interest Rate Amendment) Regulations (Northern Ireland) 2003 S.R. 2003 No. 455</entry>
<entry level="1" type="bullet">

 Marketing of Potatoes (Amendment) Regulations (Northern Ireland) 2003 S.R. 2003 No. 456</entry>
<entry level="1" type="bullet">

 Seed Potatoes (Tuber and Label Fees) (Amendment) Regulations (Northern Ireland) 2003 S.R. 2003 No. 457</entry>
<entry level="1" type="bullet">

 Plant Health (Amendment No. 2) Order (Northern Ireland) 2003 S.R. 2003 No. 458</entry>
<entry level="1" type="bullet">

 Students Awards Regulations (Northern Ireland) 2003 S.R. 2003 No. 459</entry>
<entry level="1" type="bullet">

 Police (Northern Ireland) Act 2000 (Designated Places of Detention No. 2) Order 2003 S.R. 2003 No. 460</entry>
<entry level="1" type="bullet">

 Food Protection (Emergency Prohibitions) Order (Northern Ireland) 2003 S.R. 2003 No. 462</entry>
<entry level="1" type="bullet">

 Housing Renovation etc. Grants (Grant Limit) Order (Northern Ireland) 2003 S.R. 2003 No. 463</entry>
<entry level="1" type="bullet">

 Home Repair Assistance Grant Regulations (Northern Ireland) 2003 S.R. 2003 No. 464</entry>
<entry level="1" type="bullet">

 Housing Replacement Grant Regulations (Northern Ireland) 2003 S.R. 2003 No. 465</entry>
<entry level="1" type="bullet">

 <link>
Marriage (2003 Order)</link> (Commencement) Order (Northern Ireland) 2003 S.R. 2003 No. 466</entry>
<entry level="1" type="bullet">

 Births, Deaths and Marriages (Fees) Order (Northern Ireland) 2003 S.R. 2003 No. 467</entry>
<entry level="1" type="bullet">

 Marriage Regulations (Northern Ireland) 2003 S.R. 2003 No. 468</entry>
<entry level="1" type="bullet">

 Child Support (Miscellaneous Amendments) Regulations (Northern Ireland) 2003 S.R. 2003 No. 469</entry>
<entry level="1" type="bullet">

 Electricity (Guarantees of Origin of Electricity Produced from Renewable Energy Sources) Regulations (Northern Ireland) 2003 S.R. 2003 No. 470</entry>
<entry level="1" type="bullet">

 Crown Court (Amendment No. 3) Rules (Northern Ireland) 2003 S.R. 2003 No. 471</entry>
<entry level="1" type="bullet">

 Organic Farming (Conversion of Animal Housing) Scheme (Northern Ireland) 2003 S.R. 2003 No. 472</entry>
<entry level="1" type="bullet">

 Youth Conference Rules (Northern Ireland) 2003 S.R. 2003 No. 473</entry>
<entry level="1" type="bullet">

 Juries (Northern Ireland) Order 1996 (Amendment) Regulations 2003 S.R. 2003 No. 474</entry>
<entry level="1" type="bullet">

 Feeding Stuffs (Amendment No. 3) Regulations (Northern Ireland) 2003 S.R. 2003 No. 475</entry>
<entry level="1" type="bullet">

 <link>
Criminal Evidence (Northern Ireland) Order 1999</link> (Commencement No. 2) Order 2003 S.R. 2003 No. 476</entry>
<entry level="1" type="bullet">

 Magistrates' Courts (Amendment No. 2) Rules (Northern Ireland) 2003 S.R. 2003 No. 477</entry>
<entry level="1" type="bullet">

 Magistrates' Courts (Criminal Justice (Children)) (Amendment) Rules (Northern Ireland) 2003 S.R. 2003 No. 478</entry>
<entry level="1" type="bullet">

 Community Responsibility Order Rules (Northern Ireland) 2003 S.R. 2003 No. 479</entry>
<entry level="1" type="bullet">

 Reparation Order Rules (Northern Ireland) 2003 S.R. 2003 No. 480</entry>
<entry level="1" type="bullet">

 Education (Listed Bodies) Order (Northern Ireland) 2003 S.R. 2003 No. 481</entry>
<entry level="1" type="bullet">

 Election Against Benefits Regulations (Northern Ireland) 2003 S.R. 2003 No. 482</entry>
<entry level="1" type="bullet">

 Election Against Benefits (No. 2) Regulations (Northern Ireland) 2003 S.R. 2003 No. 483</entry>
<entry level="1" type="bullet">

 Food Protection (Emergency Prohibitions) (Revocation) Order (Northern Ireland) 2003 S.R. 2003 No. 484</entry>
<entry level="1" type="bullet">

 County Court (Amendment No. 3) Rules (Northern Ireland) 2003 S.R. 2003 No. 485</entry>
<entry level="1" type="bullet">

 Social Security Pensions (Home Responsibilities) (Amendment) Regulations (Northern Ireland) 2003 S.R. 2003 No. 486</entry>
<entry level="1" type="bullet">

 Occupational Pensions (Revaluation) Order (Northern Ireland) 2003 S.R. 2003 No. 487</entry>
<entry level="1" type="bullet">

 <link>
Justice (Northern Ireland) Act 2002</link> (Commencement No. 5) Order 2003 S.R. 2003 No. 488</entry>
<entry level="1" type="bullet">

 <link>
Waste and Contaminated Land (1997 Order)</link> (Commencement No. 7) Order (Northern Ireland) 2003 S.R. 2003 No. 489</entry>
<entry level="1" type="bullet">

 Sheep Annual Premium (Amendment) Regulations (Northern Ireland) 2003 S.R. 2003 No. 490</entry>
<entry level="1" type="bullet">

 Measuring Instruments (EEC Requirements) (Verification Fees) Regulations (Northern Ireland) 2003 S.R. 2003 No. 491</entry>
<entry level="1" type="bullet">

 Weights and Measures (Passing as Fit for Use for Trade and Adjustment Fees) Regulations (Northern Ireland) 2003 S.R. 2003 No. 492</entry>
<entry level="1" type="bullet">

 Waste Management Licensing Regulations (Northern Ireland) 2003 S.R. 2003 No. 493</entry>
<entry level="1" type="bullet">

 African Swine Fever Order (Northern Ireland) 2003 S.R. 2003 No. 494</entry>
<entry level="1" type="bullet">

 Animal By-Products Regulations (Northern Ireland) 2003 S.R. 2003 No. 495</entry>
<entry level="1" type="bullet">

 Landfill Regulations (Northern Ireland) 2003 S.R. 2003 No. 496</entry>
<entry level="1" type="bullet">

 Employment Equality (Sexual Orientation) Regulations (Northern Ireland) 2003 S.R. 2003 No. 497</entry>
<entry level="1" type="bullet">

 Industrial Tribunals (Interest on Awards in Sexual Orientation Discrimination Cases) Regulations (Northern Ireland) 2003 S.R. 2003 No. 498</entry>
<entry level="1" type="bullet">

 Inshore Fishing (Prohibition of Fishing and Fishing Methods) (Amendment) Regulations (Northern Ireland) 2003 S.R. 2003 No. 499</entry>
</list>
</p>

</ss2>
<ss2>
<st>
501-600</st>

<p>

<list>
<entry level="1" type="bullet">

 Domestic Energy Efficiency Grants (Amendment No. 2) Regulations (Northern Ireland) 2003 S.R. 2003 No. 503</entry>
<entry level="1" type="bullet">

 Animal By-Products (Identification) (Amendment No. 2) Regulations (Northern Ireland) 2003 S.R. 2003 No. 504</entry>
<entry level="1" type="bullet">

 Food (Brazil Nuts) (Emergency Control) (Amendment) Regulations (Northern Ireland) 2003 S.R. 2003 No. 505</entry>
<entry level="1" type="bullet">

 Land Registry (Fees) Order (Northern Ireland) 2003 S.R. 2003 No. 506</entry>
<entry level="1" type="bullet">

 Transmissible Spongiform Encephalopathy (Amendment) Regulations (Northern Ireland) 2003 S.R. 2003 No. 509</entry>
<entry level="1" type="bullet">

 Health and Safety (Fees) Regulations (Northern Ireland) 2003 S.R. 2003 No. 510</entry>
<entry level="1" type="bullet">

 Legal Aid in Criminal Proceedings (Costs) (Amendment) Rules (Northern Ireland) 2003 S.R. 2003 No. 511</entry>
<entry level="1" type="bullet">

 Legal Aid for Youth Conferences (Costs) Rules (Northern Ireland) 2003 S.R. 2003 No. 512</entry>
<entry level="1" type="bullet">

 Legal Aid Certificates (Amendment) Rules (Northern Ireland) 2003 S.R. 2003 No. 513</entry>
<entry level="1" type="bullet">

 Legal Aid in Criminal Cases (Statement of Means) (Amendment) Rules (Northern Ireland) 2003 S.R. 2003 No. 514</entry>
<entry level="1" type="bullet">

 Goods Vehicles (Community Authorisations) (Amendment of the Road Traffic (Northern Ireland) Order 1981) Regulations (Northern Ireland) 2003 S.R. 2003 No. 515</entry>
<entry level="1" type="bullet">

 Motor Vehicles (Driving Licences) (Amendment No. 4) Regulations (Northern Ireland) 2003 S.R. 2003 No. 516</entry>
<entry level="1" type="bullet">

 Motor Vehicles (Construction and Use) (Amendment No. 4) Regulations (Northern Ireland) 2003 S.R. 2003 No. 517</entry>
<entry level="1" type="bullet">

 Motor Vehicles Testing (Amendment) Regulations (Northern Ireland) 2003 S.R. 2003 No. 518</entry>
<entry level="1" type="bullet">

 Jam and Similar Products Regulations (Northern Ireland) 2003 S.R. 2003 No. 519</entry>
<entry level="1" type="bullet">

 Fair Employment and Treatment Order (Amendment) Regulations (Northern Ireland) 2003 S.R. 2003 No. 520</entry>
<entry level="1" type="bullet">

 Fair Employment (Specification of Public Authorities) (Amendment) Order (Northern Ireland) 2003 S.R. 2003 No. 521</entry>
<entry level="1" type="bullet">

 Child Support (Information, Evidence and Disclosure) (Amendment) Regulations (Northern Ireland) 2003 S.R. 2003 No. 522</entry>
<entry level="1" type="bullet">

 Dundrod Circuit (Admission Charges) Regulations (Northern Ireland) 2003 S.R. 2003 No. 523</entry>
<entry level="1" type="bullet">

 Foyle Area and Carlingford Area (Licensing of Fishing Engines) (Amendment No. 2) Regulations 2003 S.R. 2003 No. 524</entry>
<entry level="1" type="bullet">

 Fisheries Byelaws (Northern Ireland) 2003 S.R. 2003 No. 525</entry>
<entry level="1" type="bullet">

 Legal Aid in Criminal Proceedings (Costs) (Amendment No. 2) Rules (Northern Ireland) 2003 S.R. 2003 No. 526</entry>
<entry level="1" type="bullet">

 Social Security (Notification of Change of Circumstances) Regulations (Northern Ireland) 2003 S.R. 2003 No. 527</entry>
<entry level="1" type="bullet">

 <link>
Housing (2003 Order)</link> (Commencement No. 2) Order (Northern Ireland) 2003 S.R. 2003 No. 528</entry>
<entry level="1" type="bullet">

 Infant Formula and Follow-on Formula (Amendment) Regulations (Northern Ireland) 2003 S.R. 2003 No. 529</entry>
<entry level="1" type="bullet">

 Processed Cereal-based Foods and Baby Foods for Infants and Young Children Regulations (Northern Ireland) 2003 S.R. 2003 No. 530</entry>
<entry level="1" type="bullet">

 Street Works (Recovery of Costs) Regulations (Northern Ireland) 2003 S.R. 2003 No. 531</entry>
<entry level="1" type="bullet">

 Railways Regulations (Northern Ireland) 2003 S.R. 2003 No. 532</entry>
<entry level="1" type="bullet">

 Packaging, Labelling and Carriage of Radioactive Material by Rail Regulations (Northern Ireland) 2003 S.R. 2003 No. 533</entry>
<entry level="1" type="bullet">

 Game Preservation (Special Protection for Irish Hares) Order (Northern Ireland) 2003 S.R. 2003 No. 534</entry>
<entry level="1" type="bullet">

 Miscellaneous Food Additives (Amendment No. 2) Regulations (Northern Ireland) 2003 S.R. 2003 No. 535</entry>
<entry level="1" type="bullet">

 Rules of the Supreme Court (Northern Ireland) (Amendment No. 3) 2003 S.R. 2003 No. 536</entry>
<entry level="1" type="bullet">

 Motor Vehicles (Construction and Use) (Amendment No. 5) Regulations (Northern Ireland) 2003 S.R. 2003 No. 537</entry>
<entry level="1" type="bullet">

 Registration of Establishments (Laying Hens) Regulations (Northern Ireland) 2003 S.R. 2003 No. 538</entry>
<entry level="1" type="bullet">

 Air Quality (Amendment) Regulations (Northern Ireland) 2003 S.R. 2003 No. 543</entry>
<entry level="1" type="bullet">

 Water Environment (Water Framework Directive) Regulations (Northern Ireland) 2003 S.R. 2003 No. 544</entry>
<entry level="1" type="bullet">

 <link>
Insolvency (2002 Order)</link> (Commencement) Order (Northern Ireland) 2003 S.R. 2003 No. 545</entry>
<entry level="1" type="bullet">

 Insolvency (2002 Order) (Transitional Provisions) Order (Northern Ireland) 2003 S.R. 2003 No. 546</entry>
<entry level="1" type="bullet">

 Insolvency Practitioners (Amendment) Regulations (Northern Ireland) 2003 S.R. 2003 No. 547</entry>
<entry level="1" type="bullet">

 Marketing and Use of Dangerous Substances (No. 4) Regulations (Northern Ireland) 2003 S.R. 2003 No. 548</entry>
<entry level="1" type="bullet">

 Insolvency (Amendment) Rules (Northern Ireland) 2003 S.R. 2003 No. 549</entry>
<entry level="1" type="bullet">

 Insolvent Partnerships (Amendment No. 3) Order (Northern Ireland) 2003 S.R. 2003 No. 550</entry>
<entry level="1" type="bullet">

 Home Repair Assistance Grant (Amendment) Regulations (Northern Ireland) 2003 S.R. 2003 No. 551</entry>
<entry level="1" type="bullet">

 Justice (Northern Ireland) Act 2002 (Amendment of section 46 (C.1) and paragraph 7 (C.2) of Schedule 8) Order 2003 S.R. 2003 No. 552</entry>
<entry level="1" type="bullet">

 Flags Regulations (Northern Ireland) (Amendment) 2002 S.R. 2003 No. 553</entry>
</list>
</p>

</ss2>
<sec>
<st>
External links</st>

<p>

<list>
<entry level="1" type="bullet">

 <weblink xlink:type="simple" xlink:href="http://www.opsi.gov.uk/">
Office of Public Sector Information</weblink></entry>
<entry level="1" type="bullet">

 <weblink xlink:type="simple" xlink:href="http://www.opsi.gov.uk/legislation/northernireland/ni-srni.htm">
OPSI SR (NI) List</weblink></entry>
<entry level="1" type="bullet">

 <weblink xlink:type="simple" xlink:href="http://www.opsi.gov.uk/legislation/northernireland/ni-srni-draft.htm">
OPSI Draft SR (NI) List</weblink></entry>
</list>
</p>



</sec>
</bdy>
</article>
