<?xml version="1.0" encoding="UTF-8"?>
<!-- generated by CLiX/Wiki2XML [MPI-Inf, MMCI@UdS] $LastChangedRevision: 92 $ on 17.04.2009 00:18:59[mciao0825] -->
<!DOCTYPE article SYSTEM "../article.dtd">
<article xmlns:xlink="http://www.w3.org/1999/xlink">
<header>
<title>Stochastic game</title>
<id>10500944</id>
<revision>
<id>240204312</id>
<timestamp>2008-09-22T11:19:34Z</timestamp>
<contributor>
<username>718 Bot</username>
<id>5415725</id>
</contributor>
</revision>
<categories>
<category>Game theory</category>
</categories>
</header>
<bdy>

In <link xlink:type="simple" xlink:href="../924/11924.xml">
game theory</link>, a <b>stochastic game</b> is a dynamic, competitive game with <b>probabilistic transitions</b> played by one or more players. The game is played in a sequence of stages. At the beginning of each stage the game is in some <b>state</b>. The players select actions and each player receives a <b>payoff</b> that depends on the current state and the chosen actions. The game then moves to a new random state whose distribution depends on the previous state and the actions chosen by the players. The procedure is repeated at the new state and play continues for a finite or infinite number of stages. The total payoff to a player is often taken to be the discounted sum of the stage payoffs or the limit inferior of the averages of the stage payoffs.<p>

If there is a finite number of players and the action sets and the set of states are finite, then a stochastic game with a finite number of stages always has a Nash equilibrium. The same is true for a game with infinitely many stages if the total payoff is the discounted sum. Vieille has shown that all two-person stochastic games with finite state and action spaces have 
<equilibrium wordnetid="113934900" confidence="0.9508927676800064">
<link xlink:type="simple" xlink:href="../112/10322112.xml">
approximate Nash equilibria</link></equilibrium>
 when the total payoff is the limit inferior of the averages of the stage payoffs. Whether such equilibria exist when there are more than two players is a challenging open question.</p>
<p>

Stochastic games have applications in economics and evolutionary biology. They are generalizations of <link xlink:type="simple" xlink:href="../089/3143089.xml">
repeated games</link> which correspond to the special case where there is only one state.</p>
<p>

Stochastic games were invented by Lloyd Shapley in the early 1950's. The most complete reference is the book of articles edited by Neyman and Sorin. The more elementary book of Filar and Vrieze provides a unified rigorous treatment of the theories of <link xlink:type="simple" xlink:href="../883/1125883.xml">
Markov Decision Processes</link> and two-person stochastic games. They coin the term Competitive MDPs to encompass both 1- and 2-player stochastic games.</p>

<sec>
<st>
 References </st>

<p>

<list>
<entry level="1" type="bullet">

 L.S. Shapley. Stochastic games Proc. Nat. Acad. Science, 39:1095-1100, 1953. </entry>
<entry level="1" type="bullet">

 A. Condon. The complexity of stochastic games. Information and Computation, 96:203–224, 1992.</entry>
<entry level="1" type="bullet">

 J. Filar and K. Vrieze. Competitive Markov Decision Processes. Springer-Verlag, 1997.</entry>
<entry level="1" type="bullet">

 N. Vieille. Stochastic games: Recent results. In Handbook of Game Theory,pages 1833–1850. Elsevier Science, 2002.</entry>
<entry level="1" type="bullet">

 A. Neyman and S. Sorin, editors, Stochastic Games and Applications. Kluwer Academic Press, 2003.</entry>
</list>
</p>

<p>

<table style=";" class="navbox" cellspacing="0">
<row>
<col style="padding:2px;">
<table style="width:100%;background:transparent;color:inherit;;" class="nowraplinks collapsible autocollapse " cellspacing="0">
<row>
<header colspan="2" style=";" class="navbox-title">
Topics in <link xlink:type="simple" xlink:href="../924/11924.xml">
game theory</link></header>
</row>
<row style="height:2px;">

</row>
<row>
<col style=";;" class="navbox-group">
Definitions</col>
<col style="text-align:left;border-left:2px solid #fdfdfd;width:100%;padding:0px;;;" class="navbox-list navbox-odd">
<link xlink:type="simple" xlink:href="../612/1863612.xml">
Normal-form game</link>&nbsp;·  <link xlink:type="simple" xlink:href="../490/1602490.xml">
Extensive-form game</link>&nbsp;·  <link xlink:type="simple" xlink:href="../958/657958.xml">
Cooperative game</link>&nbsp;·  <link xlink:type="simple" xlink:href="../970/1602970.xml">
Information set</link>&nbsp;·  <link xlink:type="simple" xlink:href="../162/170162.xml">
Preference</link></col>
</row>
<row style="height:2px">

</row>
<row>
<col style=";;" class="navbox-group">
<link xlink:type="simple" xlink:href="../572/227572.xml">
Equilibrium</link>&nbsp;<link xlink:type="simple" xlink:href="../457/1601457.xml">
concepts</link></col>
<col style="text-align:left;border-left:2px solid #fdfdfd;width:100%;padding:0px;;;" class="navbox-list navbox-even">
<equilibrium wordnetid="113934900" confidence="0.9508927676800064">
<link xlink:type="simple" xlink:href="../337/45337.xml">
Nash equilibrium</link></equilibrium>
&nbsp;·  <equilibrium wordnetid="113934900" confidence="0.9508927676800064">
<link xlink:type="simple" xlink:href="../902/6954902.xml">
Subgame perfection</link></equilibrium>
&nbsp;·  <link xlink:type="simple" xlink:href="../423/1863423.xml">
Bayesian-Nash</link>&nbsp;·  <link xlink:type="simple" xlink:href="../423/1863423.xml">
Perfect Bayesian</link>&nbsp;·  <equilibrium wordnetid="113934900" confidence="0.9508927676800064">
<link xlink:type="simple" xlink:href="../360/2863360.xml">
Trembling hand</link></equilibrium>
&nbsp;·  <equilibrium wordnetid="113934900" confidence="0.9508927676800064">
<link xlink:type="simple" xlink:href="../223/10276223.xml">
Proper equilibrium</link></equilibrium>
&nbsp;·  <equilibrium wordnetid="113934900" confidence="0.9508927676800064">
<link xlink:type="simple" xlink:href="../112/10322112.xml">
Epsilon-equilibrium</link></equilibrium>
&nbsp;·  <equilibrium wordnetid="113934900" confidence="0.9508927676800064">
<link xlink:type="simple" xlink:href="../108/3366108.xml">
Correlated equilibrium</link></equilibrium>
&nbsp;·  <equilibrium wordnetid="113934900" confidence="0.9508927676800064">
<link xlink:type="simple" xlink:href="../295/5348295.xml">
Sequential equilibrium</link></equilibrium>
&nbsp;·  <equilibrium wordnetid="113934900" confidence="0.9508927676800064">
<link xlink:type="simple" xlink:href="../452/5348452.xml">
Quasi-perfect equilibrium</link></equilibrium>
&nbsp;·  <equilibrium wordnetid="113934900" confidence="0.9508927676800064">
<link xlink:type="simple" xlink:href="../616/9616.xml">
Evolutionarily stable strategy</link></equilibrium>
&nbsp;·  <equilibrium wordnetid="113934900" confidence="0.9508927676800064">
<link xlink:type="simple" xlink:href="../690/9292690.xml">
Risk dominance</link></equilibrium>
&nbsp;·  <standard wordnetid="107260623" confidence="0.8">
<system_of_measurement wordnetid="113577171" confidence="0.8">
<link xlink:type="simple" xlink:href="../468/45468.xml">
Pareto efficiency</link></system_of_measurement>
</standard>
</col>
</row>
<row style="height:2px">

</row>
<row>
<col style=";;" class="navbox-group">
<link xlink:type="simple" xlink:href="../441/1434441.xml">
Strategies</link></col>
<col style="text-align:left;border-left:2px solid #fdfdfd;width:100%;padding:0px;;;" class="navbox-list navbox-odd">
<link xlink:type="simple" xlink:href="../847/2352847.xml">
Dominant strategies</link>&nbsp;·  <link xlink:type="simple" xlink:href="../441/1434441.xml">
Pure strategy</link>&nbsp;·  <link xlink:type="simple" xlink:href="../441/1434441.xml#xpointer(//*[./st=%22Mixed+strategy%22])">
Mixed strategy</link>&nbsp;·  <link xlink:type="simple" xlink:href="../800/267800.xml">
Tit for tat</link>&nbsp;·  <event wordnetid="100029378" confidence="0.8">
<social_event wordnetid="107288639" confidence="0.8">
<contest wordnetid="107456188" confidence="0.8">
<game wordnetid="100456199" confidence="0.8">
<psychological_feature wordnetid="100023100" confidence="0.8">
<link xlink:type="simple" xlink:href="../758/1490758.xml">
Grim trigger</link></psychological_feature>
</game>
</contest>
</social_event>
</event>
&nbsp;·  <link xlink:type="simple" xlink:href="../557/162557.xml">
Collusion</link>&nbsp;·  <link xlink:type="simple" xlink:href="../912/2060912.xml">
Backward induction</link></col>
</row>
<row style="height:2px">

</row>
<row>
<col style=";;" class="navbox-group">
Classes of games</col>
<col style="text-align:left;border-left:2px solid #fdfdfd;width:100%;padding:0px;;;" class="navbox-list navbox-even">
<link xlink:type="simple" xlink:href="../692/2710692.xml">
Symmetric game</link>&nbsp;·  <link xlink:type="simple" xlink:href="../438/321438.xml">
Perfect information</link>&nbsp;·  <link xlink:type="simple" xlink:href="../863/2060863.xml">
Dynamic game</link>&nbsp;·  <link xlink:type="simple" xlink:href="../863/2060863.xml">
Sequential game</link>&nbsp;·  <link xlink:type="simple" xlink:href="../089/3143089.xml">
Repeated game</link>&nbsp;·  <link xlink:type="simple" xlink:href="../967/1395967.xml">
Signaling game</link>&nbsp;·  <link xlink:type="simple" xlink:href="../257/1385257.xml">
Cheap talk</link>&nbsp;·  <event wordnetid="100029378" confidence="0.8">
<social_event wordnetid="107288639" confidence="0.8">
<contest wordnetid="107456188" confidence="0.8">
<game wordnetid="100456199" confidence="0.8">
<psychological_feature wordnetid="100023100" confidence="0.8">
<link xlink:type="simple" xlink:href="../417/34417.xml">
Zero-sum game</link></psychological_feature>
</game>
</contest>
</social_event>
</event>
&nbsp;·  <link xlink:type="simple" xlink:href="../895/689895.xml">
Mechanism design</link>&nbsp;·  <link xlink:type="simple" xlink:href="../395/17237395.xml">
Bargaining&nbsp;problem</link>&nbsp;·  <link xlink:type="simple" xlink:href="../944/10500944.xml">
Stochastic game</link>&nbsp;·  <link xlink:type="simple" xlink:href="../093/11240093.xml">
Nontransitive game</link>&nbsp;·  <link xlink:type="simple" xlink:href="../101/12486101.xml">
Global games</link></col>
</row>
<row style="height:2px">

</row>
<row>
<col style=";;" class="navbox-group">
<link xlink:type="simple" xlink:href="../009/2771009.xml">
Games</link></col>
<col style="text-align:left;border-left:2px solid #fdfdfd;width:100%;padding:0px;;;" class="navbox-list navbox-odd">
<work wordnetid="100575741" confidence="0.8">
<scientific_research wordnetid="100641820" confidence="0.8">
<event wordnetid="100029378" confidence="0.8">
<experiment wordnetid="100639556" confidence="0.8">
<investigation wordnetid="100633864" confidence="0.8">
<act wordnetid="100030358" confidence="0.8">
<research wordnetid="100636921" confidence="0.8">
<psychological_feature wordnetid="100023100" confidence="0.8">
<activity wordnetid="100407535" confidence="0.8">
<link xlink:type="simple" xlink:href="../717/43717.xml">
Prisoner's dilemma</link></activity>
</psychological_feature>
</research>
</act>
</investigation>
</experiment>
</event>
</scientific_research>
</work>
&nbsp;·  <link xlink:type="simple" xlink:href="../559/11336559.xml">
Traveler's dilemma</link>&nbsp;·  <link xlink:type="simple" xlink:href="../584/946584.xml">
Coordination game</link>&nbsp;·  <link xlink:type="simple" xlink:href="../323/381323.xml">
Chicken</link>&nbsp;·  <link xlink:type="simple" xlink:href="../776/11351776.xml">
Volunteer's dilemma</link>&nbsp;·  <statement wordnetid="106722453" confidence="0.8">
<message wordnetid="106598915" confidence="0.8">
<contradiction wordnetid="107206887" confidence="0.8">
<paradox wordnetid="106724559" confidence="0.8">
<falsehood wordnetid="106756407" confidence="0.8">
<link xlink:type="simple" xlink:href="../631/3183631.xml">
Dollar auction</link></falsehood>
</paradox>
</contradiction>
</message>
</statement>
&nbsp;·  <link xlink:type="simple" xlink:href="../497/1596497.xml">
Battle of the sexes</link>&nbsp;·  <link xlink:type="simple" xlink:href="../701/1563701.xml">
Stag hunt</link>&nbsp;·  <link xlink:type="simple" xlink:href="../392/1369392.xml">
Matching pennies</link>&nbsp;·  <link xlink:type="simple" xlink:href="../679/801679.xml">
Ultimatum game</link>&nbsp;·  <link xlink:type="simple" xlink:href="../856/1710856.xml">
Minority game</link>&nbsp;·  <event wordnetid="100029378" confidence="0.8">
<social_event wordnetid="107288639" confidence="0.8">
<contest wordnetid="107456188" confidence="0.8">
<game wordnetid="100456199" confidence="0.8">
<psychological_feature wordnetid="100023100" confidence="0.8">
<link xlink:type="simple" xlink:href="../032/27032.xml">
Rock-paper-scissors</link></psychological_feature>
</game>
</contest>
</social_event>
</event>
&nbsp;·  <link xlink:type="simple" xlink:href="../808/5399808.xml">
Pirate game</link>&nbsp;·  <link xlink:type="simple" xlink:href="../970/1556970.xml">
Dictator game</link>&nbsp;·  <link xlink:type="simple" xlink:href="../343/1882343.xml">
Public&nbsp;goods&nbsp;game</link>&nbsp;·   <link xlink:type="simple" xlink:href="../454/5745454.xml">
Blotto games</link> &nbsp;· <event wordnetid="100029378" confidence="0.8">
<social_event wordnetid="107288639" confidence="0.8">
<contest wordnetid="107456188" confidence="0.8">
<game wordnetid="100456199" confidence="0.8">
<psychological_feature wordnetid="100023100" confidence="0.8">
<link xlink:type="simple" xlink:href="../531/3167531.xml">
War of attrition</link></psychological_feature>
</game>
</contest>
</social_event>
</event>
 &nbsp;· <link xlink:type="simple" xlink:href="../647/2067647.xml">
El Farol Bar problem</link> &nbsp;· <link xlink:type="simple" xlink:href="../899/669899.xml">
Cake cutting</link> &nbsp;· <physical_entity wordnetid="100001930" confidence="0.8">
<person wordnetid="100007846" confidence="0.8">
<model wordnetid="110324560" confidence="0.8">
<assistant wordnetid="109815790" confidence="0.8">
<worker wordnetid="109632518" confidence="0.8">
<causal_agent wordnetid="100007347" confidence="0.8">
<link xlink:type="simple" xlink:href="../119/1481119.xml">
Cournot game</link></causal_agent>
</worker>
</assistant>
</model>
</person>
</physical_entity>
 &nbsp;· <link xlink:type="simple" xlink:href="../391/2631391.xml">
Deadlock</link> &nbsp;· <link xlink:type="simple" xlink:href="../655/3138655.xml">
Diner's dilemma</link> &nbsp;· <link xlink:type="simple" xlink:href="../630/2729630.xml">
Guess 2/3 of the average</link> &nbsp;· <link xlink:type="simple" xlink:href="../161/1199161.xml">
Kuhn poker</link> &nbsp;· <link xlink:type="simple" xlink:href="../388/1581388.xml">
Nash bargaining game</link> &nbsp;· <link xlink:type="simple" xlink:href="../275/10530275.xml">
Screening game</link> &nbsp;· <link xlink:type="simple" xlink:href="../967/1395967.xml">
Signaling game</link> &nbsp;· <link xlink:type="simple" xlink:href="../970/1556970.xml#xpointer(//*[./st=%22Trust+game%22])">
Trust game</link> &nbsp;· <link xlink:type="simple" xlink:href="../052/12249052.xml">
Princess and monster game</link></col>
</row>
<row style="height:2px">

</row>
<row>
<col style=";;" class="navbox-group">
Theorems</col>
<col style="text-align:left;border-left:2px solid #fdfdfd;width:100%;padding:0px;;;" class="navbox-list navbox-even">
<event wordnetid="100029378" confidence="0.8">
<rule wordnetid="105846932" confidence="0.8">
<act wordnetid="100030358" confidence="0.8">
<psychological_feature wordnetid="100023100" confidence="0.8">
<procedure wordnetid="101023820" confidence="0.8">
<activity wordnetid="100407535" confidence="0.8">
<algorithm wordnetid="105847438" confidence="0.8">
<link xlink:type="simple" xlink:href="../589/19589.xml">
Minimax theorem</link></algorithm>
</activity>
</procedure>
</psychological_feature>
</act>
</rule>
</event>
&nbsp;·  <link xlink:type="simple" xlink:href="../452/4929452.xml">
Purification theorem</link>&nbsp;·  <equilibrium wordnetid="113934900" confidence="0.9508927676800064">
<link xlink:type="simple" xlink:href="../390/3013390.xml">
Folk theorem</link></equilibrium>
&nbsp;·  <link xlink:type="simple" xlink:href="../087/6394087.xml">
Revelation principle</link>&nbsp;·  <statement wordnetid="106722453" confidence="0.8">
<message wordnetid="106598915" confidence="0.8">
<information wordnetid="106634376" confidence="0.8">
<electronic_database wordnetid="106588511" confidence="0.8">
<lexical_database wordnetid="106638868" confidence="0.8">
<theorem wordnetid="106752293" confidence="0.8">
<wordnet wordnetid="106639428" confidence="0.8">
<proposition wordnetid="106750804" confidence="0.8">
<database wordnetid="106637824" confidence="0.8">
<link xlink:type="simple" xlink:href="../425/89425.xml">
Arrow's impossibility theorem</link></database>
</proposition>
</wordnet>
</theorem>
</lexical_database>
</electronic_database>
</information>
</message>
</statement>
</col>
</row>
</table>
</col>
</row>
</table>
</p>



</sec>
</bdy>
</article>
