<?xml version="1.0" encoding="UTF-8"?>
<!-- generated by CLiX/Wiki2XML [MPI-Inf, MMCI@UdS] $LastChangedRevision: 92 $ on 16.04.2009 18:03:16[mciao0825] -->
<!DOCTYPE article SYSTEM "../article.dtd">
<article xmlns:xlink="http://www.w3.org/1999/xlink">
<entity  confidence="0.9511911446218017" wordnetid="100001740">
<header>
<title>Sarcolaenaceae</title>
<id>1052529</id>
<revision>
<id>239452164</id>
<timestamp>2008-09-19T03:05:41Z</timestamp>
<contributor>
<username>Hesperian</username>
<id>111359</id>
</contributor>
</revision>
<categories>
<category>Sarcolaenaceae</category>
<category>Flora of Madagascar</category>
</categories>
</header>
<bdy>

<table style="text-align:center; padding:2.5px; width:200px;" class="infobox biota">
<row style="text-align:center;">
<header style="background:#90EE90;">
Sarcolaenaceae</header>
</row>
<row style="text-align:center;">

</row>
<row style="background:#90EE90;">
</row>
<row style="text-align:center;">
<header style="background:#90EE90;">
 <link xlink:type="simple" xlink:href="../581/53581.xml">
Scientific classification</link></header>
</row>
<row style="text-align:center;">
<col>
<table style="margin:0 auto; text-align:left; background:transparent;" cellpadding="2">
<row valign="top">
</row>
<row valign="top">
</row>
<row valign="top">
</row>
<row valign="top">
</row>
<row valign="top">
</row>
<row valign="top">
<col>
Kingdom:</col>
<col>
 <link xlink:type="simple" xlink:href="../208/23208.xml">
Plantae</link></col>
</row>
<row valign="top">
</row>
<row valign="top">
</row>
<row valign="top">
</row>
<row valign="top">
</row>
<row valign="top">
</row>
<row valign="top">
<col>
(unranked):</col>
<col>
 <link xlink:type="simple" xlink:href="../967/18967.xml">
Angiosperms</link></col>
</row>
<row valign="top">
</row>
<row valign="top">
</row>
<row valign="top">
</row>
<row valign="top">
</row>
<row valign="top">
</row>
<row valign="top">
</row>
<row valign="top">
<col>
(unranked):</col>
<col>
 <link xlink:type="simple" xlink:href="../053/2774053.xml">
Eudicots</link></col>
</row>
<row valign="top">
</row>
<row valign="top">
</row>
<row valign="top">
</row>
<row valign="top">
</row>
<row valign="top">
<col>
(unranked):</col>
<col>
 <link xlink:type="simple" xlink:href="../669/2799669.xml">
Rosids</link></col>
</row>
<row valign="top">
</row>
<row valign="top">
</row>
<row valign="top">
<col>
Order:</col>
<col>
 <link xlink:type="simple" xlink:href="../968/18968.xml">
Malvales</link></col>
</row>
<row valign="top">
</row>
<row valign="top">
</row>
<row valign="top">
</row>
<row valign="top">
</row>
<row valign="top">
</row>
<row valign="top">
</row>
<row valign="top">
</row>
<row valign="top">
</row>
<row valign="top">
<col>
Family:</col>
<col>
<b>Sarcolaenaceae</b></col>
</row>
<row valign="top">
</row>
<row valign="top">
</row>
<row valign="top">
</row>
<row valign="top">
</row>
<row valign="top">
</row>
<row valign="top">
</row>
<row valign="top">
</row>
<row valign="top">
</row>
<row valign="top">
</row>
<row valign="top">
</row>
<row valign="top">
</row>
<row valign="top">
</row>
<row valign="top">
</row>
<row valign="top">
</row>
<row valign="top">
</row>
<row valign="top">
</row>
<row valign="top">
</row>
</table>
</col>
</row>
<row style="background:#90EE90;">
</row>
<row style="background:#90EE90;">
</row>
<row style="background:#90EE90;">
</row>
<row style="background:#90EE90;">
</row>
<row style="background:#90EE90;">
</row>
<row style="text-align:center;">
</row>
<row style="text-align:center;">
</row>
<row style="text-align:center;">
</row>
<row style="text-align:center;">
</row>
<row style="text-align:center;">
</row>
<row style="text-align:center;">
</row>
<row style="text-align:center;">
</row>
<row style="text-align:center;">
</row>
<row style="text-align:center;">
</row>
<row style="text-align:center;">
</row>
<row style="background:#90EE90;">
<header>
Genera</header>
</row>
<row>
<col style="padding:0 .5em; text-align:left;">
<it><link xlink:type="simple" xlink:href="../627/1052627.xml">
Eremolaena</link></it>
<it><link xlink:type="simple" xlink:href="../170/12194170.xml">
Leptolaena</link></it>
<it><link>
Mediusella</link></it>
<it><link>
Pentachlaena</link></it>
<it><link>
Perrierodendron</link></it>
<it><link>
Rhodolaena</link></it>
<it><link xlink:type="simple" xlink:href="../510/12914510.xml">
Sarcolaena</link></it>
<it><link>
Schizolaena</link></it>
<it><link>
Xerochlamys</link></it>
<it><link xlink:type="simple" xlink:href="../168/11836168.xml">
Xyloolaena</link>''</it></col>
</row>
</table>
<p>

The <b>Sarcolaenaceae</b> are a <link xlink:type="simple" xlink:href="../276/56276.xml">
family</link> of <link xlink:type="simple" xlink:href="../967/18967.xml">
flowering plant</link>s <link xlink:type="simple" xlink:href="../971/937971.xml">
endemic</link> to <country wordnetid="108544813" confidence="0.9508927676800064">
<link xlink:type="simple" xlink:href="../964/18964.xml">
Madagascar</link></country>
. The family includes 40 <link xlink:type="simple" xlink:href="../023/28023.xml">
species</link> of mostly <link xlink:type="simple" xlink:href="../719/66719.xml">
evergreen</link> <link xlink:type="simple" xlink:href="../875/18955875.xml">
tree</link>s and <link xlink:type="simple" xlink:href="../708/61708.xml">
shrub</link>s in ten <link xlink:type="simple" xlink:href="../493/38493.xml">
genera</link>.</p>
<p>

Recent <link xlink:type="simple" xlink:href="../955/7955.xml">
DNA</link> studies indicate that the Sarcolaenaceae are a sibling <link xlink:type="simple" xlink:href="../556/199556.xml">
taxon</link> to the family <link xlink:type="simple" xlink:href="../778/850778.xml">
Dipterocarpaceae</link> of <region wordnetid="108630985" confidence="0.8">
<center wordnetid="108523483" confidence="0.8">
<area wordnetid="108497294" confidence="0.8">
<see wordnetid="108586825" confidence="0.8">
<seat wordnetid="108647945" confidence="0.8">
<location wordnetid="100027167" confidence="0.8">
<link xlink:type="simple" xlink:href="../607/5334607.xml">
Africa</link></location>
</seat>
</see>
</area>
</center>
</region>
, <system wordnetid="108435388" confidence="0.8">
<economy wordnetid="108366753" confidence="0.8">
<group wordnetid="100031264" confidence="0.8">
<link xlink:type="simple" xlink:href="../769/26769.xml">
South America</link></group>
</economy>
</system>
, <country wordnetid="108544813" confidence="0.9508927676800064">
<link xlink:type="simple" xlink:href="../533/14533.xml">
India</link></country>
, <region wordnetid="108630039" confidence="0.8">
<location wordnetid="100027167" confidence="0.8">
<link xlink:type="simple" xlink:href="../741/28741.xml">
Southeast Asia</link></location>
</region>
 and <link xlink:type="simple" xlink:href="../541/460541.xml">
Malesia</link>.</p>

<sec>
<st>
References</st>
<p>

<list>
<entry level="1" type="bullet">

 <cite style="font-style:normal">M. Ducousso, G. Béna, C. Bourgeois, B. Buyck, G. Eyssartier, M. Vincelette, R. Rabevohitra, L. Randrihasipara, B. Dreyfus &amp; Y. Prin&#32;(2004).&#32;<weblink xlink:type="simple" xlink:href="http://www.blackwell-synergy.com/doi/abs/10.1046/j.1365-294X.2003.02032.x">
The last common ancestor of Sarcolaenaceae and Asian dipterocarp trees was ectomycorrhizal before the India-Madagascar separation, about 88 million years ago</weblink>. <it><link>
Molecular Ecology</link></it>&#32;<b>13</b>&#32;(1): 231–236. <document wordnetid="106470073" confidence="0.8">
<written_communication wordnetid="106349220" confidence="0.8">
<writing wordnetid="106362953" confidence="0.8">
<link xlink:type="simple" xlink:href="../994/422994.xml">
doi</link></writing>
</written_communication>
</document>
:<weblink xlink:type="simple" xlink:href="http://dx.doi.org/10.1046%2Fj.1365-294X.2003.02032.x">
10.1046/j.1365-294X.2003.02032.x</weblink>.</cite>&nbsp;</entry>
</list>
</p>

</sec>
<sec>
<st>
 External links </st>
<p>

<list>
<entry level="1" type="bullet">

 <weblink xlink:type="simple" xlink:href="http://www.mobot.org/MOBOT/Madagasc/sarcolae.html">
Images of Sarcolaenaceae in Madagascar (Missouri Botanic Garden)</weblink></entry>
<entry level="1" type="bullet">

 <weblink xlink:type="simple" xlink:href="http://delta-intkey.com/angio/www/sarcolae.htm">
Sarcolaenaceae</weblink> in <weblink xlink:type="simple" xlink:href="http://delta-intkey.com/angio/">
L. Watson and M.J. Dallwitz (1992 onwards). The families of flowering plants: descriptions, illustrations, identification, information retrieval.</weblink> http://delta-intkey.com</entry>
</list>
</p>


</sec>
</bdy>
</entity>
</article>
