<?xml version="1.0" encoding="UTF-8"?>
<!-- generated by CLiX/Wiki2XML [MPI-Inf, MMCI@UdS] $LastChangedRevision: 92 $ on 16.04.2009 18:03:21[mciao0825] -->
<!DOCTYPE article SYSTEM "../article.dtd">
<article xmlns:xlink="http://www.w3.org/1999/xlink">
<header>
<title>Statistical learning theory</title>
<id>1053303</id>
<revision>
<id>194645050</id>
<timestamp>2008-02-28T12:55:11Z</timestamp>
<contributor>
<username>XLinkBot</username>
<id>6163802</id>
</contributor>
</revision>
<categories>
<category>All disambiguation pages</category>
<category>Disambiguation pages</category>
</categories>
</header>
<bdy>

<b>Statistical learning theory</b> is an ambiguous term.<p>

<list>
<entry level="1" type="number">

It may refer to <link xlink:type="simple" xlink:href="../537/387537.xml">
computational learning theory</link>, which is a sub-field of <link xlink:type="simple" xlink:href="../392/323392.xml">
theoretical computer science</link> that studies how <link xlink:type="simple" xlink:href="../775/775.xml">
algorithm</link>s can learn from data.</entry>
<entry level="1" type="number">

It may refer to <link xlink:type="simple" xlink:href="../843/305843.xml">
Vapnik-Chervonenkis theory</link>, which is a specific approach to computational learning theory, proposed by <physical_entity wordnetid="100001930" confidence="0.8">
<person wordnetid="100007846" confidence="0.8">
<causal_agent wordnetid="100007347" confidence="0.8">
<academician wordnetid="109759069" confidence="0.8">
<scientist wordnetid="110560637" confidence="0.8">
<adult wordnetid="109605289" confidence="0.8">
<professional wordnetid="110480253" confidence="0.8">
<mathematician wordnetid="110301261" confidence="0.8">
<educator wordnetid="110045713" confidence="0.8">
<link xlink:type="simple" xlink:href="../673/209673.xml">
Vladimir Vapnik</link></educator>
</mathematician>
</professional>
</adult>
</scientist>
</academician>
</causal_agent>
</person>
</physical_entity>
 and <physical_entity wordnetid="100001930" confidence="0.8">
<person wordnetid="100007846" confidence="0.8">
<causal_agent wordnetid="100007347" confidence="0.8">
<scientist wordnetid="110560637" confidence="0.8">
<mathematician wordnetid="110301261" confidence="0.8">
<link xlink:type="simple" xlink:href="../850/305850.xml">
Alexey Chervonenkis</link></mathematician>
</scientist>
</causal_agent>
</person>
</physical_entity>
.</entry>
</list>
</p>

<p>

<table style="background:none">
<row>
<col style="vertical-align:middle;">
<image width="30px" src="Disambig_gray.svg">
</image>
</col>
<col style="vertical-align:middle;">
<it>This  page lists articles associated with the same title. If an <weblink xlink:type="simple" xlink:href="http://localhost:18088/wiki/index.php?title=Special:Whatlinkshere/Statistical_learning_theory&amp;namespace=0">
internal link</weblink>led you here, you may wish to change the link to point directly to the intended article.''</it></col>
</row>
</table>

</p>
</bdy>
</article>
