<?xml version="1.0" encoding="UTF-8"?>
<!-- generated by CLiX/Wiki2XML [MPI-Inf, MMCI@UdS] $LastChangedRevision: 92 $ on 16.04.2009 18:05:19[mciao0828] -->
<!DOCTYPE article SYSTEM "../article.dtd">
<article xmlns:xlink="http://www.w3.org/1999/xlink">
<entity  confidence="0.9511911446218017" wordnetid="100001740">
<header>
<title>Appearance Manager</title>
<id>1053115</id>
<revision>
<id>206898047</id>
<timestamp>2008-04-20T15:37:30Z</timestamp>
<contributor>
<username>AVRS</username>
<id>2186406</id>
</contributor>
</revision>
<categories>
<category>Mac OS APIs</category>
</categories>
</header>
<bdy>

<image width="250px" src="Drawing_board.jpg" type="thumb">
<caption>

The <b>Drawing Board</b> theme on a Macintosh computer running <link xlink:type="simple" xlink:href="../416/294416.xml">
ClarisWorks</link>
</caption>
</image>

In the pre-<link xlink:type="simple" xlink:href="../640/20640.xml">
Mac OS X</link> version of the <link xlink:type="simple" xlink:href="../043/20043.xml">
Macintosh operating system</link>, the <b>Appearance Manager</b> controlled the overall look of the Mac <link xlink:type="simple" xlink:href="../293/12293.xml">
GUI</link> widgets and supported several <b>themes</b>. The Appearance Manager was originally developed for <link xlink:type="simple" xlink:href="../856/856.xml">
Apple</link>'s failed <link xlink:type="simple" xlink:href="../520/532520.xml">
Copland</link> project, but with the cancellation of this project the system was moved into newer versions of the Mac OS, notably <version wordnetid="107173585" confidence="0.9508927676800064">
<link xlink:type="simple" xlink:href="../730/511730.xml">
Mac OS 8</link></version>
 and <link xlink:type="simple" xlink:href="../635/205635.xml">
9</link>. The current version of the operating system, Mac OS X, no longer directly supports the Appearance Manager, which can be considered "dead".<p>

The Appearance Manager was implemented as an abstraction layer between the Control Manager and <link xlink:type="simple" xlink:href="../439/256439.xml">
QuickDraw</link>. Previously, controls made direct QuickDraw calls to draw user interface elements such as buttons, scrollbars, window title bars, etc. With Appearance, these elements were abstracted into a series of APIs that would draw the item as a distinct entity on behalf of the client code, thus relieving the Control Manager of the task. This extra level of indirection allowed the system to support the concept of switchable themes, since client code would simply request the image of an interface element (a button or scroll bar, for example) and draw its appearance. The Appearance Manager remains as part of <link xlink:type="simple" xlink:href="../891/56891.xml">
Carbon</link>, but switchable themes are no longer supported in Mac OS X.</p>

<sec>
<st>
Typography</st>
<p>

<image width="150px" src="Charcoal.png" type="frame">
</image>

By default, the Appearance Manager used a font called <font wordnetid="106825399" confidence="0.9508927676800064">
<link xlink:type="simple" xlink:href="../616/2060616.xml">
Charcoal</link></font>
 to replace the similar <font wordnetid="106825399" confidence="0.9508927676800064">
<link xlink:type="simple" xlink:href="../560/1003560.xml">
Chicago</link></font>
 typeface that had been used in earlier versions of the Mac OS. A number of additional fonts were also provided, <written_symbol wordnetid="106817623" confidence="0.8">
<symbol wordnetid="106806469" confidence="0.8">
<font wordnetid="106825399" confidence="0.8">
<signal wordnetid="106791372" confidence="0.8">
<type wordnetid="106825120" confidence="0.8">
<character wordnetid="106818970" confidence="0.8">
<link xlink:type="simple" xlink:href="../920/10829920.xml">
 Capitals</link></character>
</type>
</signal>
</font>
</symbol>
</written_symbol>
, Gadget, Sand, Techno, and Textile. These fonts needed to provide not only the regular letters and symbols of any other font, but also those specific to the Mac operating system, such as the <link xlink:type="simple" xlink:href="../630/1243630.xml">
Command key</link> symbol, &amp;#x2318;. Normally fonts were displayed at 12&nbsp;<unit_of_measurement wordnetid="113583724" confidence="0.8">
<definite_quantity wordnetid="113576101" confidence="0.8">
<link xlink:type="simple" xlink:href="../349/991349.xml">
points</link></definite_quantity>
</unit_of_measurement>
.</p>
<p>

The Appearance Manager also applied <link xlink:type="simple" xlink:href="../507/113507.xml">
anti-aliasing</link> to type displayed on the screen above a certain size, by default 12&nbsp;points. This improved the overall look of the text by reducing certain distortion artifacts intrinsic to computer screens.</p>

</sec>
<sec>
<st>
Appearance Themes</st>
<p>

<image width="150px" src="Copland_Platinum_theme.png" type="thumb">
<caption>

Platinum in Copland
</caption>
</image>
The default look and feel of the Appearance Manager in the Mac OS 8 - 9 Era is <b>Apple Platinum</b>, which was intended to be the primary <link xlink:type="simple" xlink:href="../293/12293.xml">
GUI</link> for Copland. Platinum retains many of the shapes and positions of elements from <link xlink:type="simple" xlink:href="../354/345354.xml">
System 7</link> and earlier, like window control <link xlink:type="simple" xlink:href="../705/769705.xml">
widget</link>s and buttons and Charcoal is the associated default system font. However, various shades of grey are used extensively throughout the interface, as opposed to previous interfaces which are mostly black and white.  Contrary to popular belief, Apple Platinum is technically not an Appearance Theme and does not contain any theme elements.  The Platinum interface is embedded into the Mac OS System File so no Appearance Theme is necessary.  There is an Apple Platinum file in the <link xlink:type="simple" xlink:href="../805/2386805.xml">
System Folder</link> which acts as a <parlance wordnetid="107081177" confidence="0.8">
<formulation wordnetid="107069948" confidence="0.8">
<expressive_style wordnetid="107066659" confidence="0.8">
<link xlink:type="simple" xlink:href="../329/674329.xml">
stub</link></expressive_style>
</formulation>
</parlance>
, but no functional theme elements can be embedded into it. Customizable palettes ('clut' resources) are used for progress bars, scroll thumbs, slider tabs and menu selections in Apple Platinum and this unique option is not available to real themes. The Appearance Manager uses the type code 'pltn' to identify if a file should act like a palette modification <parlance wordnetid="107081177" confidence="0.8">
<formulation wordnetid="107069948" confidence="0.8">
<expressive_style wordnetid="107066659" confidence="0.8">
<link xlink:type="simple" xlink:href="../329/674329.xml">
stub</link></expressive_style>
</formulation>
</parlance>
 to Apple Platinum and the type code 'thme' to identify if a file should act like an Appearance Theme.  </p>
<p>

<image location="left" width="250px" src="Gizmo_theme_macos.jpg" type="thumb">
<caption>

The Gizmo appearance theme in Mac OS 9
</caption>
</image>

Apple widely demonstrated two Appearance Themes which override Apple Platinum, <b>Hi-Tech</b> and <b>Gizmo</b>. Hi-Tech is based on a shades-of-black color scheme that made the interface look like a piece of stereo equipment. Gizmo is a "kids" interface, using lots of bright colors and "wiggly" interface elements. Both changed every single element of the overall GUI leaving no trace of Apple Platinum.  A third theme was later introduced, <b>Drawing Board</b>, developed at Apple Japan. This theme uses elements that make the interface look like it has been drawn in pencil on a <link xlink:type="simple" xlink:href="../414/171414.xml">
drafting</link>-board, including small "pencil marks" around the windows, a barely-visible grid on the desktop, and "squarish" elements with low-contrast.</p>
<p>

Platinum was also used on several versions of <link xlink:type="simple" xlink:href="../114/53114.xml">
OpenStep</link> while it was in the process of being turned into <link xlink:type="simple" xlink:href="../640/20640.xml">
Mac OS X</link>. In particular, both <O wordnetid="106832680" confidence="0.9508927676800064">
<link xlink:type="simple" xlink:href="../421/1553421.xml">
Rhapsody</link></O>
 and, the final version of it, which was called <O wordnetid="106832680" confidence="0.9508927676800064">
<link xlink:type="simple" xlink:href="../931/1661931.xml">
Mac OS X Server 1.0</link></O>
, and also Mac OS X Developer Previews up to DR2 used a Platinum-based UI. An updated and more powerful version of the Appearance Manager was used for Carbon applications in Mac OS X even after Apple made the transition to <link xlink:type="simple" xlink:href="../309/471309.xml">
Aqua</link>.  The Extras.rsrc file is an updated version of an Appearance Theme that is compatible with the newer Appearance Manager.  As of Mac OS X version 10.3, 'layo' data is no longer used even for Carbon applications, so the existence of the Appearance Manager can no longer be confirmed.</p>

</sec>
<sec>
<st>
Similar products</st>

<p>

Shareware products existed that provided some or all of the functionality offered by Appearance Manager before the Control Panel became part of the Mac operating system. These included Church Windows and Décor, both Control Panels that set the desktop pattern to a picture; and <link xlink:type="simple" xlink:href="../031/2187031.xml">
WindowShade</link>, a Control Panel that caused application windows to "roll up" when the title bar was double-clicked. Kaleidoscope was an application that applied system-wide <link xlink:type="simple" xlink:href="../887/191887.xml">
schemes</link> in a similar way to the Appearance Manager. Aaron was an <pause wordnetid="115271008" confidence="0.8">
<extension wordnetid="115272382" confidence="0.8">
<time_interval wordnetid="115269513" confidence="0.8">
<delay wordnetid="115272029" confidence="0.8">
<link xlink:type="simple" xlink:href="../447/1757447.xml">
Extension</link></delay>
</time_interval>
</extension>
</pause>
 that applied a similar Platinum look to that used in Mac OS 8, though in this case it was mimicking the ill-fated <link xlink:type="simple" xlink:href="../520/532520.xml">
Copland</link> operating system upon which Mac OS 8's styling was based, rather than Mac OS 8 itself.</p>
<p>

Although rendered largely <link xlink:type="simple" xlink:href="../563/241563.xml">
obsolete</link> once Mac OS 8 was released, these add-ons could be used on Macs running earlier versions of the operating system to provide at least some of the Mac OS 8 'look and feel'.  Kaleidoscope was not rendered obsolete when Appearance Themes were made possible in Mac OS 8.5.  "K-Schemes" were much easier to create than genuine Appearance Themes for various reasons.  Scheme tools were widely available while Theme tools were extremely rare and difficult to use.  The format of Schemes is less complicated than that of Themes.  Because of these factors, development of Themes was extremely limited - in most cases Themes were just slightly hacked versions of the three Themes made by Apple.  Kaleidoscope was only rendered <link xlink:type="simple" xlink:href="../563/241563.xml">
obsolete</link> with the transition to Mac OS X.</p>

</sec>
<sec>
<st>
Examples of Appearance Themes</st>

<p>

<table class="wikitable">
<row>
<header>
Apple themes</header>
<header>
Third-party themes</header>
</row>
<row>
<col>
 <image width="150px" src="Hi-Tech_theme.gif">
<caption>

Hi-Tech theme.gif
</caption>
</image>
</col>
<col>
 <image width="150px" src="DSX_theme.gif">
<caption>

DSX theme.gif
</caption>
</image>
</col>
</row>
<row>
<col>
 <image width="150px" src="Gizmo_theme.gif">
<caption>

Gizmo theme.gif
</caption>
</image>
</col>
<col>
 <image width="150px" src="Doohickey_theme.gif">
<caption>

Doohickey theme.gif
</caption>
</image>
</col>
</row>
<row>
<col>
 <image width="150px" src="Drawing_Board_theme.gif">
<caption>

Drawing Board theme.gif
</caption>
</image>
</col>
<col>
 <image width="150px" src="Paper_theme.gif">
<caption>

Paper theme.gif
</caption>
</image>
</col>
</row>
</table>
</p>

</sec>
<sec>
<st>
External links</st>
<p>

<list>
<entry level="1" type="bullet">

 <weblink xlink:type="simple" xlink:href="http://www.macintouch.com/m85_themes.html">
Mac OS 8.5 Special Report: Themes and Appearances</weblink></entry>
</list>
</p>

</sec>
</bdy>
</entity>
</article>
