<?xml version="1.0" encoding="UTF-8"?>
<!-- generated by CLiX/Wiki2XML [MPI-Inf, MMCI@UdS] $LastChangedRevision: 92 $ on 16.04.2009 18:03:29[mciao0827] -->
<!DOCTYPE article SYSTEM "../article.dtd">
<article xmlns:xlink="http://www.w3.org/1999/xlink">
<header>
<title>Functional genomics</title>
<id>1053858</id>
<revision>
<id>242027179</id>
<timestamp>2008-09-30T16:15:49Z</timestamp>
<contributor>
<username>SteveChervitzTrutane</username>
<id>2654606</id>
</contributor>
</revision>
<categories>
<category>Molecular biology</category>
<category>Genomics</category>
</categories>
</header>
<bdy>

<image width="100px" src="DNA_microarray.jpg" type="thumb">
<caption>

A <link xlink:type="simple" xlink:href="../954/255954.xml">
DNA microarray</link>
</caption>
</image>

<b>Functional genomics</b> is a field of <link xlink:type="simple" xlink:href="../200/19200.xml">
molecular biology</link> that attempts to make use of the vast wealth of data produced by genomic projects (such as <link xlink:type="simple" xlink:href="../792/323792.xml">
genome sequencing projects</link>) to describe <link xlink:type="simple" xlink:href="../553/4250553.xml">
gene</link> (and <link xlink:type="simple" xlink:href="../634/23634.xml">
protein</link>) functions and interactions. Unlike <link xlink:type="simple" xlink:href="../170/55170.xml">
genomics</link> and <link xlink:type="simple" xlink:href="../172/55172.xml">
proteomics</link>, functional genomics focuses on the dynamic aspects such as gene <link xlink:type="simple" xlink:href="../544/167544.xml">
transcription</link>, <link xlink:type="simple" xlink:href="../401/262401.xml">
translation</link>, and <link xlink:type="simple" xlink:href="../878/2161878.xml">
protein-protein interaction</link>s, as opposed to the static aspects of the genomic information such as <link xlink:type="simple" xlink:href="../535/331535.xml">
DNA sequence</link> or structures. 
<ss1>
<st>
Fields of application</st>
<p>

Functional genomics includes function-related aspects of the genome itself such as <link xlink:type="simple" xlink:href="../702/19702.xml">
mutation</link> and <link xlink:type="simple" xlink:href="../831/498831.xml">
polymorphism</link> (such as <link xlink:type="simple" xlink:href="../091/513091.xml">
SNP</link>) analysis, as well as measurement of molecular activities. The latter comprise a number of "-omics" such as <link xlink:type="simple" xlink:href="../071/1075071.xml">
transcriptomics</link> (<link xlink:type="simple" xlink:href="../266/159266.xml">
gene expression</link>), <link xlink:type="simple" xlink:href="../172/55172.xml">
proteomics</link> (<link xlink:type="simple" xlink:href="../540/167540.xml">
protein expression</link>), <link xlink:type="simple" xlink:href="../575/8715575.xml">
phosphoproteomics</link> (a subset of proteomics) and <link xlink:type="simple" xlink:href="../211/1029211.xml">
metabolomics</link>. Together these measurement modalities endeavor to quantitate the various biological processes and improve our understanding of gene and protein functions and interactions.</p>

</ss1>
<ss1>
<st>
Frequently used techniques</st>
<p>
 
Functional genomics uses mostly <link xlink:type="simple" xlink:href="../729/882729.xml">
high-throughput</link> techniques to characterize the abundance gene products such as <link xlink:type="simple" xlink:href="../232/20232.xml">
mRNA</link>s and <link xlink:type="simple" xlink:href="../634/23634.xml">
protein</link>s. Some typical technology platforms are: 
<list>
<entry level="1" type="bullet">

 <link xlink:type="simple" xlink:href="../954/255954.xml">
DNA microarray</link>s and <link xlink:type="simple" xlink:href="../649/1743649.xml">
SAGE</link> for mRNA </entry>
<entry level="1" type="bullet">

 <link xlink:type="simple" xlink:href="../372/474372.xml">
two-dimensional gel electrophoresis</link> and <link xlink:type="simple" xlink:href="../810/283810.xml">
mass spectrometry</link> for protein</entry>
</list>
</p>
<p>

Because of the large quantity of data produced by these techniques and the desire to find biologically meaningful patterns, <link xlink:type="simple" xlink:href="../214/4214.xml">
bioinformatics</link> is crucial to this type of analysis. Examples of techniques in this class are <link xlink:type="simple" xlink:href="../675/669675.xml">
data clustering</link> or <link xlink:type="simple" xlink:href="../340/76340.xml">
principal component analysis</link> for unsupervised <link xlink:type="simple" xlink:href="../488/233488.xml">
machine learning</link> (class detection) as well as <link xlink:type="simple" xlink:href="../523/21523.xml">
artificial neural network</link>s or <link xlink:type="simple" xlink:href="../309/65309.xml">
support vector machine</link>s for supervised machine learning (class prediction, <link xlink:type="simple" xlink:href="../244/1579244.xml">
classification</link>).</p>

</ss1>
<sec>
<st>
See also</st>
<p>

<list>
<entry level="1" type="bullet">

<link xlink:type="simple" xlink:href="../899/467899.xml">
Systems biology</link></entry>
<entry level="1" type="bullet">

<link xlink:type="simple" xlink:href="../101/303101.xml">
Structural genomics</link></entry>
<entry level="1" type="bullet">

<link xlink:type="simple" xlink:href="../868/917868.xml">
Comparative genomics</link></entry>
<entry level="1" type="bullet">

<link xlink:type="simple" xlink:href="../486/1004486.xml">
Pharmacogenomics</link></entry>
</list>
</p>

</sec>
<sec>
<st>
External links</st>
<p>

<list>
<entry level="1" type="bullet">

<weblink xlink:type="simple" xlink:href="http://www.functionalgenomics.org.uk">
European Science Foundation Programme on Frontiers of Functional Genomics</weblink></entry>
<entry level="1" type="bullet">

<weblink xlink:type="simple" xlink:href="http://www.mugen-noe.org/">
MUGEN NoE</weblink> &mdash; Integrated Functional Genomics in Mutant Mouse Models  </entry>
</list>
</p>


<p>

<table style=";" class="navbox" cellspacing="0">
<row>
<col style="padding:2px;">
<table style="width:100%;background:transparent;color:inherit;;" class="nowraplinks collapsible autocollapse " cellspacing="0">
<row>
<header colspan="2" style=";" class="navbox-title">
<link xlink:type="simple" xlink:href="../170/55170.xml">
Genomics</link>topics</header>
</row>
<row style="height:2px;">

</row>
<row>
<col colspan="2" style="width:100%;padding:0px;;;" class="navbox-list navbox-odd">
<link xlink:type="simple" xlink:href="../792/323792.xml">
Genome project</link>&nbsp;·  <link xlink:type="simple" xlink:href="../560/2606560.xml">
Paleopolyploidy</link>&nbsp;·  <link xlink:type="simple" xlink:href="../087/61087.xml">
Glycomics</link>&nbsp;·  <work wordnetid="100575741" confidence="0.8">
<event wordnetid="100029378" confidence="0.8">
<undertaking wordnetid="100795720" confidence="0.8">
<act wordnetid="100030358" confidence="0.8">
<psychological_feature wordnetid="100023100" confidence="0.8">
<activity wordnetid="100407535" confidence="0.8">
<link xlink:type="simple" xlink:href="../699/5219699.xml">
Human Genome Project</link></activity>
</psychological_feature>
</act>
</undertaking>
</event>
</work>
&nbsp;·  <link xlink:type="simple" xlink:href="../172/55172.xml">
Proteomics</link>&nbsp;·  <link xlink:type="simple" xlink:href="../211/1029211.xml">
Metabolomics</link>&nbsp;·  <link xlink:type="simple" xlink:href="../909/5168909.xml">
Chemogenomics</link>&nbsp;·  <link xlink:type="simple" xlink:href="../101/303101.xml">
Structural genomics</link>&nbsp;·  <link xlink:type="simple" xlink:href="../064/1889064.xml">
Pharmacogenetics</link>&nbsp;·  <link xlink:type="simple" xlink:href="../486/1004486.xml">
Pharmacogenomics</link>&nbsp;·  <link xlink:type="simple" xlink:href="../333/1677333.xml">
Toxicogenomics</link>&nbsp;·  <link xlink:type="simple" xlink:href="../276/2571276.xml">
Computational genomics</link>&nbsp;·  <link xlink:type="simple" xlink:href="../214/4214.xml">
Bioinformatics</link>&nbsp;·  <link xlink:type="simple" xlink:href="../697/575697.xml">
Cheminformatics</link>&nbsp;·  <link xlink:type="simple" xlink:href="../899/467899.xml">
Systems biology</link></col>
</row>
</table>
</col>
</row>
</table>
</p>


</sec>
</bdy>
</article>
