<?xml version="1.0" encoding="UTF-8"?>
<!-- generated by CLiX/Wiki2XML [MPI-Inf, MMCI@UdS] $LastChangedRevision: 92 $ on 17.04.2009 00:19:45[mciao0825] -->
<!DOCTYPE article SYSTEM "../article.dtd">
<article xmlns:xlink="http://www.w3.org/1999/xlink">
<actor  confidence="0.9508927676800064" wordnetid="109765278">
<header>
<title>Lauren Cohan</title>
<id>10531315</id>
<revision>
<id>243487390</id>
<timestamp>2008-10-06T18:56:18Z</timestamp>
<contributor>
<username>Epbr123</username>
<id>1395162</id>
</contributor>
</revision>
<categories>
<category>American film actors</category>
<category>American television actors</category>
<category>People from Cherry Hill, New Jersey</category>
<category>People from the Greater Los Angeles Area</category>
<category>Living people</category>
<category>Jewish actors</category>
<category>People from Philadelphia</category>
<category>1982 births</category>
<category>People from London</category>
</categories>
</header>
<bdy>
<template>
<name>Infobox actor</name>
<parameters>

<image width="150px" src="Replace_this_image_female.svg">
<caption>

Replace this image female.svg
</caption>
</image>
<website>
http://www.laurencohan.com</website>
<birthplace>
<link xlink:type="simple" xlink:href="../585/50585.xml">
Philadelphia, Pennsylvania</link>, <link xlink:type="simple" xlink:href="../750/3434750.xml">
U.S.A.</link></birthplace>
<name>
Lauren Cohan</name>
<birthdate>
1982</birthdate>
<imagesize>
150px</imagesize>
</parameters>
</template>


For other persons of the same name, see <link xlink:type="simple" xlink:href="../360/13187360.xml">
Lauren Cohen</link>.<p>

<b>Lauren Cohan</b> (born 1982) is an <body wordnetid="107965085" confidence="0.8">
<social_group wordnetid="107950920" confidence="0.8">
<political_orientation wordnetid="106212839" confidence="0.8">
<colony wordnetid="108374049" confidence="0.8">
<state wordnetid="108168978" confidence="0.8">
<political_unit wordnetid="108359949" confidence="0.8">
<group wordnetid="100031264" confidence="0.8">
<democracy wordnetid="106217103" confidence="0.8">
<link xlink:type="simple" xlink:href="../750/3434750.xml">
American</link></democracy>
</group>
</political_unit>
</state>
</colony>
</political_orientation>
</social_group>
</body>
 <link xlink:type="simple" xlink:href="../753/753.xml">
actress</link>. Lauren was born in <village wordnetid="108672738" confidence="0.9508927676800064">
<link xlink:type="simple" xlink:href="../585/50585.xml">
Philadelphia</link></village>
 and lived in <village wordnetid="108672738" confidence="0.9508927676800064">
<link xlink:type="simple" xlink:href="../069/125069.xml">
Cherry Hill Township, New Jersey</link></village>
 during her childhood before moving to the United Kingdom.<ref xlink:type="simple" xlink:href="#xpointer(//reflist/entry[@id=%221%22])">1</ref> Lauren graduated from the <university wordnetid="108286163" confidence="0.9508927676800064">
<link xlink:type="simple" xlink:href="../939/3140939.xml">
University of Winchester</link></university>
 / <weblink xlink:type="simple" xlink:href="http://www.kingalfreds.oxon.sch.uk/">
King Alfred's College</weblink> where she studied Drama and English Literature, before touring with a theatre company she co-founded at the University. Lauren then split her time and work between <village wordnetid="108672738" confidence="0.9508927676800064">
<link xlink:type="simple" xlink:href="../867/17867.xml">
London</link></village>
 and <link xlink:type="simple" xlink:href="../110/18110.xml">
Los Angeles</link>, working on several films as well as some non-commercial projects. </p>

<sec>
<st>
 Career </st>
<p>

Her major movie debut was the 2005 film <it><movie wordnetid="106613686" confidence="0.9508927676800064">
<link xlink:type="simple" xlink:href="../442/3201442.xml">
Casanova</link></movie>
</it> as Sister Beatrice. In 2006, she starred in the sequel to <it><movie wordnetid="106613686" confidence="0.9508927676800064">
<link xlink:type="simple" xlink:href="../401/1126401.xml">
National Lampoon's Van Wilder</link></movie>
</it>,  playing the role of Charlotte Higginson, or Charlie. Her next role was in the 2007 film <it><weblink xlink:type="simple" xlink:href="http://www.imdb.com/title/tt0934840/">
Float</weblink></it>. She also plays in the <link xlink:type="simple" xlink:href="../861/156861.xml">
paranormal</link> <link xlink:type="simple" xlink:href="../236/38236.xml">
drama</link> television series <it><series wordnetid="108457976" confidence="0.9508927676800064">
<fictional_character wordnetid="109587565" confidence="0.9508927676800064">
<link xlink:type="simple" xlink:href="../969/2170969.xml">
Supernatural</link></fictional_character>
</series>
</it>, as Bela Talbot, a thief who sometimes helps out the Winchester Boys and sometimes annoys them. According to what Lauren has said, she won't be back for season 4.</p>

</sec>
<sec>
<st>
 Filmography </st>
<p>

<list>
<entry level="1" type="bullet">

<it>The Quiet Assassin</it> (2005) - Alessia</entry>
<entry level="1" type="bullet">

<it><movie wordnetid="106613686" confidence="0.9508927676800064">
<link xlink:type="simple" xlink:href="../442/3201442.xml">
Casanova</link></movie>
</it> (2005) - Sister Beatrice</entry>
<entry level="1" type="bullet">

 (2006) - Charlotte Higginson</entry>
<entry level="1" type="bullet">

<it><series wordnetid="108457976" confidence="0.9508927676800064">
<fictional_character wordnetid="109587565" confidence="0.9508927676800064">
<link xlink:type="simple" xlink:href="../969/2170969.xml">
Supernatural</link></fictional_character>
</series>
</it> (2007- 2008 ) - Bela</entry>
<entry level="1" type="bullet">

<it>Young Alexander the Great</it> (2007) - Leto</entry>
<entry level="1" type="bullet">

<it>Float</it> (2007) - Emily Fulton</entry>
<entry level="1" type="bullet">

<it><link xlink:type="simple" xlink:href="../123/19172123.xml">
Stefano Formaggio</link></it> (2008) - Olivia</entry>
<entry level="1" type="bullet">

<it><link xlink:type="simple" xlink:href="../101/751101.xml">
Valentine</link></it> (2008) - Joanna</entry>
</list>
</p>

</sec>
<sec>
<st>
References</st>

<p>

<reflist>
<entry id="1">
<weblink xlink:type="simple" xlink:href="http://www.ajlmagazine.com/archivesblog/2007/09/fall-tv-preview-lauren-cohan.html">
"Fall TV Preview: Lauren Cohan"</weblink>, <it>American Jewish Life</it>, September / October 2007. Accessed <link xlink:type="simple" xlink:href="../353/8353.xml">
December 5</link>, <link xlink:type="simple" xlink:href="../165/36165.xml">
2007</link>. "Moving to England from the Philly suburb of Cherry Hill, New Jersey, where half her friends were Jewish, she was surprised to find that the only Jews in her school 'were myself and the headmaster.'"</entry>
</reflist>
</p>

</sec>
<sec>
<st>
 External links </st>
<p>

<list>
<entry level="1" type="bullet">

<weblink xlink:type="simple" xlink:href="http://www.imdb.com/name/nm1659348/">
Lauren Cohan</weblink> at the <web_site wordnetid="106359193" confidence="0.9508927676800064">
<link xlink:type="simple" xlink:href="../554/2855554.xml">
Internet Movie Database</link></web_site>
</entry>
<entry level="1" type="bullet">

<weblink xlink:type="simple" xlink:href="http://www.laurencohan.com">
Official website</weblink></entry>
<entry level="1" type="bullet">

Her <weblink xlink:type="simple" xlink:href="http://www.myspace.com/216694373">
MySpace</weblink></entry>
</list>
</p>



</sec>
</bdy>
</actor>
</article>
