<?xml version="1.0" encoding="UTF-8"?>
<!-- generated by CLiX/Wiki2XML [MPI-Inf, MMCI@UdS] $LastChangedRevision: 92 $ on 17.04.2009 00:25:19[mciao0827] -->
<!DOCTYPE article SYSTEM "../article.dtd">
<article xmlns:xlink="http://www.w3.org/1999/xlink">
<header>
<title>High Performance Wireless Research and Education Network</title>
<id>10548985</id>
<revision>
<id>243425027</id>
<timestamp>2008-10-06T13:34:56Z</timestamp>
<contributor>
<username>Tikiwont</username>
<id>2435746</id>
</contributor>
</revision>
<categories>
<category>Research and development organizations</category>
<category>Wireless networking</category>
<category>Articles with invalid date parameter in template</category>
<category>Articles to be expanded since August 2008</category>
<category>All articles to be expanded</category>
<category>University of California, San Diego</category>
<category>San Diego State University</category>
</categories>
</header>
<bdy>

<table class="metadata plainlinks ambox ">
<row>
<col>

ambox-notice" style=""</col>
</row>
<row>
<col class="mbox-image"><p>

<image width="44px" src="Wiki_letter_w.svg">
</image>
</p>
</col>
<col style="" class="mbox-text">
 <b>Please help <weblink xlink:type="simple" xlink:href="http://localhost:18088/wiki/index.php?title=High_Performance_Wireless_Research_and_Education_Network&amp;action=edit">
improve this article or section</weblink> by expanding it.</b> Further information might be found on the  or at . 
<it>(August 2008)''</it></col>
</row>
</table>

 <p>

The <b>High Performance Wireless Research and Education Network</b> (HPWREN) is a network research program, funded by the <agency wordnetid="108337324" confidence="0.9508927676800064">
<link xlink:type="simple" xlink:href="../427/157427.xml">
National Science Foundation</link></agency>
. The program includes the creation, demonstration, and evaluation of a non-commercial, prototype, high-performance, wide-area, wireless network in its <link xlink:type="simple" xlink:href="../520/62520.xml">
Southern California</link> service area.</p>
<p>

The HPWREN program is a <link xlink:type="simple" xlink:href="../330/303330.xml">
collaborative</link>, <link xlink:type="simple" xlink:href="../201/15201.xml">
interdisciplinary</link> and multi-<link xlink:type="simple" xlink:href="../833/294833.xml">
institutional</link> cyber-infrastructure for research and education purposes. The program also provides data, and data tranmission capabilities, to <link xlink:type="simple" xlink:href="../334/146334.xml">
emergency</link> <link xlink:type="simple" xlink:href="../273/500273.xml">
first responder</link>s in its service area.</p>

<sec>
<st>
Network</st>
<p>

The program includes the creation, demonstration, and evaluation of a non-commercial, prototype, high-performance, wide-area, <link xlink:type="simple" xlink:href="../172/33172.xml">
wireless network</link> in its service area. Currently, the HPWREN network is used for network analysis research, and it also provides high-speed <link xlink:type="simple" xlink:href="../539/14539.xml">
Internet</link> access to field researchers.</p>

<ss1>
<st>
Service area</st>
<p>

<link xlink:type="simple" xlink:href="../520/62520.xml">
Southern California</link>, specifically <county wordnetid="108546183" confidence="0.9508927676800064">
<link xlink:type="simple" xlink:href="../048/82048.xml">
San Diego</link></county>
, <county wordnetid="108546183" confidence="0.9508927676800064">
<link xlink:type="simple" xlink:href="../039/82039.xml">
Riverside</link></county>
, and <county wordnetid="108546183" confidence="0.9508927676800064">
<link xlink:type="simple" xlink:href="../545/80545.xml">
Imperial</link></county>
 counties.</p>

</ss1>
<ss1>
<st>
Backbone nodes</st>
<p>

The network includes <link xlink:type="simple" xlink:href="../116/998116.xml">
backbone nodes</link> located at the <university wordnetid="108286163" confidence="0.9508927676800064">
<ranking wordnetid="114429484" confidence="0.9508927676800064">
<link xlink:type="simple" xlink:href="../927/31927.xml">
University of California, San Diego</link></ranking>
</university>
 (UCSD) and <university wordnetid="108286163" confidence="0.9508927676800064">
<link xlink:type="simple" xlink:href="../083/286083.xml">
San Diego State University</link></university>
 (SDSU) campuses, as well as a number of “hard-to-reach” areas in remote environments.</p>

</ss1>
</sec>
<sec>
<st>
Operations</st>
<p>

The HPWREN backbone itself operates primarily in the licensed spectrum and project researchers use off-the-shelf technology to create a redundant topology. Access links often utilize <link xlink:type="simple" xlink:href="../551/48551.xml">
license</link>-exempt radios.</p>

</sec>
<sec>
<st>
Topology</st>
<p>

The network spans from the <link xlink:type="simple" xlink:href="../520/62520.xml">
Southern California</link> coast to the inland valleys, on to the high mountains (reaching more than 8700 feet), and out to the remote desert. The network’s longest link is 72 miles in distance – reaching from the <site wordnetid="108651247" confidence="0.8">
<region wordnetid="108630985" confidence="0.8">
<location wordnetid="100027167" confidence="0.8">
<tract wordnetid="108673395" confidence="0.8">
<geographical_area wordnetid="108574314" confidence="0.8">
<link xlink:type="simple" xlink:href="../778/715778.xml">
San Diego Supercomputer Center</link></geographical_area>
</tract>
</location>
</region>
</site>
 to <land wordnetid="109334396" confidence="0.8">
<island wordnetid="109316454" confidence="0.8">
<link xlink:type="simple" xlink:href="../139/416139.xml">
San Clemente Island</link></island>
</land>
.</p>

</sec>
<sec>
<st>
External links</st>
<p>

<list>
<entry level="1" type="bullet">

 <weblink xlink:type="simple" xlink:href="http://hpwren.ucsd.edu/index.html">
UCSD HPWREN page</weblink></entry>
</list>
</p>

<p>

<table style=";" class="navbox" cellspacing="0">
<row>
<col style="padding:2px;">
<table style="width:100%;background:transparent;color:inherit;;" class="nowraplinks collapsible expanded " cellspacing="0">
<row>
<header colspan="3" style=";background:#000080;color:#FFB300;" class="navbox-title">
<university wordnetid="108286163" confidence="0.9508927676800064">
<ranking wordnetid="114429484" confidence="0.9508927676800064">
<link xlink:type="simple" xlink:href="../927/31927.xml">
University of California, San Diego</link></ranking>
</university>
<village wordnetid="108672738" confidence="0.9508927676800064">
<link xlink:type="simple" xlink:href="../504/28504.xml">
San Diego, California</link></village>
</header>
</row>
<row style="height:2px;">

</row>
<row>
<col style="width:0%;padding:0px 2px 0px 0px;" rowspan="9">
<image width="130px" src="Geisel_library.jpg">
</image>
</col>
<col style=";text-align:center;background:transparent;color:#AAAAAA;;" class="navbox-group">
Residential colleges</col>
<col style="text-align:left;border-left:2px solid #fdfdfd;width:100%;padding:0px;text-align:center;;;" class="navbox-list navbox-odd">
<link xlink:type="simple" xlink:href="../358/1929358.xml">
Revelle College</link>&nbsp;· <link xlink:type="simple" xlink:href="../755/1927755.xml">
John Muir College</link>&nbsp;· <link xlink:type="simple" xlink:href="../432/1972432.xml">
Thurgood Marshall College</link>&nbsp;· <link xlink:type="simple" xlink:href="../832/1931832.xml">
Earl Warren College</link>&nbsp;· <link xlink:type="simple" xlink:href="../560/939560.xml">
Eleanor Roosevelt College</link>&nbsp;· <link xlink:type="simple" xlink:href="../176/1631176.xml">
Sixth College</link></col>
</row>
<row style="height:2px">

</row>
<row>
<col style=";text-align:center;background:transparent;color:#AAAAAA;;" class="navbox-group">
Professional schools</col>
<col style="text-align:left;border-left:2px solid #fdfdfd;width:100%;padding:0px;text-align:center;;;" class="navbox-list navbox-even">
<link xlink:type="simple" xlink:href="../468/3645468.xml">
Graduate School of International Relations and Pacific Studies</link>&nbsp;· <school wordnetid="108276720" confidence="0.8">
<graduate_school wordnetid="108282696" confidence="0.8">
<educational_institution wordnetid="108276342" confidence="0.8">
<business_school wordnetid="108281812" confidence="0.8">
<institution wordnetid="108053576" confidence="0.8">
<link xlink:type="simple" xlink:href="../713/3980713.xml">
Rady School of Management</link></institution>
</business_school>
</educational_institution>
</graduate_school>
</school>
&nbsp;· <link xlink:type="simple" xlink:href="../686/5582686.xml">
School of Medicine</link>&nbsp;· <link>
Skaggs School of Pharmacy</link></col>
</row>
<row style="height:2px">

</row>
<row>
<col style=";text-align:center;background:transparent;color:#AAAAAA;;" class="navbox-group">
Research institutes</col>
<col style="text-align:left;border-left:2px solid #fdfdfd;width:100%;padding:0px;text-align:center;;;" class="navbox-list navbox-odd">
<institute wordnetid="108407330" confidence="0.8">
<association wordnetid="108049401" confidence="0.8">
<institution wordnetid="108053576" confidence="0.8">
<link xlink:type="simple" xlink:href="../295/224295.xml">
Scripps Institution of Oceanography</link></institution>
</association>
</institute>
&nbsp;· <link xlink:type="simple" xlink:href="../985/10548985.xml">
HPWREN</link>&nbsp;· <link xlink:type="simple" xlink:href="../052/18510052.xml">
Calit2</link>&nbsp;· <site wordnetid="108651247" confidence="0.8">
<region wordnetid="108630985" confidence="0.8">
<location wordnetid="100027167" confidence="0.8">
<tract wordnetid="108673395" confidence="0.8">
<geographical_area wordnetid="108574314" confidence="0.8">
<link xlink:type="simple" xlink:href="../778/715778.xml">
San Diego Supercomputer Center</link></geographical_area>
</tract>
</location>
</region>
</site>
&nbsp;· <link xlink:type="simple" xlink:href="../979/2651979.xml">
UC San Diego Medical Center</link></col>
</row>
<row style="height:2px">

</row>
<row>
<col style=";text-align:center;background:transparent;color:#AAAAAA;;" class="navbox-group">
Athletics</col>
<col style="text-align:left;border-left:2px solid #fdfdfd;width:100%;padding:0px;text-align:center;;;" class="navbox-list navbox-even">
<link xlink:type="simple" xlink:href="../963/18925963.xml">
UCSD Tritons</link>&nbsp;· <region wordnetid="108630985" confidence="0.8">
<center wordnetid="108523483" confidence="0.8">
<area wordnetid="108497294" confidence="0.8">
<location wordnetid="100027167" confidence="0.8">
<scene wordnetid="108645963" confidence="0.8">
<venue wordnetid="108677628" confidence="0.8">
<link xlink:type="simple" xlink:href="../000/12317000.xml">
RIMAC Arena</link></venue>
</scene>
</location>
</area>
</center>
</region>
</col>
</row>
<row style="height:2px">

</row>
<row>
<col style=";text-align:center;background:transparent;color:#AAAAAA;;" class="navbox-group">
Life</col>
<col style="text-align:left;border-left:2px solid #fdfdfd;width:100%;padding:0px;text-align:center;;;" class="navbox-list navbox-odd">
<newspaper wordnetid="106267145" confidence="0.9508927676800064">
<link xlink:type="simple" xlink:href="../081/4520081.xml">
UCSD Guardian</link></newspaper>
&nbsp;· <newspaper wordnetid="106267145" confidence="0.9508927676800064">
<link xlink:type="simple" xlink:href="../632/8226632.xml">
The Koala</link></newspaper>
&nbsp;· <educational_institution wordnetid="108276342" confidence="0.8">
<institution wordnetid="108053576" confidence="0.8">
<link xlink:type="simple" xlink:href="../850/15468850.xml">
UCSD Price Center</link></institution>
</educational_institution>
&nbsp;· <structure wordnetid="104341686" confidence="0.8">
<artifact wordnetid="100021939" confidence="0.8">
<area wordnetid="102735688" confidence="0.8">
<library wordnetid="103660909" confidence="0.8">
<room wordnetid="104105893" confidence="0.8">
<link xlink:type="simple" xlink:href="../927/5743927.xml">
Geisel Library</link></room>
</library>
</area>
</artifact>
</structure>
&nbsp;· <radio_station wordnetid="104044119" confidence="0.9508927676800064">
<link xlink:type="simple" xlink:href="../261/12555261.xml">
KSDT Radio</link></radio_station>
&nbsp;· <link xlink:type="simple" xlink:href="../318/7404318.xml">
UCSD TV</link>&nbsp;· <link xlink:type="simple" xlink:href="../330/1470330.xml">
The Preuss School UCSD</link>&nbsp;· <university wordnetid="108286163" confidence="0.9508927676800064">
<link xlink:type="simple" xlink:href="../266/13991266.xml">
UCSD Alumni Association</link></university>
&nbsp;· <link>
Ché Café</link>&nbsp;· <festival wordnetid="115162388" confidence="0.9508927676800064">
<link xlink:type="simple" xlink:href="../712/5117712.xml">
Sun God Festival</link></festival>
&nbsp;· <sculpture wordnetid="104157320" confidence="0.8">
<creation wordnetid="103129123" confidence="0.8">
<artifact wordnetid="100021939" confidence="0.8">
<figure wordnetid="113862780" confidence="0.8">
<art wordnetid="102743547" confidence="0.8">
<plastic_art wordnetid="103958097" confidence="0.8">
<shape wordnetid="100027807" confidence="0.8">
<solid_figure wordnetid="113863473" confidence="0.8">
<link xlink:type="simple" xlink:href="../009/5927009.xml">
Stuart Collection</link></solid_figure>
</shape>
</plastic_art>
</art>
</figure>
</artifact>
</creation>
</sculpture>
</col>
</row>
</table>
</col>
</row>
</table>
</p>

<p>

<table style="margin-left:auto; margin-right:auto; width:90%;" class="navbox">
<row>
<header style="color:#D2C694; font-size:3.0em; line-height:100%; background:#A81933; width:1.5em; padding:0.6em;" rowspan="8">
SDSU</header>
</row>
<row>
<col>
<link xlink:type="simple" xlink:href="../953/6668953.xml">
College of Arts &amp; Letters</link>
• <university wordnetid="108286163" confidence="0.9508927676800064">
<link xlink:type="simple" xlink:href="../879/6663879.xml">
College of Business Administration</link></university>

• <school wordnetid="108276720" confidence="0.8">
<educational_institution wordnetid="108276342" confidence="0.8">
<institution wordnetid="108053576" confidence="0.8">
<link xlink:type="simple" xlink:href="../388/6707388.xml">
College of Education</link></institution>
</educational_institution>
</school>

• <body wordnetid="107965085" confidence="0.8">
<university wordnetid="108286163" confidence="0.8">
<social_group wordnetid="107950920" confidence="0.8">
<group wordnetid="100031264" confidence="0.8">
<link xlink:type="simple" xlink:href="../750/6706750.xml">
College of Engineering</link></group>
</social_group>
</university>
</body>

• <school wordnetid="108276720" confidence="0.8">
<nursing_school wordnetid="108283757" confidence="0.8">
<educational_institution wordnetid="108276342" confidence="0.8">
<institution wordnetid="108053576" confidence="0.8">
<link xlink:type="simple" xlink:href="../302/6707302.xml">
College of Health &amp; Human Services (and Graduate School of Public Health)</link></institution>
</educational_institution>
</nursing_school>
</school>

• <institute wordnetid="108407330" confidence="0.8">
<association wordnetid="108049401" confidence="0.8">
<link xlink:type="simple" xlink:href="../413/6706413.xml">
College of Sciences</link></association>
</institute>

• <music_school wordnetid="108283649" confidence="0.8">
<conservatory wordnetid="108287436" confidence="0.8">
<school wordnetid="108276720" confidence="0.8">
<educational_institution wordnetid="108276342" confidence="0.8">
<institution wordnetid="108053576" confidence="0.8">
<link xlink:type="simple" xlink:href="../750/6707750.xml">
College of Professional Studies &amp; Fine Arts</link></institution>
</educational_institution>
</school>
</conservatory>
</music_school>

• <university wordnetid="108286163" confidence="0.9508927676800064">
<link xlink:type="simple" xlink:href="../896/10912896.xml">
College of Extended Studies</link></university>

• <university wordnetid="108286163" confidence="0.9508927676800064">
<link xlink:type="simple" xlink:href="../896/10912896.xml">
American Language Institute</link></university>

• <university wordnetid="108286163" confidence="0.9508927676800064">
<link xlink:type="simple" xlink:href="../917/6707917.xml">
Imperial Valley Campus</link></university>
</col>
<col style="color:#A81933;">
<b>Colleges</b></col>
</row>
<row>
<col>
 <link xlink:type="simple" xlink:href="../628/8360628.xml">
List of San Diego State University alumni and faculty</link></col>
<col style="color:#A81933;">
<b>People</b></col>
</row>
<row>
<col>
<link xlink:type="simple" xlink:href="../217/6829217.xml">
SDSU Research Foundation</link>
• <link>
Biological Field Stations</link>
• <link xlink:type="simple" xlink:href="../985/10548985.xml">
HPWREN</link>
• <structure wordnetid="104341686" confidence="0.8">
<building wordnetid="102913152" confidence="0.8">
<artifact wordnetid="100021939" confidence="0.8">
<observatory wordnetid="103839671" confidence="0.8">
<link xlink:type="simple" xlink:href="../330/2866330.xml">
Mount Laguna Observatory</link></observatory>
</artifact>
</building>
</structure>
</col>
<col style="color:#A81933;">
<b>Research</b></col>
</row>
<row>
<col>
<artifact wordnetid="100021939" confidence="0.8">
<facility wordnetid="103315023" confidence="0.8">
<station wordnetid="104306080" confidence="0.8">
<television_station wordnetid="104406350" confidence="0.8">
<channel wordnetid="103006398" confidence="0.8">
<broadcasting_station wordnetid="102903405" confidence="0.8">
<link xlink:type="simple" xlink:href="../569/899569.xml">
KPBS Television</link></broadcasting_station>
</channel>
</television_station>
</station>
</facility>
</artifact>

• <radio_station wordnetid="104044119" confidence="0.9508927676800064">
<link xlink:type="simple" xlink:href="../532/13834532.xml">
KPBS Radio</link></radio_station>

• <artifact wordnetid="100021939" confidence="0.8">
<facility wordnetid="103315023" confidence="0.8">
<station wordnetid="104306080" confidence="0.8">
<link xlink:type="simple" xlink:href="../884/3629884.xml">
KCR Radio</link></station>
</facility>
</artifact>

• <firm wordnetid="108059870" confidence="0.8">
<enterprise wordnetid="108056231" confidence="0.8">
<business wordnetid="108061042" confidence="0.8">
<publisher wordnetid="108062623" confidence="0.8">
<link xlink:type="simple" xlink:href="../796/6707796.xml">
San Diego State University Press</link></publisher>
</business>
</enterprise>
</firm>
</col>
<col style="color:#A81933;">
<b>Media</b></col>
</row>
<row>
<col>
<link xlink:type="simple" xlink:href="../670/6767670.xml">
SDSU Aztecs</link>
• <region wordnetid="108630985" confidence="0.8">
<area wordnetid="108497294" confidence="0.8">
<location wordnetid="100027167" confidence="0.8">
<scene wordnetid="108645963" confidence="0.8">
<venue wordnetid="108677628" confidence="0.8">
<link xlink:type="simple" xlink:href="../025/635025.xml">
Qualcomm Stadium</link></venue>
</scene>
</location>
</area>
</region>

• <region wordnetid="108630985" confidence="0.8">
<area wordnetid="108497294" confidence="0.8">
<location wordnetid="100027167" confidence="0.8">
<scene wordnetid="108645963" confidence="0.8">
<venue wordnetid="108677628" confidence="0.8">
<link xlink:type="simple" xlink:href="../265/1747265.xml">
Cox Arena</link></venue>
</scene>
</location>
</area>
</region>

• <region wordnetid="108630985" confidence="0.8">
<area wordnetid="108497294" confidence="0.8">
<location wordnetid="100027167" confidence="0.8">
<scene wordnetid="108645963" confidence="0.8">
<venue wordnetid="108677628" confidence="0.8">
<link xlink:type="simple" xlink:href="../408/7493408.xml">
Peterson Gym</link></venue>
</scene>
</location>
</area>
</region>

• <region wordnetid="108630985" confidence="0.8">
<area wordnetid="108497294" confidence="0.8">
<location wordnetid="100027167" confidence="0.8">
<scene wordnetid="108645963" confidence="0.8">
<venue wordnetid="108677628" confidence="0.8">
<link xlink:type="simple" xlink:href="../086/2485086.xml">
Tony Gwynn Stadium</link></venue>
</scene>
</location>
</area>
</region>
</col>
<col style="color:#A81933;">
<b>Athletics</b></col>
</row>
<row>
<col>
<station wordnetid="104306080" confidence="0.9508927676800064">
<link xlink:type="simple" xlink:href="../545/13377545.xml">
SDSU Transit Center (San Diego Trolley station)</link></station>

• <region wordnetid="108630985" confidence="0.8">
<vicinity wordnetid="108641113" confidence="0.8">
<social_group wordnetid="107950920" confidence="0.8">
<area wordnetid="108497294" confidence="0.8">
<location wordnetid="100027167" confidence="0.8">
<gathering wordnetid="107975026" confidence="0.8">
<community wordnetid="108223802" confidence="0.8">
<group wordnetid="100031264" confidence="0.8">
<section wordnetid="108648322" confidence="0.8">
<link xlink:type="simple" xlink:href="../600/1887600.xml">
College Area</link></section>
</group>
</community>
</gathering>
</location>
</area>
</social_group>
</vicinity>
</region>
</col>
<col style="color:#A81933;">
<b>Infrastructure</b></col>
</row>
<row>
<header colspan="2" style="font-size:1.2em; background:#D2C694;">
 <university wordnetid="108286163" confidence="0.9508927676800064">
<link xlink:type="simple" xlink:href="../083/286083.xml">
San Diego State University</link></university>
    &nbsp;&nbsp;&nbsp;&nbsp;&nbsp;&nbsp;<it><village wordnetid="108672738" confidence="0.9508927676800064">
<link xlink:type="simple" xlink:href="../504/28504.xml">
San Diego, California</link></village>
''</it></header>
</row>
</table>
</p>

</sec>
</bdy>
</article>
