<?xml version="1.0" encoding="UTF-8"?>
<!-- generated by CLiX/Wiki2XML [MPI-Inf, MMCI@UdS] $LastChangedRevision: 92 $ on 17.04.2009 00:25:32[mciao0827] -->
<!DOCTYPE article SYSTEM "../article.dtd">
<article xmlns:xlink="http://www.w3.org/1999/xlink">
<physical_entity  confidence="0.8" wordnetid="100001930">
<person  confidence="0.8" wordnetid="100007846">
<performer  confidence="0.8" wordnetid="110415638">
<engineer  confidence="0.8" wordnetid="109615807">
<musician  confidence="0.8" wordnetid="110340312">
<causal_agent  confidence="0.8" wordnetid="100007347">
<entertainer  confidence="0.8" wordnetid="109616922">
<header>
<title>Alessandro Simonetto</title>
<id>10556639</id>
<revision>
<id>236016468</id>
<timestamp>2008-09-03T12:38:53Z</timestamp>
<contributor>
<username>Twsx</username>
<id>1964288</id>
</contributor>
</revision>
<categories>
<category>Audio engineers</category>
<category>Living people</category>
<category>Italian musicians</category>
<category>1974 births</category>
</categories>
</header>
<bdy>

<b>Alessandro Simonetto</b> (<structure wordnetid="104341686" confidence="0.8">
<building wordnetid="102913152" confidence="0.8">
<artifact wordnetid="100021939" confidence="0.8">
<mansion wordnetid="103719053" confidence="0.8">
<dwelling wordnetid="103259505" confidence="0.8">
<church wordnetid="103028079" confidence="0.8">
<housing wordnetid="103546340" confidence="0.8">
<place_of_worship wordnetid="103953416" confidence="0.8">
<cathedral wordnetid="102984061" confidence="0.8">
<house wordnetid="103544360" confidence="0.8">
<palace wordnetid="103878066" confidence="0.8">
<link xlink:type="simple" xlink:href="../334/826334.xml">
Bassano del Grappa</link></palace>
</house>
</cathedral>
</place_of_worship>
</housing>
</church>
</dwelling>
</mansion>
</artifact>
</building>
</structure>
 <link xlink:type="simple" xlink:href="../654/34654.xml">
1974</link>) is an Italian <link xlink:type="simple" xlink:href="../284/38284.xml">
musician</link> and <link xlink:type="simple" xlink:href="../478/597478.xml">
sound engineer</link>.
<sec>
<st>
 Background </st>


<p>

<table style="margin:auto; border-collapse:collapse; border-style:none; background-color:transparent; " class="cquote">
<row>
<col style="color:#B2B7F2;font-size:35px;font-family:'Times New Roman',serif;font-weight:bold;text-align:left;padding:10px 10px;" width="20" valign="top">
“</col>
<col style="padding:4px 10px;" valign="top">
 a pianist with immense talent; he will most surely make his mark in the musical profession [...]<ref xlink:type="simple" xlink:href="#xpointer(//reflist/entry[@id=%221%22])">1</ref><ref xlink:type="simple" xlink:href="#xpointer(//reflist/entry[@id=%222%22])">2</ref></col>
<col style="color:#B2B7F2;font-size:36px;font-family:'Times New Roman',serif;font-weight:bold;text-align:right;padding:10px 10px;" width="20" valign="bottom">
”</col>
</row>
</table>
</p>
<p>

<b>Alessandro Simonetto</b> graduated, as an autodidact, in <link xlink:type="simple" xlink:href="../034/23034.xml">
pianoforte</link> in three years<ref xlink:type="simple" xlink:href="#xpointer(//reflist/entry[@id=%223%22])">3</ref> at the “Steffani” Conservatory of Music in <structure wordnetid="104341686" confidence="0.8">
<building wordnetid="102913152" confidence="0.8">
<artifact wordnetid="100021939" confidence="0.8">
<mansion wordnetid="103719053" confidence="0.8">
<dwelling wordnetid="103259505" confidence="0.8">
<church wordnetid="103028079" confidence="0.8">
<housing wordnetid="103546340" confidence="0.8">
<place_of_worship wordnetid="103953416" confidence="0.8">
<cathedral wordnetid="102984061" confidence="0.8">
<house wordnetid="103544360" confidence="0.8">
<palace wordnetid="103878066" confidence="0.8">
<link xlink:type="simple" xlink:href="../624/2913624.xml">
Castelfranco Veneto</link></palace>
</house>
</cathedral>
</place_of_worship>
</housing>
</church>
</dwelling>
</mansion>
</artifact>
</building>
</structure>
 (<region wordnetid="108630985" confidence="0.8">
<administrative_district wordnetid="108491826" confidence="0.8">
<location wordnetid="100027167" confidence="0.8">
<municipality wordnetid="108626283" confidence="0.8">
<geographical_area wordnetid="108574314" confidence="0.8">
<district wordnetid="108552138" confidence="0.8">
<urban_area wordnetid="108675967" confidence="0.8">
<city wordnetid="108524735" confidence="0.8">
<link xlink:type="simple" xlink:href="../340/925340.xml">
Treviso</link></city>
</urban_area>
</district>
</geographical_area>
</municipality>
</location>
</administrative_district>
</region>
) and in <link xlink:type="simple" xlink:href="../510/9510.xml">
Electronic music</link> (countemporary composition) at the “Pollini” Conservatory of Music in <site wordnetid="108651247" confidence="0.9508927676800064">
<link xlink:type="simple" xlink:href="../240/50240.xml">
Padua</link></site>
. He also studied <link xlink:type="simple" xlink:href="../312/14312.xml">
harpsichord</link>, <link xlink:type="simple" xlink:href="../162/199162.xml">
choral conducting</link> and (traditional, jazz and electronic) <link xlink:type="simple" xlink:href="../794/156794.xml">
composition</link><ref xlink:type="simple" xlink:href="#xpointer(//reflist/entry[@id=%224%22])">4</ref>.</p>

</sec>
<sec>
<st>
 Activities </st>

<p>

At the very early age of 6 he started composing music for piano (including a <link xlink:type="simple" xlink:href="../533/222533.xml">
Mazurkas</link> book inspired by <link xlink:type="simple" xlink:href="../823/10823.xml">
Chopin</link>).  He then was mostly inspired by the <link xlink:type="simple" xlink:href="../909/5909.xml">
contrapuntual</link> method: here he wrote for <link xlink:type="simple" xlink:href="../506/17188506.xml">
disklavier</link>, <link xlink:type="simple" xlink:href="../778/152778.xml">
organ</link> and <link xlink:type="simple" xlink:href="../991/82991.xml">
chamber music</link>, <link xlink:type="simple" xlink:href="../866/43866.xml">
choral music</link> (choral settings).  With the <link xlink:type="simple" xlink:href="../510/9510.xml">
electronic</link> he confined in the field of <link xlink:type="simple" xlink:href="../775/775.xml">
algorithm</link><ref xlink:type="simple" xlink:href="#xpointer(//reflist/entry[@id=%225%22])">5</ref>. </p>
<p>

<image width="150px" src="AlessandroSimonetto.jpg">
<caption>

AlessandroSimonetto.jpg
</caption>
</image>
</p>
<p>

In <link xlink:type="simple" xlink:href="../502/35502.xml">
2002</link> Alessandro founded the <weblink xlink:type="simple" xlink:href="http://www.kunstderfuge.com/">
Kunst der Fuge website</weblink>, an exhaustive, and probably the largest<ref xlink:type="simple" xlink:href="#xpointer(//reflist/entry[@id=%226%22])">6</ref>, web resource of <link xlink:type="simple" xlink:href="../778/6668778.xml">
classical music</link> in <link xlink:type="simple" xlink:href="../461/1692461.xml">
MIDI</link> format online that counts over 16,000 files.  The files have been produced by many contributors<ref xlink:type="simple" xlink:href="#xpointer(//reflist/entry[@id=%227%22])">7</ref> and are ordered by composer.  A plethora of these files are licensed under <link xlink:type="simple" xlink:href="../272/52272.xml">
CC</link> <weblink xlink:type="simple" xlink:href="http://creativecommons.org/licenses/by-nc-sa/2.0/">
BY-NC-SA</weblink> license<ref xlink:type="simple" xlink:href="#xpointer(//reflist/entry[@id=%226%22])">6</ref>. Thanks to the above mentioned web project Simonetto collaborated with productors of samples audio (MilanDigitalAudio, OrganArtMedia), <link xlink:type="simple" xlink:href="../761/68761.xml">
book</link> and record houses (<it>Centaur Audio Press</it>, <it>Seneca Edizioni</it>), <link xlink:type="simple" xlink:href="../898/33898.xml">
website</link>s and <link xlink:type="simple" xlink:href="../707/154707.xml">
narrator</link>s.</p>
<p>

On <link xlink:type="simple" xlink:href="../461/1692461.xml">
MIDI</link> he recorded c. 500 pieces, using a technique perfected and tuned during various years of research and which are at times applied to mere <link xlink:type="simple" xlink:href="../770/7634770.xml">
sequences</link>.</p>
<p>

As a <link xlink:type="simple" xlink:href="../478/597478.xml">
sound technician</link> Alessandro is the founder of <service wordnetid="100577525" confidence="0.9508927676800064">
<link xlink:type="simple" xlink:href="../968/5176968.xml">
OnClassical</link></service>
, the independent <link xlink:type="simple" xlink:href="../078/443078.xml">
(net) label</link>, acclaimed as the first one to use <link xlink:type="simple" xlink:href="../272/52272.xml">
CC</link> licenses in Italy (and in the world if applied to classical music own productions)<ref xlink:type="simple" xlink:href="#xpointer(//reflist/entry[@id=%228%22])">8</ref>. Simonetto is also a "third part" sound engineer: he furnished recordings for various <link xlink:type="simple" xlink:href="../101/147101.xml">
labels</link> in <system wordnetid="108435388" confidence="0.8">
<economy wordnetid="108366753" confidence="0.8">
<group wordnetid="100031264" confidence="0.8">
<link xlink:type="simple" xlink:href="../532/14532.xml">
Italy</link></group>
</economy>
</system>
 and <link xlink:type="simple" xlink:href="../239/9239.xml">
Europe</link>.</p>
<p>

The recent project by Simonetto is <weblink xlink:type="simple" xlink:href="http://classicaland.com">
classicaland.com</weblink>, a free <link xlink:type="simple" xlink:href="../898/33898.xml">
(web)resource</link> of old sheet music books re-edited in portable document formats (<message wordnetid="106598915" confidence="0.8">
<information wordnetid="106634376" confidence="0.8">
<language wordnetid="106282651" confidence="0.8">
<format wordnetid="106636806" confidence="0.8">
<link xlink:type="simple" xlink:href="../077/24077.xml">
PDF</link></format>
</language>
</information>
</message>
).</p>

</sec>
<sec>
<st>
 References </st>


<p>

<reflist>
<entry id="1">
James, Eric.&#32;"<weblink xlink:type="simple" xlink:href="http://www.mediateca.marche.it/teche_musicali/musicisti_compositori/28%20-%20alessandro%20simonetto.pdf">
Quotation at Mediateca delle Marche</weblink>"&#32;(PDF).</entry>
<entry id="2">
 "<weblink xlink:type="simple" xlink:href="http://chaplin.bfi.org.uk/resources/bfi/filmog/film_thumb.php?fid=59405&amp;resource=Music%20Cue%20Sheet">
Music Associate of the late Sir Charles Spenser Chaplin</weblink>".&#32;Retrieved on <link xlink:type="simple" xlink:href="../553/34553.xml">
1999</link>.</entry>
<entry id="3">
"<weblink xlink:type="simple" xlink:href="http://www.onclassical.com/texts/press/07-10-14_simonetto_regala_musica_classica_(giornale-di-vicenza).pdf">
Article on Giornale di Vicenza</weblink>"&#32;(PDF).&#32;Retrieved on <link>
2007-10-19</link>.</entry>
<entry id="4">
<weblink xlink:type="simple" xlink:href="http://www.onclassical.com/texts/author.htm">
(Official) biography</weblink></entry>
<entry id="5">
<weblink xlink:type="simple" xlink:href="http://www.archive.org/details/AlessandroSimonetto-OneNote">
One Note: an algorithmic composition</weblink></entry>
<entry id="6">
"<weblink xlink:type="simple" xlink:href="http://creativecommons.org/weblog/entry/8110">
Article on Creative Commons</weblink>".&#32;Retrieved on <link>
2007-11-30</link>].</entry>
<entry id="7">
<weblink xlink:type="simple" xlink:href="http://kunstderfuge.com/thanks.htm">
kunstderfuge.com contributors</weblink></entry>
<entry id="8">
"<weblink xlink:type="simple" xlink:href="http://creativecommons.org/weblog/entry/7866">
Article on Creative Common(er)s</weblink>".&#32;Retrieved on <link>
2008-03-07</link>].</entry>
</reflist>
</p>

</sec>
<sec>
<st>
 Other references </st>
<p>

<list>
<entry level="1" type="bullet">

 <weblink xlink:type="simple" xlink:href="http://www.onclassical.com/texts/author.htm">
The biography (probably official)</weblink> at <service wordnetid="100577525" confidence="0.9508927676800064">
<link xlink:type="simple" xlink:href="../968/5176968.xml">
OnClassical</link></service>
.</entry>
<entry level="1" type="bullet">

 <weblink xlink:type="simple" xlink:href="http://www.commoncontent.org/user/6503">
Alessandro Simonetto's User Info</weblink> at <region wordnetid="108630985" confidence="0.8">
<park wordnetid="108615374" confidence="0.8">
<location wordnetid="100027167" confidence="0.8">
<tract wordnetid="108673395" confidence="0.8">
<geographical_area wordnetid="108574314" confidence="0.8">
<link xlink:type="simple" xlink:href="../016/1438016.xml">
commoncontent.org</link></geographical_area>
</tract>
</location>
</park>
</region>
.</entry>
</list>
</p>

</sec>
<sec>
<st>
 External links </st>
<p>

<list>
<entry level="1" type="bullet">

 <weblink xlink:type="simple" xlink:href="http://www.onclassical.com">
OnClassical: the Italian record label</weblink>.</entry>
</list>
</p>


</sec>
</bdy>
</entertainer>
</causal_agent>
</musician>
</engineer>
</performer>
</person>
</physical_entity>
</article>
