<?xml version="1.0" encoding="UTF-8"?>
<!-- generated by CLiX/Wiki2XML [MPI-Inf, MMCI@UdS] $LastChangedRevision: 92 $ on 17.04.2009 00:21:46[mciao0826] -->
<!DOCTYPE article SYSTEM "../article.dtd">
<article xmlns:xlink="http://www.w3.org/1999/xlink">
<header>
<title>Geomodeller3D</title>
<id>10553982</id>
<revision>
<id>243438361</id>
<timestamp>2008-10-06T14:41:08Z</timestamp>
<contributor>
<username>HolgerK</username>
<id>1538259</id>
</contributor>
</revision>
<categories>
<category>Geology software</category>
<category>Methodology</category>
</categories>
</header>
<bdy>

<b>Geomodeller3D</b> (old name was 3DWEG) is a methodolgy and associated software tool for 3D <link xlink:type="simple" xlink:href="../876/869876.xml">
geologic modelling</link> developed by BRGM over the last 15 years. The software is written using <software wordnetid="106566077" confidence="0.9508927676800064">
<link xlink:type="simple" xlink:href="../667/3041667.xml">
Open CASCADE</link></software>
 in <programming_language wordnetid="106898352" confidence="0.9508927676800064">
<link xlink:type="simple" xlink:href="../038/72038.xml">
C++</link></programming_language>
 for the engine (geometry, topology, viewers, data management, ...), <link xlink:type="simple" xlink:href="../446/4718446.xml">
Java</link> for the <link xlink:type="simple" xlink:href="../293/12293.xml">
GUI</link> and data are stored in extensible mark-up language <format wordnetid="106636806" confidence="0.9508927676800064">
<link xlink:type="simple" xlink:href="../138/34138.xml">
XML</link></format>
. Geomodeller 3D has started to revolutionise the working practices, data standards and products of a <link xlink:type="simple" xlink:href="../814/1750814.xml">
geological survey</link> as a whole. The software takes into account all <link xlink:type="simple" xlink:href="../637/27637.xml">
structural geology</link> data such as dip, dip directions, strike, hingelines and axialtrace to build the geometry of geological units.
<sec>
<st>
 A brief outline of the methodology </st>
<p>

Geomodeller3D utilizes a Digital Terrain Model, surface geological linework, cross-sections, geophysical interpretation and downhole <link xlink:type="simple" xlink:href="../902/235902.xml">
borehole</link> data to enable the geologist to construct cross sections, or 3D models. 3D <link xlink:type="simple" xlink:href="../531/51531.xml">
Geostatistical</link> interpolation (co-kriging) using all the data (location of interface, dip, direction, ...) produces a 3D <link xlink:type="simple" xlink:href="../896/250896.xml">
implicit function</link> representing a solid model.  The model build may take in account if necessary a network of <link xlink:type="simple" xlink:href="../787/182787.xml">
geologic faults</link>. The model could be represented by <link xlink:type="simple" xlink:href="../174/207174.xml">
triangulated</link> objects each corresponding to one of the geological units present. Geologists can draw the model in their sections to obtain a fence diagram. The geologist can use their knowledge to add information in the 3D space until he obtain a 'right' model. </p>

</sec>
<sec>
<st>
 Inversion of the 3D model </st>
<p>

In geological and mining or oil exploration applications, <link xlink:type="simple" xlink:href="../830/89830.xml">
seismic</link> profiles as well as <link xlink:type="simple" xlink:href="../579/38579.xml">
gravity</link> and <link xlink:type="simple" xlink:href="../716/19716.xml">
 magnetic</link> data are often available. Interpreted seismic cross-sections directly provide data that can be processed directly as geometric constraints for 3D modelling. On the other hand gravity and magnetic data provide indirect constraints. Presently, a 3D geological model is considered as the initial state of a constrained <link xlink:type="simple" xlink:href="../956/203956.xml">
 inverse</link> modelling of this data. That inversion is based on an iterative method, which is applied to a discrete version of the domain under study. This inversion formulation allows separate inversion of either gravity or magnetic data or simultaneous inversion of both datasets and <link xlink:type="simple" xlink:href="../965/29965.xml">
tensor</link> components of <link xlink:type="simple" xlink:href="../579/38579.xml">
gravity</link> and <link xlink:type="simple" xlink:href="../563/36563.xml">
magnetic field</link> . The final result is a probabilistic 3D geological model. </p>

</sec>
<sec>
<st>
 References </st>
<p>

<list>
<entry level="1" type="bullet">

 Lajaunie Ch., Courrioux G., Manuel L. (1997). Foliation fields and 3d cartography in geology: principles of a method based on potential interpolation. Mathematical Geology, 29, 571-584.</entry>
<entry level="1" type="bullet">

 Halbwachs Y., Courrioux G., Renaud X., Repusseau P. (1996). Topological and geometric characterization of fault networks using 3-dimensional generalized maps. Mathematical Geology, 28, 625-656. (Best paper award in Mathematical Geology, by the International Association for Mathematical Geology.)</entry>
<entry level="1" type="bullet">

 Bosch M., Guillen A., Ledru P. (2001). Lithologic tomography: an application to geophysical data from the Cadomian belt of northern Brittany, France, Tectonophysics, 331, 197-227.</entry>
<entry level="1" type="bullet">

 <weblink xlink:type="simple" xlink:href="http://www.geomodeller.com/geo/index.php?lang=EN&amp;menu=GMLibrary-articles">
other articles or PhD thesis</weblink></entry>
<entry level="1" type="bullet">

 McInerney, P., Guillen, A., Courrioux, G., Calcagno, P. and Lees, T. Building 3D Geological Models Directly from the Data ? A new approach applied to Broken Hill, Australia. http://www.geomodeller.com/ig/knowledgebase/special_topics/3DGM_BuildModelFromData.pdf</entry>
</list>
</p>

</sec>
<sec>
<st>
 External links </st>
<p>

<list>
<entry level="1" type="bullet">

<weblink xlink:type="simple" xlink:href="http://www.geomodeller.com">
Geomodeller 3D website</weblink></entry>
<entry level="1" type="bullet">

<weblink xlink:type="simple" xlink:href="http://3dweg.brgm.fr">
old web site with models in France</weblink></entry>
</list>
</p>

</sec>
</bdy>
</article>
