<?xml version="1.0" encoding="UTF-8"?>
<!-- generated by CLiX/Wiki2XML [MPI-Inf, MMCI@UdS] $LastChangedRevision: 92 $ on 17.04.2009 00:14:48[mciao0828] -->
<!DOCTYPE article SYSTEM "../article.dtd">
<article xmlns:xlink="http://www.w3.org/1999/xlink">
<company  confidence="0.9508927676800064" wordnetid="108058098">
<service  confidence="0.9511911446218017" wordnetid="100577525">
<header>
<title>WestHost</title>
<id>10622625</id>
<revision>
<id>217136754</id>
<timestamp>2008-06-04T19:34:34Z</timestamp>
<contributor>
<username>Stemonitis</username>
<id>156441</id>
</contributor>
</revision>
<categories>
<category>Design companies of the United States</category>
<category>Web design companies</category>
<category>Blog hosting services</category>
<category>Companies based in Utah</category>
<category>Internet hosting</category>
<category>Internet companies</category>
<category>Internet companies of the United States</category>
<category>Web services</category>
<category>Companies established in 1998</category>
<category>Web hosting</category>
<category>Internet</category>
</categories>
</header>
<bdy>
<template>
<name>Infobox_Company</name>
<parameters>
<location>
<village wordnetid="108672738" confidence="0.9508927676800064">
<link xlink:type="simple" xlink:href="../952/136952.xml">
Providence, Utah</link></village>
, <link xlink:type="simple" xlink:href="../750/3434750.xml">
USA</link></location>
<company_logo>
<image width="129px" src="Westhost_logo.gif">
</image>
</company_logo>
<company_name>
WestHost</company_name>
<company_slogan>
When you expect more from your Web host</company_slogan>
<company_type>
<link xlink:type="simple" xlink:href="../655/1499655.xml">
Private company</link></company_type>
<foundation>
1998</foundation>
<industry>
<link xlink:type="simple" xlink:href="../465/157465.xml">
Web hosting service</link>, <link xlink:type="simple" xlink:href="../035/34035.xml">
Web design</link>, <link xlink:type="simple" xlink:href="../284/158284.xml">
Domain registration</link></industry>
<products>
Web services</products>
<homepage>
http://www.westhost.com</homepage>
<employees>
40</employees>
<key_people>
Chris Russell, Brian Chambers</key_people>
</parameters>
</template>

<p>

<b>WestHost</b> provides <link xlink:type="simple" xlink:href="../465/157465.xml">
Web hosting</link>, <link xlink:type="simple" xlink:href="../284/158284.xml">
domain registration</link> and <link>
Web site design</link> services to individuals, organizations and businesses. Founded in <village wordnetid="108672738" confidence="0.9508927676800064">
<link xlink:type="simple" xlink:href="../952/136952.xml">
Providence, Utah</link></village>
 in 1998 by Chris Russell, the company currently hosts over 65,000 Web sites.</p>
<p>

MountainWest Capital Network identified WestHost as one of the top 100 fastest growing Utah companies in 2004<ref xlink:type="simple" xlink:href="#xpointer(//reflist/entry[@id=%221%22])">1</ref>.</p>

<sec>
<st>
 Hosting infrastructure </st>
<p>

<list>
<entry level="1" type="bullet">

SAS 70 Type II certified world-class <link xlink:type="simple" xlink:href="../730/579730.xml">
data center</link> infrastructure</entry>
<entry level="1" type="bullet">

<link xlink:type="simple" xlink:href="../423/62423.xml">
Tier 1</link> connection to the <link xlink:type="simple" xlink:href="../402/48402.xml">
Internet backbone</link> through multiple <link xlink:type="simple" xlink:href="../570/12570.xml">
Gigabyte</link> <link xlink:type="simple" xlink:href="../499/9499.xml">
Ethernet</link> connections and multiple <link>
OC-3</link> lines with scalability to <link xlink:type="simple" xlink:href="../262/1861262.xml">
OC-48</link> and beyond</entry>
<entry level="1" type="bullet">

Uninterruptible power supply from battery bank (15 minutes) and 750 Kilovolt diesel generators (3&ndash;5 days)</entry>
<entry level="1" type="bullet">

Fire suppression via INERGEN people-safe oxygen removal system</entry>
<entry level="1" type="bullet">

<link xlink:type="simple" xlink:href="../212/1819212.xml">
Virtual Private Server</link> technology for shared, semi-dedicated and dedicated servers</entry>
<entry level="1" type="bullet">

Proprietary <link xlink:type="simple" xlink:href="../612/5235612.xml">
control panel</link> also provides client access to a diverse selection of Web site applications and development tools</entry>
<entry level="1" type="bullet">

WestHost continually ranks in the <company wordnetid="108058098" confidence="0.9508927676800064">
<link xlink:type="simple" xlink:href="../376/739376.xml">
Netcraft</link></company>
 top 10 list of most reliable Web hosting providers, including several top 10 rankings throughout 2006, 2007, and 2008.</entry>
</list>
</p>

</sec>
<sec>
<st>
 Homeland Security controversy </st>
<p>

In June 2005 various news media outlets carried a story concerning an <link xlink:type="simple" xlink:href="../626/847626.xml">
Iraq insurgency</link> fundraising site established by an Italian group, Campo Antiimperialista<ref xlink:type="simple" xlink:href="#xpointer(//reflist/entry[@id=%222%22])">2</ref>. The story generated widespread condemnation of the site, along with a flood of complaints to WestHost, the site’s unwitting hosting provider. Unknown to the public and media, WestHost had operated for over a year under a secret <link xlink:type="simple" xlink:href="../237/153237.xml">
court order</link> to provide all antiimperialista.org logs and files to <link>
The Department of Homeland Security</link>, along with an active tracking system that reported a site visitor’s <link xlink:type="simple" xlink:href="../921/14921.xml">
Internet protocol address</link> to DHS.</p>
<p>

After enduring days of denouncements that WestHost supported terrorist organizations, DHS finally allowed WestHost to shut down the site as it failed to obtain cooperation with foreign authorities to further the investigation. Nevertheless, Italian police later raided the home of a Campo Antiimperialista member and seized a computer and files used to create and maintain the site<ref xlink:type="simple" xlink:href="#xpointer(//reflist/entry[@id=%223%22])">3</ref>.</p>

</sec>
<sec>
<st>
 References </st>
<p>

<reflist>
<entry id="1">
<weblink xlink:type="simple" xlink:href="http://www.mwcn.org/utah100/2004_utah100.php">
The Utah 100 recognizes WestHost for its significant contribution to the state and its expanding economy.</weblink></entry>
<entry id="2">
<weblink xlink:type="simple" xlink:href="http://www.usnews.com/usnews/news/articles/050623/23euroleft.htm">
National Security Watch: Eurolefties fund Iraq insurgency</weblink></entry>
<entry id="3">
<weblink xlink:type="simple" xlink:href="http://www.usnews.com/usnews/news/articles/050727/27natsec.htm">
National Security Watch: Eurolefties fund Iraq insurgency–Part II</weblink></entry>
</reflist>
</p>

</sec>
<sec>
<st>
 External links </st>
<p>

<list>
<entry level="1" type="bullet">

<weblink xlink:type="simple" xlink:href="http://www.westhost.com">
WestHost official site</weblink></entry>
<entry level="1" type="bullet">

<weblink xlink:type="simple" xlink:href="http://www.westhost.com/contactus.html">
Contact information</weblink></entry>
<entry level="1" type="bullet">

<weblink xlink:type="simple" xlink:href="http://forums.westhost.com">
Discussion forums</weblink></entry>
<entry level="1" type="bullet">

<weblink xlink:type="simple" xlink:href="http://blog.westhost.com">
WestHost blog</weblink></entry>
<entry level="1" type="bullet">

<weblink xlink:type="simple" xlink:href="http://www.alexa.com/data/details/main?q=&amp;url=www.westhost.com">
Alexa ranking for westhost.com</weblink></entry>
</list>
</p>

</sec>
</bdy>
</service>
</company>
</article>
