<?xml version="1.0" encoding="UTF-8"?>
<!-- generated by CLiX/Wiki2XML [MPI-Inf, MMCI@UdS] $LastChangedRevision: 92 $ on 17.04.2009 00:15:11[mciao0828] -->
<!DOCTYPE article SYSTEM "../article.dtd">
<article xmlns:xlink="http://www.w3.org/1999/xlink">
<header>
<title>Nuclear safety in the United States</title>
<id>10638591</id>
<revision>
<id>235761956</id>
<timestamp>2008-09-02T07:03:41Z</timestamp>
<contributor>
<username>Simesa</username>
<id>265914</id>
</contributor>
</revision>
<categories>
<category>All articles with dead external links</category>
<category>Articles with invalid date parameter in template</category>
<category>Nuclear safety</category>
<category>Articles with dead external links since May 2008</category>
</categories>
</header>
<bdy>

<b><issue wordnetid="105814650" confidence="0.8">
<link xlink:type="simple" xlink:href="../539/4222539.xml">
Nuclear safety</link></issue>
 in the U.S.</b> is governed by federal regulations and continues to be studied by the <agency wordnetid="108337324" confidence="0.9508927676800064">
<link xlink:type="simple" xlink:href="../201/165201.xml">
Nuclear Regulatory Commission</link></agency>
 (NRC).<p>

It is important to note that the safety of nuclear plants and materials controlled by the U.S. government for research and weapons production, as well those powering naval vessels, is not governed by the NRC.<ref xlink:type="simple" xlink:href="#xpointer(//reflist/entry[@id=%221%22])">1</ref><ref xlink:type="simple" xlink:href="#xpointer(//reflist/entry[@id=%222%22])">2</ref> </p>
<p>

Licensees (organizations applying for construction licenses or operating licenses for nuclear facilities) are required to show before the license is issued that they meet the requirements of the regulations.  </p>

<sec>
<st>
Scope</st>
<p>

The topic of <b>nuclear safety</b> covers:
<list>
<entry level="1" type="bullet">

The research and testing of the possible incidents/events at nuclear facilities,</entry>
<entry level="1" type="bullet">

What equipment and actions are designed to prevent those incidents/events from having serious consequences,</entry>
<entry level="1" type="bullet">

The calculation of the probabilities of multiple systems and/or actions failing thus allowing serious consequences,</entry>
<entry level="1" type="bullet">

The evaluation of the possible timing and scope of those serious consequences (the worst-possible result in extreme cases being a release of radiation),</entry>
<entry level="1" type="bullet">

The actions taken to protect the public during a release of radiation,</entry>
<entry level="1" type="bullet">

The training and rehearsals performed to ensure readiness in case an incident/event occurs.</entry>
<entry level="1" type="bullet">

Accidents that have occurred.</entry>
</list>
</p>

</sec>
<sec>
<st>
Nomenclature</st>
<p>

In the following, the names of federal regulations will be abbreviated in the standard way.  For example, "Code of Federal Regulations, Title 10, Part 100, Section 23" will be given as "10CFR100.23".</p>
<p>

An unofficial and unverified list of the relevant regulations, last updated in 2003, can be found at <weblink xlink:type="simple" xlink:href="http://www.lancevail.net/Nose/cfr.html">
2003 Code of Federal Regulations</weblink>.</p>

</sec>
<sec>
<st>
Safety of nuclear power plants</st>
<p>

<link xlink:type="simple" xlink:href="../153/22153.xml">
Nuclear power plants</link> contain most of the non-military radioactive material in the U.S.  NRC-generated safety regulation ballooned in the years immediately preceding the <trouble wordnetid="107289014" confidence="0.8">
<mishap wordnetid="107314427" confidence="0.8">
<misfortune wordnetid="107304852" confidence="0.8">
<accident wordnetid="107301336" confidence="0.8">
<happening wordnetid="107283608" confidence="0.8">
<event wordnetid="100029378" confidence="0.8">
<psychological_feature wordnetid="100023100" confidence="0.8">
<link xlink:type="simple" xlink:href="../856/105856.xml">
Three Mile Island accident</link></psychological_feature>
</event>
</happening>
</accident>
</misfortune>
</mishap>
</trouble>
, and surged again afterwards.</p>

<ss1>
<st>
Assessments of risks</st>
<p>

The NRC (and its predecessors) have over the decades produced three major analyses of the risks of nuclear power: a fourth, all-encompassing one (the <link xlink:type="simple" xlink:href="../584/19137584.xml">
State-of-the-Art Reactor Consequence Analyses</link>, or <it>SOARCA</it>, study) is in generation now.  The new study will be based on actual test results, on <link xlink:type="simple" xlink:href="../354/2080354.xml">
probabilistic risk assessment</link> (PRA) methodology, and on the evaluated actions of government agencies.</p>
<p>

The existing studies (all now disavowed by the NRC and to be replaced by SOARCA) are:
<list>
<entry level="1" type="bullet">

<link xlink:type="simple" xlink:href="../139/3440139.xml">
NUREG-1150</link> (1991)</entry>
<entry level="1" type="bullet">

<link xlink:type="simple" xlink:href="../926/3378926.xml">
CRAC-II</link> (1982) (based on WASH-1400 results)</entry>
<entry level="1" type="bullet">

<link xlink:type="simple" xlink:href="../370/2142370.xml">
WASH-1400</link> (1975)</entry>
<entry level="1" type="bullet">

<link xlink:type="simple" xlink:href="../048/3384048.xml">
WASH-740</link> (1957) (not PRA-based)</entry>
</list>
</p>

</ss1>
<ss1>
<st>
Comparisons of risks of nuclear power plants</st>
<p>

Reactor vendors now routinely calculate probabilistic risk assessments of their nuclear power plant designs.</p>
<p>

General Electric has recalculated maximum core damage frequencies per year per plant for its nuclear power plant designs:<ref xlink:type="simple" xlink:href="#xpointer(//reflist/entry[@id=%223%22])">3</ref>
<indent level="1">

BWR/4 — 1 × 10–5 (a typical plant)
</indent>
:BWR/6 — 1 × 10–6 (a typical plant)
<indent level="1">

<link xlink:type="simple" xlink:href="../348/2239348.xml">
ABWR</link> — 2 × 10–7 (now operating in Japan)
</indent>
:<link xlink:type="simple" xlink:href="../393/4015393.xml">
ESBWR</link> — 3 × 10–8 (submitted for Final Design Approval by NRC)</p>
<p>

The <idea wordnetid="105833840" confidence="0.8">
<concept wordnetid="105835747" confidence="0.8">
<category wordnetid="105838765" confidence="0.8">
<type wordnetid="105840188" confidence="0.8">
<kind wordnetid="105839024" confidence="0.8">
<link xlink:type="simple" xlink:href="../140/3111140.xml">
AP1000</link></kind>
</type>
</category>
</concept>
</idea>
 has a maximum core damage frequency of  5.09 × 10–7 per plant per year.  The <idea wordnetid="105833840" confidence="0.8">
<concept wordnetid="105835747" confidence="0.8">
<category wordnetid="105838765" confidence="0.8">
<type wordnetid="105840188" confidence="0.8">
<kind wordnetid="105839024" confidence="0.8">
<link xlink:type="simple" xlink:href="../371/1636371.xml">
European Pressurized Reactor</link></kind>
</type>
</category>
</concept>
</idea>
 (EPR) has a maximum <link xlink:type="simple" xlink:href="../553/16507553.xml">
core damage frequency</link> of  4 × 10–7 per plant per year.<ref xlink:type="simple" xlink:href="#xpointer(//reflist/entry[@id=%224%22])">4</ref></p>

</ss1>
<ss1>
<st>
Geologic and seismic siting criteria</st>
<p>

Geologic and seismic siting criteria are governed by federal regulation 10CFR100.23.<ref xlink:type="simple" xlink:href="#xpointer(//reflist/entry[@id=%225%22])">5</ref></p>
<p>

Nuclear power plants are designed to withstand the credible earthquakes ("Operating Basis Earthquake" and "Safe Shutdown Earthquake") with no damage to safety-related equipment per 10CFR100's Appendix A "Seismic and Geologic Criteria for Nuclear Power Plants."<ref xlink:type="simple" xlink:href="#xpointer(//reflist/entry[@id=%226%22])">6</ref>  The pattern of the earth's motion is considered as well as the strength of the vibrations.</p>

</ss1>
<ss1>
<st>
 Population criteria </st>
<p>

Population-criteria for siting U.S. nuclear power plants is covered under federal regulation 10CFR100.11.<ref xlink:type="simple" xlink:href="#xpointer(//reflist/entry[@id=%227%22])">7</ref></p>
<p>

Minimum distances must be set for an exclusion area (which is typically inside the Protected Area's fence), a low population zone and a population center distance.  To calculate the minimum assured distances for each of these, a maximum possible amount of radioactivity release (called a "source term") must be assumed and worst-case wind conditions must be assumed.</p>
<p>

Nuclear power plants in their licensing submittals so far have used extremely-conservative fallout inputs from the somewhat-antiquated <link xlink:type="simple" xlink:href="../370/2142370.xml">
WASH-1400</link> study.  The NRC has disavowed the assumptions and thus the results of WASH-1400 as being far too pessimistic (see <link xlink:type="simple" xlink:href="../139/3440139.xml">
NUREG-1150</link>), and is in the process of generating a new state-of-the-art study. </p>
<p>

A bounding calculation using a source term from WASH-1400 typically calculates a minimum Emergency Planning Zone (EPZ) of about 5&nbsp;miles (8.0&nbsp;km) from the plant, which in practice is rounded up to 10&nbsp;miles (16&nbsp;km) for actual implementation.</p>

</ss1>
<ss1>
<st>
Protection from attack</st>
<p>

Nuclear power plants are required to withstand the government-specified "Design Basis Threat" (DBT).  The specifics of the DBT are a government secret.</p>

<ss2>
<st>
 The Protected Area </st>
<p>

The Protected Area encloses the Exclusion Zone calculated above.  It also serves as a security zone, within which only trusted individuals are allowed to walk unescorted.</p>
<p>

The Protected Area is surrounded by a double fence, and the gap in between the fences is electronically monitored.  There are very few gates, and those are well guarded.  Numerous other security measures are in effect.<ref xlink:type="simple" xlink:href="#xpointer(//reflist/entry[@id=%228%22])">8</ref> </p>

</ss2>
<ss2>
<st>
 The missile shield</st>

<p>

<indent level="1">

<it>Main article: <idea wordnetid="105833840" confidence="0.8">
<concept wordnetid="105835747" confidence="0.8">
<component wordnetid="105868954" confidence="0.8">
<part wordnetid="105867413" confidence="0.8">
<link xlink:type="simple" xlink:href="../860/2102860.xml">
Containment building</link></part>
</component>
</concept>
</idea>
</it>
</indent>

The missile shield protecting the containment structure was originally intended to protect only from natural forces, such as tornadoes.  For example, it usually is designed to withstand the impact of a <link xlink:type="simple" xlink:href="../296/1324296.xml">
telephone pole</link> flying at 60&nbsp;miles per hour (100&nbsp;km/h) and hitting end-on.  One plant, <symbol wordnetid="106806469" confidence="0.9508927676800064">
<link xlink:type="simple" xlink:href="../066/18933066.xml">
Florida</link></symbol>
's <structure wordnetid="104341686" confidence="0.8">
<building wordnetid="102913152" confidence="0.8">
<artifact wordnetid="100021939" confidence="0.8">
<facility wordnetid="103315023" confidence="0.8">
<link xlink:type="simple" xlink:href="../757/1790757.xml">
Turkey Point NGS</link></facility>
</artifact>
</building>
</structure>
, survived a direct hit by <link xlink:type="simple" xlink:href="../313/255313.xml#xpointer(//*[./st=%22Category+5%22])">
Category 5</link> <hurricane wordnetid="111467018" confidence="0.9508927676800064">
<link xlink:type="simple" xlink:href="../545/211545.xml">
Hurricane Andrew</link></hurricane>
 in 1992, with no damage to the containment.  </p>
<p>

No actual missile shield has been subjected to an aircraft impact test. However, a highly similar test was done at <site wordnetid="108651247" confidence="0.8">
<region wordnetid="108630985" confidence="0.8">
<artifact wordnetid="100021939" confidence="0.8">
<instrumentality wordnetid="103575240" confidence="0.8">
<location wordnetid="100027167" confidence="0.8">
<tract wordnetid="108673395" confidence="0.8">
<weapon wordnetid="104565375" confidence="0.8">
<device wordnetid="103183080" confidence="0.8">
<geographical_area wordnetid="108574314" confidence="0.8">
<instrument wordnetid="103574816" confidence="0.8">
<link xlink:type="simple" xlink:href="../558/155558.xml">
Sandia National Laboratories</link></instrument>
</geographical_area>
</device>
</weapon>
</tract>
</location>
</instrumentality>
</artifact>
</region>
</site>
 and filmed (see <idea wordnetid="105833840" confidence="0.8">
<concept wordnetid="105835747" confidence="0.8">
<component wordnetid="105868954" confidence="0.8">
<part wordnetid="105867413" confidence="0.8">
<link xlink:type="simple" xlink:href="../860/2102860.xml">
Containment building</link></part>
</component>
</concept>
</idea>
), and the target was essentially undamaged (reinforced concrete is strongly resistant both to impact and to fire).  The NRC's Chairman has said "Nuclear power plants are inherently robust structures that our studies show provide adequate protection in a hypothetical attack by an airplane. The NRC has also taken actions that require nuclear power plant operators to be able to manage large fires or explosions - no matter what has caused them."<ref xlink:type="simple" xlink:href="#xpointer(//reflist/entry[@id=%229%22])">9</ref></p>

</ss2>
</ss1>
<ss1>
<st>
Procedures</st>
<p>

In the U.S., the Operating License is granted by the government and carries the force of law.  The Final Safety Analysis Report (FSAR) is part of the Operating License, and the plant's Technical Specifications (which contain the restrictions the operators consult during operation) are a chapter of the FSAR.  All procedures are checked against the Technical Specifications and also by a Transient Analysis engineer, and each copy of an approved procedure is numbered and the copies controlled (so that updating all copies at once can be assured).  In a U.S. nuclear power plant, unlike in most other industries, approved procedures carry the force of law and to deliberately violate one is a criminal act.</p>

</ss1>
<ss1>
<st>
Reactor Protective System (RPS)</st>

<p>

<indent level="1">

<it>Main article: <idea wordnetid="105833840" confidence="0.8">
<concept wordnetid="105835747" confidence="0.8">
<component wordnetid="105868954" confidence="0.8">
<part wordnetid="105867413" confidence="0.8">
<link xlink:type="simple" xlink:href="../472/8147472.xml">
Reactor Protective System</link></part>
</component>
</concept>
</idea>
</it>
</indent>

</p>
</ss1>
<ss1>
<st>
Design Basis Events</st>
<p>

"Design Basis Events [DBE] are defined as conditions of normal operation, including anticipated operational occurrences, design basis accidents, external events, and natural phenomena for which the plant must be designed to ensure functions (b)(1)(i) (A) through (C)" of 10CFR50-49.<ref xlink:type="simple" xlink:href="#xpointer(//reflist/entry[@id=%2210%22])">10</ref>  These include (A) maintaining the integrity of the reactor coolant pressure boundary; (B) maintaining the capability to shut down the reactor and maintain it in a safe shutdown condition; <it>OR</it> (C) maintaining the capability to prevent or mitigate the consequences of accidents that could result in potential offsite exposures.</p>
<p>

The normal DBEs evaluated are Station Blackout (where all offsite and onsite AC power is lost for a specified duration) and <link xlink:type="simple" xlink:href="../900/918900.xml">
loss of coolant accident</link> (LOCA).</p>

</ss1>
</sec>
<sec>
<st>
Accidents</st>

<p>

<indent level="1">

<it>Main article: <link xlink:type="simple" xlink:href="../813/383813.xml">
Nuclear and radiation accidents</link></it>
</indent>
Dozens of radiation accidents have happened in the United States.  They range from relatively small accidents where one person was exposed to radiation to what the NRC labels a "significant precursor" event.</p>
<p>

A "significant precursor" is an event that leads to a conditional core damage probability (CCDP) or increase in core damage probability (CDP) that is greater than or equal to  1 × 10–3. In other words given that the precursor event has occurred, the probability that a subsequent failure will cause core damage is ≥&nbsp;0.001.</p>
<p>

<link xlink:type="simple" xlink:href="../251/891251.xml">
As of 2005</link> the NRC reports that there have been 33 significant precursor events beginning in 1971 to 1979 (Three Mile Island).  Since Three Mile Island, none have been reported.</p>
<p>

While no significant precursor events have been reported since then, other accidents continue to occur.<ref xlink:type="simple" xlink:href="#xpointer(//reflist/entry[@id=%2211%22])">11</ref></p>

<ss1>
<st>
Three Mile Island</st>

<p>

<indent level="1">

<it>Main article: <trouble wordnetid="107289014" confidence="0.8">
<mishap wordnetid="107314427" confidence="0.8">
<misfortune wordnetid="107304852" confidence="0.8">
<accident wordnetid="107301336" confidence="0.8">
<happening wordnetid="107283608" confidence="0.8">
<event wordnetid="100029378" confidence="0.8">
<psychological_feature wordnetid="100023100" confidence="0.8">
<link xlink:type="simple" xlink:href="../856/105856.xml">
Three Mile Island accident</link></psychological_feature>
</event>
</happening>
</accident>
</misfortune>
</mishap>
</trouble>
</it>
</indent>
On <link xlink:type="simple" xlink:href="../347/19347.xml">
March 28</link>, <link xlink:type="simple" xlink:href="../754/34754.xml">
1979</link>, in the <link xlink:type="simple" xlink:href="../750/3434750.xml">
USA</link>, the Unit 2 <link xlink:type="simple" xlink:href="../347/207347.xml">
nuclear power plant</link> (a <link xlink:type="simple" xlink:href="../350/143350.xml">
pressurized water reactor</link>) on the <tower wordnetid="104460130" confidence="0.8">
<structure wordnetid="104341686" confidence="0.8">
<artifact wordnetid="100021939" confidence="0.8">
<facility wordnetid="103315023" confidence="0.8">
<station wordnetid="104306080" confidence="0.8">
<link xlink:type="simple" xlink:href="../486/1750486.xml">
Three Mile Island Nuclear Generating Station</link></station>
</facility>
</artifact>
</structure>
</tower>
 in <county wordnetid="108546183" confidence="0.9508927676800064">
<link xlink:type="simple" xlink:href="../963/91963.xml">
Dauphin County, Pennsylvania</link></county>
 near <village wordnetid="108672738" confidence="0.9508927676800064">
<link xlink:type="simple" xlink:href="../849/57849.xml">
Harrisburg</link></village>
 suffered a partial core <link xlink:type="simple" xlink:href="../498/162498.xml">
meltdown</link>. The <trouble wordnetid="107289014" confidence="0.8">
<mishap wordnetid="107314427" confidence="0.8">
<misfortune wordnetid="107304852" confidence="0.8">
<accident wordnetid="107301336" confidence="0.8">
<happening wordnetid="107283608" confidence="0.8">
<event wordnetid="100029378" confidence="0.8">
<psychological_feature wordnetid="100023100" confidence="0.8">
<link xlink:type="simple" xlink:href="../856/105856.xml">
Three Mile Island accident</link></psychological_feature>
</event>
</happening>
</accident>
</misfortune>
</mishap>
</trouble>
 was the worst accident in <body wordnetid="107965085" confidence="0.8">
<social_group wordnetid="107950920" confidence="0.8">
<political_orientation wordnetid="106212839" confidence="0.8">
<colony wordnetid="108374049" confidence="0.8">
<state wordnetid="108168978" confidence="0.8">
<political_unit wordnetid="108359949" confidence="0.8">
<group wordnetid="100031264" confidence="0.8">
<democracy wordnetid="106217103" confidence="0.8">
<link xlink:type="simple" xlink:href="../750/3434750.xml">
American</link></democracy>
</group>
</political_unit>
</state>
</colony>
</political_orientation>
</social_group>
</body>
 commercial nuclear power generating history, even though it led to no deaths or injuries to plant workers or members of the nearby community.<ref xlink:type="simple" xlink:href="#xpointer(//reflist/entry[@id=%2212%22])">12</ref>  Importantly, the reactor vessel did not rupture.</p>
<p>

During the Three Mile Island accident, small amounts of radioactive gases were released. In addition to accidental release, radioactive gases were deliberately released into the atmosphere by the operators to relieve pressure on the primary system and avoid curtailing the flow of coolant to the core.<ref xlink:type="simple" xlink:href="#xpointer(//reflist/entry[@id=%2212%22])">12</ref></p>
<p>

From a safety viewpoint, the system functioned as designed.  <idea wordnetid="105833840" confidence="0.8">
<concept wordnetid="105835747" confidence="0.8">
<component wordnetid="105868954" confidence="0.8">
<part wordnetid="105867413" confidence="0.8">
<link xlink:type="simple" xlink:href="../206/5127206.xml">
Emergency Core Cooling System</link></part>
</component>
</concept>
</idea>
s automatically turned on, and were turned off by the operators who had the mistaken belief that the reactor vessel was full of water (due to the faulty pressurizer reading caused by the stuck-open PORV).  Finally, a fuel temperature check was done, revealing the problem.  (Note: the vast majority of plants have direct measurements of water level in the reactor vessel, and do not rely on readings from the pressurizer.)</p>
<p>

While the system functioned as designed, unfortunately, the design was found to be flawed.  There is consensus that the accident was exacerbated by wrong decisions made because the operators were overwhelmed with information, much of it irrelevant, misleading or incorrect.    </p>
<p>

Extensive regulation and plant changes followed the accident.  In addition to the improved operating training, improvements in quality assurance, engineering, operational surveillance and emergency planning have been instituted. Improvements in control room habitability, "sight lines" to instruments, ambiguous indications and even the placement of "trouble" tags were made; some trouble tags were covering important instrument indications during the accident.</p>

</ss1>
<ss1>
<st>
Chernobyl</st>
<p>

The <misfortune wordnetid="114475405" confidence="0.8">
<condition wordnetid="113920429" confidence="0.8">
<state wordnetid="100024720" confidence="0.8">
<catastrophe wordnetid="114476290" confidence="0.8">
<adversity wordnetid="114475661" confidence="0.8">
<fortune wordnetid="114473222" confidence="0.8">
<link xlink:type="simple" xlink:href="../713/2589713.xml">
Chernobyl disaster</link></fortune>
</adversity>
</catastrophe>
</state>
</condition>
</misfortune>
 was a major accident at the <reactor wordnetid="104057846" confidence="0.8">
<artifact wordnetid="100021939" confidence="0.8">
<instrumentality wordnetid="103575240" confidence="0.8">
<facility wordnetid="103315023" confidence="0.8">
<station wordnetid="104306080" confidence="0.8">
<electrical_device wordnetid="103269401" confidence="0.8">
<device wordnetid="103183080" confidence="0.8">
<link xlink:type="simple" xlink:href="../999/1238999.xml">
Chernobyl Nuclear Power Plant</link></device>
</electrical_device>
</station>
</facility>
</instrumentality>
</artifact>
</reactor>
 near <link xlink:type="simple" xlink:href="../972/509972.xml">
Pripyat, Ukraine</link> <system wordnetid="108435388" confidence="0.8">
<economy wordnetid="108366753" confidence="0.8">
<group wordnetid="100031264" confidence="0.8">
<link xlink:type="simple" xlink:href="../779/26779.xml">
Soviet Union</link></group>
</economy>
</system>
 on <link xlink:type="simple" xlink:href="../261/1261.xml">
April 26</link>, <link xlink:type="simple" xlink:href="../761/34761.xml">
1986</link>, consisting of an explosion at the plant due to <link xlink:type="simple" xlink:href="../366/12366.xml">
graphite</link> <link xlink:type="simple" xlink:href="../845/481845.xml">
control rods</link> which lead to subsequent <link xlink:type="simple" xlink:href="../749/621749.xml">
radioactive contamination</link> of the surrounding geographic area.  It is regarded as the worst <link xlink:type="simple" xlink:href="../813/383813.xml">
accident</link> ever in the history of nuclear power.<ref xlink:type="simple" xlink:href="#xpointer(//reflist/entry[@id=%2213%22])">13</ref></p>
<p>

The <idea wordnetid="105833840" confidence="0.8">
<concept wordnetid="105835747" confidence="0.8">
<category wordnetid="105838765" confidence="0.8">
<type wordnetid="105840188" confidence="0.8">
<kind wordnetid="105839024" confidence="0.8">
<link xlink:type="simple" xlink:href="../088/213088.xml">
RBMK</link></kind>
</type>
</category>
</concept>
</idea>
 design used at Chernobyl could not have been built in the U.S., for a number of reasons.<ref xlink:type="simple" xlink:href="#xpointer(//reflist/entry[@id=%2214%22])">14</ref>  First, it was impossible to build a full containment structure around it.  Second, all U.S. reactors have a negative <link xlink:type="simple" xlink:href="../053/1211053.xml">
void coefficient</link>, meaning that an increase in steam bubbles forming in the reactor core tends to decrease power, not increase it further — U.S. reactors must not be unstable against a power or temperature increase. Third, what existed of Chernobyl's Reactor Protective System was inadequate and not fail-safe, and a warning from a safety component was in fact ignored (in violation of the plant's procedures) without <link xlink:type="simple" xlink:href="../093/431093.xml">
Scram</link>ming the plant.  The Nuclear Regulatory Commission would not have issued a license to construct a plant such as an RBMK.</p>

</ss1>
</sec>
<sec>
<st>
 Potassium iodide </st>
<p>

According to the <agency wordnetid="108337324" confidence="0.9508927676800064">
<link xlink:type="simple" xlink:href="../201/165201.xml">
Nuclear Regulatory Commission</link></agency>
, 20 states in the USA have requested stocks of <link xlink:type="simple" xlink:href="../366/1014366.xml">
potassium iodide</link> which the NRC suggests should be available for those living within 10&nbsp;miles (16&nbsp;km) of a nuclear power plant in the unlikely event of a severe accident.<ref xlink:type="simple" xlink:href="#xpointer(//reflist/entry[@id=%2215%22])">15</ref>  Iodine is a fission product in a nuclear reactor, and in the event of a severe accident a fraction of that iodine is expected to leak from the fuel and out of the containment building.  If ingested, this iodine would tend to be accumulated by a person's thyroid.  Potassium iodine pills are intended to flood the body with normal iodine, making it less likely the radioactive variety would be absorbed.</p>

</sec>
<sec>
<st>
References</st>

<p>

<reflist>
<entry id="1">
<weblink xlink:type="simple" xlink:href="http://www.nrc.gov/about-nrc.html">
About NRC</weblink>, <weblink xlink:type="simple" xlink:href="http://www.nrc.gov">
U.S. Nuclear Regulatory Commission</weblink>, Retrieved 2007-6-1</entry>
<entry id="2">
<weblink xlink:type="simple" xlink:href="http://www.nrc.gov/about-nrc/governing-laws.html">
Our Governing Legislation</weblink>, <weblink xlink:type="simple" xlink:href="http://www.nrc.gov">
U.S. Nuclear Regulatory Commission</weblink>, Retrieved 2007-6-1</entry>
<entry id="3">
Hinds, David;&#32;Chris Maslak&#32;(January 2006).&#32;"<weblink xlink:type="simple" xlink:href="http://www.ans.org/pubs/magazines/nn/docs/2006-1-3.pdf">
Next-generation nuclear energy: The ESBWR</weblink>"&#32;(<link xlink:type="simple" xlink:href="../077/24077.xml">
PDF</link>).&#32;  Nuclear News.&#32;Retrieved on <link>
2008-05-13</link>. </entry>
<entry id="4">
 <weblink xlink:type="simple" xlink:href="http://web.mit.edu/erc/docs/scourse/28.FridayPM.Buongiorno.pdf">
http://web.mit.edu/erc/docs/scourse/28.FridayPM.Buongiorno.pdf</weblink> (PDF) &#91;&#93; </entry>
<entry id="5">
 <weblink xlink:type="simple" xlink:href="http://www.nrc.gov/reading-rm/doc-collections/cfr/part100/part100-0023.html">
10CFR100.23</weblink>.</entry>
<entry id="6">
 <weblink xlink:type="simple" xlink:href="http://www.ans.org/standards/resources/toolkit/docs/glossary-appendix.pdf">
Standards definitions, from the American Nuclear Society</weblink></entry>
<entry id="7">
 <weblink xlink:type="simple" xlink:href="http://www.nrc.gov/reading-rm/doc-collections/cfr/part100/part100-0011.html">
10CFR100.11</weblink></entry>
<entry id="8">
 <weblink xlink:type="simple" xlink:href="http://www.nei.org/index.asp?catnum=4&amp;catid=707">
Nuclear Power Plants Are Most Secure Industrial Facilities in U.S., NEI Tells Congress</weblink></entry>
<entry id="9">
 "<weblink xlink:type="simple" xlink:href="http://www.nrc.gov/reading-rm/doc-collections/news/2007/07-013.html">
STATEMENT FROM CHAIRMAN DALE KLEIN ON COMMISSION'S AFFIRMATION OF THE FINAL DBT RULE</weblink>".&#32;  Nuclear Regulatory Commission.&#32;Retrieved on <link>
2007-04-07</link>.</entry>
<entry id="10">
 <weblink xlink:type="simple" xlink:href="http://www.nrc.gov/reading-rm/doc-collections/cfr/part050/part050-0049.html">
10CFR50.49</weblink></entry>
<entry id="11">
 "<weblink xlink:type="simple" xlink:href="http://www.illinoisattorneygeneral.gov/pressroom/2006_03/20060316.html">
Madigan, Glasgow File Suit for Radioactive Leaks at Braidwood Nuclear Plant</weblink>".&#32;  Illinois Attorney General&#32;(2006).&#32;Retrieved on <link>
2006-03-17</link>.</entry>
<entry id="12">
"<weblink xlink:type="simple" xlink:href="http://www.nrc.gov/reading-rm/doc-collections/fact-sheets/3mile-isle.html/">
Fact Sheet on the Three Mile Island Accident</weblink>".&#32;  <link xlink:type="simple" xlink:href="../201/165201.xml">
U.S. Nuclear Regulatory Commission</link>&#32;(February 20, 2007).&#32;Retrieved on <link>
2008-05-15</link>.</entry>
<entry id="13">
 <weblink xlink:type="simple" xlink:href="http://www.chernobyl.info/index.php?navID=2">
Geographical location and extent of radioactive contamination</weblink></entry>
<entry id="14">
 <weblink xlink:type="simple" xlink:href="http://www.phyast.pitt.edu/~blc/book/chapter7.html">
University of Pittsburgh info on Chernobyl</weblink></entry>
<entry id="15">
 "<weblink xlink:type="simple" xlink:href="http://www.nrc.gov/what-we-do/emerg-preparedness/protect-public/potassium-iodide.html">
Consideration of Potassium Iodide in Emergency Planning</weblink>".&#32;  U.S. Nuclear Regulatory Commission.&#32;Retrieved on <link>
2006-11-10</link>.</entry>
</reflist>
</p>

</sec>
<sec>
<st>
See also</st>
<p>

<list>
<entry level="1" type="bullet">

<issue wordnetid="105814650" confidence="0.8">
<link xlink:type="simple" xlink:href="../539/4222539.xml">
Nuclear safety</link></issue>
</entry>
<entry level="1" type="bullet">

<link xlink:type="simple" xlink:href="../153/22153.xml">
Nuclear power</link></entry>
<entry level="1" type="bullet">

<politics wordnetid="113840719" confidence="0.8">
<social_relation wordnetid="100032823" confidence="0.8">
<link xlink:type="simple" xlink:href="../402/4131402.xml">
Nuclear power in the United States</link></social_relation>
</politics>
</entry>
<entry level="1" type="bullet">

<link xlink:type="simple" xlink:href="../440/379440.xml">
List of nuclear reactors</link></entry>
<entry level="1" type="bullet">

<link xlink:type="simple" xlink:href="../004/9799004.xml">
Institute of Nuclear Power Operations</link></entry>
<entry level="1" type="bullet">

<link xlink:type="simple" xlink:href="../919/2082919.xml">
Nuclear Power 2010 Program</link></entry>
<entry level="1" type="bullet">

<link xlink:type="simple" xlink:href="../946/2468946.xml">
List of civilian nuclear accidents</link></entry>
<entry level="1" type="bullet">

<link xlink:type="simple" xlink:href="../952/3253952.xml">
List of civilian radiation accidents</link></entry>
<entry level="1" type="bullet">

<link xlink:type="simple" xlink:href="../942/2468942.xml">
List of military nuclear accidents</link></entry>
<entry level="1" type="bullet">

<link xlink:type="simple" xlink:href="../744/15566744.xml">
Nuclear power whistleblowers</link></entry>
</list>
</p>

</sec>
<sec>
<st>
 External links </st>
<p>

<list>
<entry level="1" type="bullet">

<weblink xlink:type="simple" xlink:href="http://www.nrc.gov/">
The US Nuclear Regulatory Commission</weblink> supervises the US Nuclear industry</entry>
<entry level="1" type="bullet">

<weblink xlink:type="simple" xlink:href="http://www.nei.org/keyissues/safetyandsecurity/">
Nuclear Power Safety and Security Information</weblink></entry>
</list>
</p>

</sec>
</bdy>
</article>
