<?xml version="1.0" encoding="UTF-8"?>
<!-- generated by CLiX/Wiki2XML [MPI-Inf, MMCI@UdS] $LastChangedRevision: 92 $ on 17.04.2009 00:15:13[mciao0828] -->
<!DOCTYPE article SYSTEM "../article.dtd">
<article xmlns:xlink="http://www.w3.org/1999/xlink">
<header>
<title>Online video guide</title>
<id>10640206</id>
<revision>
<id>218887632</id>
<timestamp>2008-06-12T16:47:38Z</timestamp>
<contributor>
<username>Interguide</username>
<id>7297835</id>
</contributor>
</revision>
<categories>
<category>Web 2.0</category>
<category>Orphaned articles from December 2007</category>
<category>All orphaned articles</category>
</categories>
</header>
<bdy>
<p>

<table class="metadata plainlinks ambox ">
<row>
<col>

ambox-style" style=""</col>
</row>
<row>
<col class="mbox-image"><p>

<image width="44px" src="Wiki_letter_w.svg">
</image>
</p>
</col>
<col style="" class="mbox-text">
 <b>This article is  as few or no other articles <weblink xlink:type="simple" xlink:href="http://localhost:18088/wiki/index.php?title=Special:Whatlinkshere&amp;target=Online_video_guide&amp;namespace=0">
link to it</weblink>.</b>
Please help  in articles on <weblink xlink:type="simple" xlink:href="http://www.google.com/search?hl=en&amp;as_qdr=all&amp;q=+site%3Aen.wikipedia.org+%22Online+video+guide%22">
related topics</weblink>. <it>(December 2007)''</it></col>
</row>
</table>
</p>

<p>

<magazine wordnetid="106595351" confidence="0.9508927676800064">
<link xlink:type="simple" xlink:href="../834/188834.xml">
TV Guide</link></magazine>
’s new Online Video Guide is a web-based application that allows users to search and browse professional and high-quality independent videos online. TV Guide positions the Online Video Guide as the “next generation of guidance,” claiming that it will allow users to easily search and find network-produced TV show episodes and clips online, much as its TV Listings allow users to find shows on traditional television. </p>
<p>

Media Blogger <expert wordnetid="109617867" confidence="0.8">
<physical_entity wordnetid="100001930" confidence="0.8">
<person wordnetid="100007846" confidence="0.8">
<intellectual wordnetid="109621545" confidence="0.8">
<blogger wordnetid="109860415" confidence="0.8">
<authority wordnetid="109824361" confidence="0.8">
<communicator wordnetid="109610660" confidence="0.8">
<alumnus wordnetid="109786338" confidence="0.8">
<causal_agent wordnetid="100007347" confidence="0.8">
<writer wordnetid="110794014" confidence="0.8">
<evaluator wordnetid="110066732" confidence="0.8">
<journalist wordnetid="110224578" confidence="0.8">
<scholar wordnetid="110557854" confidence="0.8">
<critic wordnetid="109979321" confidence="0.8">
<link xlink:type="simple" xlink:href="../967/2735967.xml">
Jeff Jarvis</link></critic>
</scholar>
</journalist>
</evaluator>
</writer>
</causal_agent>
</alumnus>
</communicator>
</authority>
</blogger>
</intellectual>
</person>
</physical_entity>
</expert>
 reviewed the new guide in his blog (http://www.buzzmachine.com/2007/03/02/exploding-tv-guide/) and commented that:</p>
<p>

"It’s a damned complicated new dial TV Guide finds itself spinning. So I agree with their mission to find good TV, not all TV; we need a meritocracy of recommendations. I also understand their decision to go with the big guys. They want to serve a mass audience still (though the mass audience remains an illusion and some of the small TV shows being made by little guys are drawing audiences as large as those on big, old cable). They don’t want to provide a guide to flaming farts; the world doesn’t need that. And they don’t want to overwhelm people looking for TV online. So searching just the studios and networks gives them a more manageable world, safer and bigger."</p>

<sec>
<st>
 Technology </st>

<p>

The Online Video Guide is a free, Web-based application. It uses <link xlink:type="simple" xlink:href="../950/1610950.xml">
AJAX</link> to provide a user experience. The underlying infrastructure relies on <link xlink:type="simple" xlink:href="../402/60402.xml">
Microsoft.NET</link> and <link xlink:type="simple" xlink:href="../328/13473328.xml">
Sharepoint</link> technologies. </p>
<p>

No videos are hosted on TV Guide’s servers. A typical online video search result within the Online Video Guide returns a series of thumbnail video stills. On hover-over, details of the clip appear, and the user has the option to click-through to view the full video, which resides on the network’s Web site. </p>
<p>

Over fifty professional Web sites are scraped daily, including all major networks (NBC, ABC, CBS, FOX, etc), iTunes, and cable channels (USA Networks, Lifetime, Bravo, A&amp;E, etc).
videos are cool</p>

</sec>
<sec>
<st>
 Availability </st>

<p>

The Online Video Guide can be accessed via <weblink xlink:type="simple" xlink:href="http://video.tvguide.com">
Video.TVGuide.com</weblink></p>

</sec>
<sec>
<st>
See also</st>

<p>

<magazine wordnetid="106595351" confidence="0.9508927676800064">
<link xlink:type="simple" xlink:href="../834/188834.xml">
TV Guide</link></magazine>

<link xlink:type="simple" xlink:href="../858/989858.xml">
Internet Television</link></p>

</sec>
<sec>
<st>
References</st>

<p>

<weblink xlink:type="simple" xlink:href="http://www.cnn.com/2007/TECH/biztech/03/26/tvguide.video.search.ap/index.html">
CNN.com - TV Guide to launch Internet video search engine </weblink>
<weblink xlink:type="simple" xlink:href="http://www.msnbc.msn.com/id/17596108/">
MSN.com - The Video Search Gold Rush: Who Will be the TV Guide of the Internet? </weblink>
<weblink xlink:type="simple" xlink:href="http://www.buzzmachine.com/2007/03/02/exploding-tv-guide/">
BUZZ Machine - Exploding TV (Guide) </weblink>
<weblink xlink:type="simple" xlink:href="http://blogs.mediapost.com/search_insider/?p=500">
MediaPost - Playing Matchmaker for a Stingray </weblink>
<weblink xlink:type="simple" xlink:href="http://blogs.mediapost.com/search_insider/?p=501">
 MediaPost - When It Comes To Video, Do Consumers Want To Search Or Discover?  </weblink>
<weblink xlink:type="simple" xlink:href="http://www.cynopsis.com/content/view/2370/53/">
 Cynopisis Digital: Multiplatform Content News - TV Guide Online Video Guide Launches</weblink></p>

<ss1>
<st>
External links</st>
<p>

<list>
<entry level="1" type="bullet">

 <weblink xlink:type="simple" xlink:href="http://www.tvguide.com">
TVGuide.com</weblink></entry>
<entry level="1" type="bullet">

 <weblink xlink:type="simple" xlink:href="http://video.tvguide.com">
Online Video Guide</weblink></entry>
<entry level="1" type="bullet">

 <weblink xlink:type="simple" xlink:href="http://www.mylivetime.com">
mylivetime.com - Online Video Guide</weblink></entry>
</list>
</p>

</ss1>
</sec>
</bdy>
</article>
