<?xml version="1.0" encoding="UTF-8"?>
<!-- generated by CLiX/Wiki2XML [MPI-Inf, MMCI@UdS] $LastChangedRevision: 92 $ on 16.04.2009 18:06:18[mciao0828] -->
<!DOCTYPE article SYSTEM "../article.dtd">
<article xmlns:xlink="http://www.w3.org/1999/xlink">
<skilled_worker  confidence="0.8" wordnetid="110605985">
<physical_entity  confidence="0.8" wordnetid="100001930">
<politician  confidence="0.8" wordnetid="110451263">
<person  confidence="0.8" wordnetid="100007846">
<leader  confidence="0.8" wordnetid="109623038">
<worker  confidence="0.8" wordnetid="109632518">
<official  confidence="0.8" wordnetid="110372373">
<causal_agent  confidence="0.8" wordnetid="100007347">
<diplomat  confidence="0.8" wordnetid="110013927">
<header>
<title>Benon Sevan</title>
<id>1065194</id>
<revision>
<id>243419857</id>
<timestamp>2008-10-06T13:07:03Z</timestamp>
<contributor>
<username>Lightbot</username>
<id>7178666</id>
</contributor>
</revision>
<categories>
<category>Cypriot diplomats</category>
<category>1937 births</category>
<category>United Nations officials</category>
<category>People from Nicosia</category>
<category>Living people</category>
<category>United Nations Oil-for-Food scandal</category>
<category>Cypriot politicians</category>
<category>Cypriot Armenians</category>
</categories>
</header>
<bdy>

<b>Benon Vahe Sevan</b> (born <link xlink:type="simple" xlink:href="../334/8334.xml">
December 18</link>, <link xlink:type="simple" xlink:href="../684/34684.xml">
1937</link> <village wordnetid="108672738" confidence="0.9508927676800064">
<link xlink:type="simple" xlink:href="../064/57064.xml">
Nicosia</link></village>
, <body wordnetid="107965085" confidence="0.8">
<system wordnetid="108435388" confidence="0.8">
<social_group wordnetid="107950920" confidence="0.8">
<political_orientation wordnetid="106212839" confidence="0.8">
<colony wordnetid="108374049" confidence="0.8">
<economy wordnetid="108366753" confidence="0.8">
<group wordnetid="100031264" confidence="0.8">
<democracy wordnetid="106217103" confidence="0.8">
<link xlink:type="simple" xlink:href="../593/5593.xml">
Cyprus</link></democracy>
</group>
</economy>
</colony>
</political_orientation>
</social_group>
</system>
</body>
) was the head of the <link xlink:type="simple" xlink:href="../769/31769.xml">
United Nations</link>' <document wordnetid="106470073" confidence="0.8">
<mandate wordnetid="106556481" confidence="0.8">
<legal_document wordnetid="106479665" confidence="0.8">
<written_communication wordnetid="106349220" confidence="0.8">
<writing wordnetid="106362953" confidence="0.8">
<link xlink:type="simple" xlink:href="../508/202508.xml">
Oil-for-Food Programme</link></writing>
</written_communication>
</legal_document>
</mandate>
</document>
, established in 1996 and charged with preventing <country wordnetid="108544813" confidence="0.9508927676800064">
<link xlink:type="simple" xlink:href="../928/7515928.xml">
Iraq</link></country>
's government from using the proceeds from oil exports for anything but food, medicine and other items to benefit the civilian population.<p>

Born into an <ethnic_group wordnetid="107967382" confidence="0.9508927676800064">
<link xlink:type="simple" xlink:href="../816/387816.xml">
Armenian</link></ethnic_group>
 family in Cyprus, Sevan was educated at the prestigious <school wordnetid="108276720" confidence="0.9508927676800064">
<link xlink:type="simple" xlink:href="../246/3126246.xml">
Melkonian Educational Institute</link></school>
 in Nicosia. He obtained a BA in History and Philosophy at Columbia College, <region wordnetid="108630985" confidence="0.8">
<administrative_district wordnetid="108491826" confidence="0.8">
<location wordnetid="100027167" confidence="0.8">
<district wordnetid="108552138" confidence="0.8">
<country wordnetid="108544813" confidence="0.8">
<link xlink:type="simple" xlink:href="../131/8210131.xml">
New York</link></country>
</district>
</location>
</administrative_district>
</region>
, and a further degree from the School of International and Public Affairs at <university wordnetid="108286163" confidence="0.9508927676800064">
<ranking wordnetid="114429484" confidence="0.9508927676800064">
<link xlink:type="simple" xlink:href="../310/6310.xml">
Columbia University</link></ranking>
</university>
.</p>
<p>

He joined the United Nations in 1965 and worked, among other places, for a U.N.-administered plebiscite in <region wordnetid="108630985" confidence="0.8">
<location wordnetid="100027167" confidence="0.8">
<district wordnetid="108552138" confidence="0.8">
<link xlink:type="simple" xlink:href="../822/1432822.xml">
West Irian</link></district>
</location>
</region>
, as well as on issues related to prisoners of war in the Iran-Iraq conflict. From 1982 to March 1988 Sevan was Secretary of the UN Economic and Social Council. In April 1988 he was appointed director and senior political advisor to the Secretary-General's representative on the Afghan conflict. In January 1991 the Secretary-General appointed him to head the Office coordinating humanitarian aid to Afghanistan. In July 1992 he was named Assistant Secretary-General in the UN Department of Political Affairs.</p>
<p>

But Sevan came to world attention as investigations began into the Oil-for-Food Programme. Sevan reportedly accepted bribes from Saddam Hussein in the form of <link>
oil voucher</link>s, and allowed Saddam to garner $11 billion for military and other uses which violated the UN sanctions against his regime, even as Sevan tried to persuade the <link xlink:type="simple" xlink:href="../956/31956.xml">
United Nations Security Council</link> to make concessions to the Iraqi regime. In August, 2003, he was wounded in the <link xlink:type="simple" xlink:href="../872/299872.xml">
Canal Hotel Bombing</link></p>
<p>

On <link xlink:type="simple" xlink:href="../063/11063.xml">
7 February</link> <link xlink:type="simple" xlink:href="../984/35984.xml">
2005</link>, <link xlink:type="simple" xlink:href="../415/162415.xml">
United Nations Secretary-General</link> <person wordnetid="100007846" confidence="0.9508927676800064">
<link xlink:type="simple" xlink:href="../844/16844.xml">
Kofi Annan</link></person>
 suspended Sevan and another UN official with pay ($1 per year plus benefits, including diplomatic immunity from prosecution) because of their roles in the fraud. On <link xlink:type="simple" xlink:href="../333/1333.xml">
8 August</link> <link xlink:type="simple" xlink:href="../984/35984.xml">
2005</link>, a UN-appointed panel, led by <president wordnetid="110468559" confidence="0.9508927676800064">
<link xlink:type="simple" xlink:href="../213/399213.xml">
Paul Volcker</link></president>
, published a <weblink xlink:type="simple" xlink:href="http://www.iic-offp.org/documents/Third%20Interim%20Report.pdf">
report</weblink> on its investigation into the scandal. In the report the panel concluded that Sevan had accepted bribes from the former Iraqi regime and recommended that his UN immunity be lifted, to allow for a criminal investigation <weblink xlink:type="simple" xlink:href="http://news.bbc.co.uk/2/hi/middle_east/4131602.stm">
http://news.bbc.co.uk/2/hi/middle_east/4131602.stm</weblink>. Sevan had resigned from the UN on <link xlink:type="simple" xlink:href="../332/1332.xml">
7 August</link> <link xlink:type="simple" xlink:href="../984/35984.xml">
2005</link>, just one day before the report was due to be published.</p>
<p>

In October 2005 it was reported he had fled the US and returned to his native Cyprus. The extradition treaty between the US and Cyprus does not require Cyprus to send Sevan to the US. <weblink xlink:type="simple" xlink:href="http://www.internationalextradition.com/cyprus_bi.htm">
http://www.internationalextradition.com/cyprus_bi.htm</weblink></p>
<p>

Sevan is married with one daughter.</p>

<sec>
<st>
 External links </st>
<p>

<list>
<entry level="1" type="bullet">

 <weblink xlink:type="simple" xlink:href="http://news.bbc.co.uk/2/hi/business/4015907.stm">
BBC: The scam could have topped 21 billion dollars</weblink></entry>
<entry level="1" type="bullet">

 <weblink xlink:type="simple" xlink:href="http://www.washtimes.com/op-ed/20041012-084750-1427r.htm">
http://www.washtimes.com/op-ed/20041012-084750-1427r.htm</weblink></entry>
<entry level="1" type="bullet">

 <weblink xlink:type="simple" xlink:href="http://www.iht.com/articles/2005/09/12/news/edsevan.php">
 Oil-for-food: Far from a failure</weblink> by Benon Sevan</entry>
</list>
</p>


</sec>
</bdy>
</diplomat>
</causal_agent>
</official>
</worker>
</leader>
</person>
</politician>
</physical_entity>
</skilled_worker>
</article>
