<?xml version="1.0" encoding="UTF-8"?>
<!-- generated by CLiX/Wiki2XML [MPI-Inf, MMCI@UdS] $LastChangedRevision: 92 $ on 17.04.2009 00:27:55[mciao0827] -->
<!DOCTYPE article SYSTEM "../article.dtd">
<article xmlns:xlink="http://www.w3.org/1999/xlink">
<creation  confidence="0.8" wordnetid="103129123">
<cabaret  confidence="0.8" wordnetid="102931417">
<structure  confidence="0.8" wordnetid="104341686">
<building  confidence="0.8" wordnetid="102913152">
<artifact  confidence="0.8" wordnetid="100021939">
<place_of_business  confidence="0.8" wordnetid="103953020">
<establishment  confidence="0.8" wordnetid="103297735">
<club  confidence="0.9511911446218017" wordnetid="108227214">
<art  confidence="0.8" wordnetid="102743547">
<spot  confidence="0.8" wordnetid="104286128">
<header>
<title>Soho House (club)</title>
<id>10657335</id>
<revision>
<id>235400237</id>
<timestamp>2008-08-31T16:34:22Z</timestamp>
<contributor>
<username>Sgeureka</username>
<id>2943446</id>
</contributor>
</revision>
<categories>
<category>Arts in the United Kingdom</category>
<category>Nightclubs in London</category>
<category>Clubs and societies in England</category>
<category>Private clubs</category>
<category>Buildings and structures in Westminster</category>
</categories>
</header>
<bdy>

<b>Soho House</b> is a well-known private arts and media club in Greek Street, <site wordnetid="108651247" confidence="0.9508927676800064">
<link xlink:type="simple" xlink:href="../616/39616.xml">
Soho</link></site>
, <village wordnetid="108672738" confidence="0.9508927676800064">
<link xlink:type="simple" xlink:href="../867/17867.xml">
London</link></village>
, <country wordnetid="108544813" confidence="0.9508927676800064">
<link xlink:type="simple" xlink:href="../316/9316.xml">
England</link></country>
 . The club has branches in <site wordnetid="108651247" confidence="0.9508927676800064">
<link xlink:type="simple" xlink:href="../200/94200.xml">
Notting Hill</link></site>
, and in Manhattan’s <link xlink:type="simple" xlink:href="../658/1720658.xml">
Meatpacking District</link>.  Membership is run by <link>
Sophie Siegle</link> in <village wordnetid="108672738" confidence="0.9508927676800064">
<link xlink:type="simple" xlink:href="../867/17867.xml">
London</link></village>
 and <link>
Kenneth Sullivan</link> in <region wordnetid="108630985" confidence="0.8">
<administrative_district wordnetid="108491826" confidence="0.8">
<location wordnetid="100027167" confidence="0.8">
<district wordnetid="108552138" confidence="0.8">
<country wordnetid="108544813" confidence="0.8">
<link xlink:type="simple" xlink:href="../131/8210131.xml">
New York</link></country>
</district>
</location>
</administrative_district>
</region>
, respectfully.<p>

According to <newspaper wordnetid="106267145" confidence="0.9508927676800064">
<link xlink:type="simple" xlink:href="../463/208463.xml">
USA Today</link></newspaper>
 the club is "so hip that it even makes it into the August 24 episode of trend arbiter <link xlink:type="simple" xlink:href="../842/82842.xml">
Sex and the City</link> — this time, sexpot Samantha Jones (<person wordnetid="100007846" confidence="0.9508927676800064">
<actor wordnetid="109765278" confidence="0.9508927676800064">
<link xlink:type="simple" xlink:href="../443/275443.xml">
Kim Cattrall</link></actor>
</person>
) wants to join the hipster hangout, of which guest-star <songwriter wordnetid="110624540" confidence="0.9173553029164789">
<singer wordnetid="110599806" confidence="0.9173553029164789">
<philanthropist wordnetid="110421956" confidence="0.9173553029164789">
<actor wordnetid="109765278" confidence="0.9173553029164789">
<artist wordnetid="109812338" confidence="0.9508927676800064">
<writer wordnetid="110794014" confidence="0.9173553029164789">
<link xlink:type="simple" xlink:href="../620/256620.xml">
Geri Halliwell</link></writer>
</artist>
</actor>
</philanthropist>
</singer>
</songwriter>
 already is a member."<weblink xlink:type="simple" xlink:href="http://www.usatoday.com/life/2003-08-06-soho_x.htm">
http://www.usatoday.com/life/2003-08-06-soho_x.htm</weblink></p>
<p>

In England, membership is difficult to obtain and its members are mostly drawn from the media, arts and fashion industries. This extends to New York where the club is notorious for excluding members of the finance industry.</p>
<p>

Future locations include <country wordnetid="108544813" confidence="0.9508927676800064">
<link xlink:type="simple" xlink:href="../867/11867.xml">
Germany</link></country>
, <link xlink:type="simple" xlink:href="../702/107702.xml">
West Hollywood</link>, <village wordnetid="108672738" confidence="0.9508927676800064">
<link xlink:type="simple" xlink:href="../886/6886.xml">
Chicago</link></village>
, and <link xlink:type="simple" xlink:href="../846/53846.xml">
Miami</link>.</p>

<sec>
<st>
External links</st>
<p>

<list>
<entry level="1" type="bullet">

 <weblink xlink:type="simple" xlink:href="http://www.sohohouse.com">
Main Website</weblink></entry>
<entry level="1" type="bullet">

 <weblink xlink:type="simple" xlink:href="http://www.sohohouseny.com">
NY WEbsite</weblink></entry>
<entry level="1" type="bullet">

 <weblink xlink:type="simple" xlink:href="http://www.npr.org/templates/story/story.php?storyId=1748236">
Countess of Culture: Getting the VIP Treatment</weblink> - <network wordnetid="108434259" confidence="0.9508927676800064">
<link xlink:type="simple" xlink:href="../098/44098.xml">
NPR</link></network>
, 5 March 2004.</entry>
</list>
</p>

</sec>
</bdy>
</spot>
</art>
</club>
</establishment>
</place_of_business>
</artifact>
</building>
</structure>
</cabaret>
</creation>
</article>
