<?xml version="1.0" encoding="UTF-8"?>
<!-- generated by CLiX/Wiki2XML [MPI-Inf, MMCI@UdS] $LastChangedRevision: 92 $ on 16.04.2009 18:05:12[mciao0826] -->
<!DOCTYPE article SYSTEM "../article.dtd">
<article xmlns:xlink="http://www.w3.org/1999/xlink">
<hunter  confidence="0.9511911446218017" wordnetid="110193026">
<person  confidence="0.9508927676800064" wordnetid="100007846">
<republican  confidence="0.9511911446218017" wordnetid="110522495">
<entity  confidence="0.9511911446218017" wordnetid="100001740">
<actor  confidence="0.9508927676800064" wordnetid="109765278">
<header>
<title>Gerald McRaney</title>
<id>1068518</id>
<revision>
<id>243683853</id>
<timestamp>2008-10-07T16:36:41Z</timestamp>
<contributor>
<username>The Epopt</username>
<id>30</id>
</contributor>
</revision>
<categories>
<category>Scottish-Americans</category>
<category>American film actors</category>
<category>People from Mississippi</category>
<category>Mississippi actors</category>
<category>American television actors</category>
<category>Living people</category>
<category>1947 births</category>
<category>People from California</category>
<category>American hunters</category>
<category>California Republicans</category>
</categories>
</header>
<bdy>
<template>
<name>Infobox actor</name>
<parameters>

<image width="150px" src="Gerald_McRaney.jpg">
<caption>

Gerald McRaney.jpg
</caption>
</image>
<birthplace>
<village wordnetid="108672738" confidence="0.9508927676800064">
<link xlink:type="simple" xlink:href="../260/122260.xml">
Collins, Mississippi</link></village>
</birthplace>
<spouse>
<person wordnetid="100007846" confidence="0.9508927676800064">
<actress wordnetid="109767700" confidence="0.9173553029164789">
<actor wordnetid="109765278" confidence="0.9508927676800064">
<link xlink:type="simple" xlink:href="../130/653130.xml">
Delta Burke</link></actor>
</actress>
</person>
  (1989 - present)Pat Moran  (1981 - ?) (divorced) 1 childBeverly Root  (1967 - 1971) (divorced) 2 children</spouse>
<name>
Gerald McRaney</name>
<birthdate>
August 19, 1947 (1947-08-19) (age&nbsp;61)</birthdate>
<birthname>
Gerald Lee McRaney</birthname>
</parameters>
</template>



<p>

<b>Gerald Lee "Mac" McRaney</b> (born <link xlink:type="simple" xlink:href="../497/1497.xml">
August 19</link>, <link xlink:type="simple" xlink:href="../584/34584.xml">
1947</link>) is an <link xlink:type="simple" xlink:href="../750/3434750.xml">
American</link> <link xlink:type="simple" xlink:href="../831/29831.xml">
television</link> and <link xlink:type="simple" xlink:href="../571/10571.xml">
movie</link> <link xlink:type="simple" xlink:href="../753/753.xml">
actor</link>.</p>

<sec>
<st>
Biography</st>

<ss1>
<st>
Early life</st>
<p>

McRaney (pronounced mack rainey) was born in <village wordnetid="108672738" confidence="0.9508927676800064">
<link xlink:type="simple" xlink:href="../260/122260.xml">
Collins, Mississippi</link></village>
, of <country wordnetid="108544813" confidence="0.9508927676800064">
<link xlink:type="simple" xlink:href="../994/26994.xml">
Scottish</link></country>
 and <ethnic_group wordnetid="107967382" confidence="0.9508927676800064">
<link xlink:type="simple" xlink:href="../222/7222.xml">
Choctaw</link></ethnic_group>
 Indian ancestry. Before hitting it big as an actor, McRaney worked in the Louisiana oil fields.  He also starred in 1969's <it>Night of Bloody Horror</it>, a low-budget slasher film in which he played the lead character Wesley Stuart. Wesley goes out on a killing spree while experiencing the nightmares of his brother, who was murdered 13 years prior.</p>

</ss1>
<ss1>
<st>
Career</st>
<p>

He holds the distinction of being the last guest star to meet <fictional_character wordnetid="109587565" confidence="0.8">
<imaginary_being wordnetid="109483738" confidence="0.8">
<link xlink:type="simple" xlink:href="../667/2103667.xml">
Marshal Matt Dillon</link></imaginary_being>
</fictional_character>
 in a gunfight on <it><series wordnetid="108457976" confidence="0.9508927676800064">
<link xlink:type="simple" xlink:href="../220/174220.xml">
Gunsmoke</link></series>
</it> (1955), in the episode "Hard Labor," which was first broadcast on <link xlink:type="simple" xlink:href="../007/11007.xml">
February 24</link>, <link xlink:type="simple" xlink:href="../752/34752.xml">
1975</link> (he lost). He also played a deranged police chief in an episode of <it><link xlink:type="simple" xlink:href="../407/1140407.xml">
The Incredible Hulk</link></it>, as a Receptionist in two different episodes of <it><series wordnetid="108457976" confidence="0.9508927676800064">
<link xlink:type="simple" xlink:href="../362/288362.xml">
The Rockford Files</link></series>
</it> as well as a <link xlink:type="simple" xlink:href="../034/14034.xml">
heroin</link>-addicted <conflict wordnetid="100958896" confidence="0.9508927676800064">
<link xlink:type="simple" xlink:href="../611/32611.xml">
Vietnam</link></conflict>
 veteran in one episode of <it><link xlink:type="simple" xlink:href="../690/39690.xml">
Hawaii 5-0</link></it>. McRaney is perhaps best known as one of the stars of the 1980s television show <it><series wordnetid="108457976" confidence="0.9508927676800064">
<link xlink:type="simple" xlink:href="../722/1783722.xml">
Simon &amp; Simon</link></series>
</it>. A veteran actor of television, he is also known for starring roles on <it><series wordnetid="108457976" confidence="0.9508927676800064">
<link xlink:type="simple" xlink:href="../166/1444166.xml">
Major Dad</link></series>
</it> and <it><series wordnetid="108457976" confidence="0.9508927676800064">
<link xlink:type="simple" xlink:href="../889/779889.xml">
Promised Land</link></series>
</it>, and a recurring role on <it><series wordnetid="108457976" confidence="0.9508927676800064">
<link xlink:type="simple" xlink:href="../225/180225.xml">
Designing Women</link></series>
</it>. He played a prominent role in the second and third seasons of <link xlink:type="simple" xlink:href="../530/4765530.xml">
HBO</link> television series <it><series wordnetid="108457976" confidence="0.9508927676800064">
<link xlink:type="simple" xlink:href="../893/762893.xml">
Deadwood</link></series>
</it>, as famed gold prospector <person wordnetid="100007846" confidence="0.9508927676800064">
<link xlink:type="simple" xlink:href="../849/875849.xml">
George Hearst</link></person>
. McRaney had a starring role in the <network wordnetid="108434259" confidence="0.9508927676800064">
<link xlink:type="simple" xlink:href="../653/37653.xml">
CBS</link></network>
 post-apocalyptic series <it><series wordnetid="108457976" confidence="0.9508927676800064">
<link xlink:type="simple" xlink:href="../229/5478229.xml">
Jericho</link></series>
</it> as Mayor Green. In addition, he has acted in many television films such as <it>Not Our Son</it> (1995), <it>Going for Broke</it> (2003), as General <link xlink:type="simple" xlink:href="../090/42090.xml">
George S. Patton</link> in  (2004), and appeared as Dan's father in season two of <it><series wordnetid="108457976" confidence="0.9508927676800064">
<link xlink:type="simple" xlink:href="../957/999957.xml">
One Tree Hill</link></series>
</it>.</p>
<p>

In 1999 he starred in the film <it><movie wordnetid="106613686" confidence="0.9508927676800064">
<link xlink:type="simple" xlink:href="../850/9883850.xml">
A Holiday Romance</link></movie>
</it> as Cal Peterson.</p>

</ss1>
<ss1>
<st>
Personal life</st>
<p>

He married actress <person wordnetid="100007846" confidence="0.9508927676800064">
<actress wordnetid="109767700" confidence="0.9173553029164789">
<actor wordnetid="109765278" confidence="0.9508927676800064">
<link xlink:type="simple" xlink:href="../130/653130.xml">
Delta Burke</link></actor>
</actress>
</person>
 (whom he met during a guest appearance on Burke's sitcom <it><series wordnetid="108457976" confidence="0.9508927676800064">
<link xlink:type="simple" xlink:href="../225/180225.xml">
Designing Women</link></series>
</it>) on <link xlink:type="simple" xlink:href="../672/19672.xml">
May 28</link>, <link xlink:type="simple" xlink:href="../847/34847.xml">
1989</link>. She is his third wife. (They met earlier, 1987 on an episode of Simon and Simon)
Although he is not a veteran himself, McRaney has always been very supportive of veterans. He made many visits to support the soldiers in <conflict wordnetid="100958896" confidence="0.9508927676800064">
<link xlink:type="simple" xlink:href="../000/182000.xml">
Operation Desert Storm</link></conflict>
. He personally delivered a message that blessed the troops on winning the war. During one <link xlink:type="simple" xlink:href="../307/188307.xml">
USO</link>-sponsored trip, McRaney visited the sailors and Marines on board ships ported in <region wordnetid="108630985" confidence="0.8">
<administrative_district wordnetid="108491826" confidence="0.8">
<location wordnetid="100027167" confidence="0.8">
<commune wordnetid="108541609" confidence="0.8">
<district wordnetid="108552138" confidence="0.8">
<link xlink:type="simple" xlink:href="../992/50992.xml">
Toulon</link></district>
</commune>
</location>
</administrative_district>
</region>
, <country wordnetid="108544813" confidence="0.9508927676800064">
<link xlink:type="simple" xlink:href="../419/5843419.xml">
France</link></country>
 on <link xlink:type="simple" xlink:href="../452/8948452.xml">
Thanksgiving</link> of 1993. He signed autographs for the men on board the ships. While on board the <career wordnetid="100583246" confidence="0.9508927676800064">
<image wordnetid="105928118" confidence="0.9508927676800064">
<feature wordnetid="105849789" confidence="0.9508927676800064">
<link xlink:type="simple" xlink:href="../002/1504002.xml">
USS <it>Ashland''</it></link></feature>
</image>
</career>
, he even autographed one sailor's cowboy hat. </p>
<p>

Politically he is a <link xlink:type="simple" xlink:href="../675/6675.xml">
conservative</link> <link xlink:type="simple" xlink:href="../070/32070.xml">
Republican</link>.<ref xlink:type="simple" xlink:href="#xpointer(//reflist/entry[@id=%221%22])">1</ref>  He is a member of the <organization wordnetid="108008335" confidence="0.9508927676800064">
<link xlink:type="simple" xlink:href="../101/70101.xml">
National Rifle Association</link></organization>
 (NRA) In September 2004, McRaney was treated, apparently completely successfully, surgically for <link xlink:type="simple" xlink:href="../450/18450.xml">
lung cancer</link> in <village wordnetid="108672738" confidence="0.9508927676800064">
<link xlink:type="simple" xlink:href="../774/13774.xml">
Houston, Texas</link></village>
.</p>

</ss1>
</sec>
<sec>
<st>
External links</st>
<p>

<list>
<entry level="1" type="bullet">

<weblink xlink:type="simple" xlink:href="http://www.cbs.com/primetime/jericho/bio.php#gerald">
Gerald McRaney Bio at CBS - Jericho</weblink></entry>
<entry level="1" type="bullet">

<weblink xlink:type="simple" xlink:href="http://www.imdb.com/name/nm0574468/">
Gerald McRaney</weblink> at the <web_site wordnetid="106359193" confidence="0.9508927676800064">
<link xlink:type="simple" xlink:href="../554/2855554.xml">
Internet Movie Database</link></web_site>
</entry>
</list>
</p>

</sec>
<sec>
<st>
References</st>
<p>

<reflist>
<entry id="1">
<weblink xlink:type="simple" xlink:href="http://tv.yahoo.com/gerald-mcraney/contributor/711581/bio">
Gerald McRaney - Yahoo! TV</weblink></entry>
</reflist>
</p>


<p>

<table id="persondata" class="persondata">
<header colspan="2">
 </header>
<row>
<col class="persondata-label">
NAME</col>
<col>
McRaney, Gerald</col>
</row>
<row>
<col class="persondata-label">
ALTERNATIVE NAMES</col>

</row>
<row>
<col class="persondata-label">
SHORT DESCRIPTION</col>
<col>
actor</col>
</row>
<row>
<col class="persondata-label">
DATE OF BIRTH</col>
<col>
 <link xlink:type="simple" xlink:href="../497/1497.xml">
August 19</link>, <link xlink:type="simple" xlink:href="../584/34584.xml">
1947</link></col>
</row>
<row>
<col class="persondata-label">
PLACE OF BIRTH</col>
<col>
 <village wordnetid="108672738" confidence="0.9508927676800064">
<link xlink:type="simple" xlink:href="../260/122260.xml">
Collins, Mississippi</link></village>
</col>
</row>
<row>
<col class="persondata-label">
DATE OF DEATH</col>

</row>
<row>
<col class="persondata-label">
PLACE OF DEATH</col>

</row>
</table>
</p>


</sec>
</bdy>
</actor>
</entity>
</republican>
</person>
</hunter>
</article>
