<?xml version="1.0" encoding="UTF-8"?>
<!-- generated by CLiX/Wiki2XML [MPI-Inf, MMCI@UdS] $LastChangedRevision: 92 $ on 17.04.2009 00:24:36[mciao0826] -->
<!DOCTYPE article SYSTEM "../article.dtd">
<article xmlns:xlink="http://www.w3.org/1999/xlink">
<header>
<title>Department of Health and Social Security (Isle of Man)</title>
<id>10685390</id>
<revision>
<id>214492541</id>
<timestamp>2008-05-23T20:23:08Z</timestamp>
<contributor>
<username>Mauls</username>
<id>492987</id>
</contributor>
</revision>
<categories>
<category>Government of the Isle of Man</category>
</categories>
</header>
<bdy>
<p>

The <b>Department of Health and Social Security</b> (<language wordnetid="106282651" confidence="0.9508927676800064">
<link xlink:type="simple" xlink:href="../143/20143.xml">
Manx</link></language>
: <it>Rheynn Slaynt as Shickyrys Y Theay</it>) or <b>DHSS</b> provides <link xlink:type="simple" xlink:href="../925/261925.xml">
healthcare</link> (<link xlink:type="simple" xlink:href="../221/18994221.xml">
hospital</link>s, <link xlink:type="simple" xlink:href="../315/23315.xml">
doctor</link>s, <link xlink:type="simple" xlink:href="../005/8005.xml">
dentistry</link>, <link xlink:type="simple" xlink:href="../317/146317.xml">
ambulance</link> service), <link xlink:type="simple" xlink:href="../717/146717.xml">
social services</link> (<link xlink:type="simple" xlink:href="../505/990505.xml">
mental health</link>, <link xlink:type="simple" xlink:href="../717/146717.xml">
social worker</link>s, and <link xlink:type="simple" xlink:href="../367/3680367.xml">
residential care</link>), and <link xlink:type="simple" xlink:href="../691/27691.xml">
social security</link> (state <link xlink:type="simple" xlink:href="../613/43613.xml">
pension</link>s, <link xlink:type="simple" xlink:href="../433/378433.xml">
child benefit</link>, <link xlink:type="simple" xlink:href="../636/7102636.xml">
sickness benefit</link>, and <link xlink:type="simple" xlink:href="../790/771790.xml">
Jobseeker's Allowance</link>).</p>
<p>

The DHSS is the largest employer on the <work wordnetid="100575741" confidence="0.8">
<census wordnetid="100653388" confidence="0.8">
<body wordnetid="107965085" confidence="0.8">
<social_group wordnetid="107950920" confidence="0.8">
<count wordnetid="100634586" confidence="0.8">
<event wordnetid="100029378" confidence="0.8">
<colony wordnetid="108374049" confidence="0.8">
<investigation wordnetid="100633864" confidence="0.8">
<group wordnetid="100031264" confidence="0.8">
<act wordnetid="100030358" confidence="0.8">
<psychological_feature wordnetid="100023100" confidence="0.8">
<activity wordnetid="100407535" confidence="0.8">
<link xlink:type="simple" xlink:href="../727/14727.xml">
Isle of Man</link></activity>
</psychological_feature>
</act>
</group>
</investigation>
</colony>
</event>
</count>
</social_group>
</body>
</census>
</work>
, with over 3000 members of staff.</p>
<p>

The Minister of Health and Social Security is <physical_entity wordnetid="100001930" confidence="0.8">
<politician wordnetid="110451263" confidence="0.8">
<person wordnetid="100007846" confidence="0.8">
<leader wordnetid="109623038" confidence="0.8">
<causal_agent wordnetid="100007347" confidence="0.8">
<link xlink:type="simple" xlink:href="../476/5380476.xml">
Eddie Teare</link></causal_agent>
</leader>
</person>
</politician>
</physical_entity>
 <link xlink:type="simple" xlink:href="../904/3909904.xml">
MHK</link>.</p>
<p>

The <link>
political member</link>s of the department are:
<list>
<entry level="1" type="bullet">

<physical_entity wordnetid="100001930" confidence="0.8">
<politician wordnetid="110451263" confidence="0.8">
<person wordnetid="100007846" confidence="0.8">
<leader wordnetid="109623038" confidence="0.8">
<causal_agent wordnetid="100007347" confidence="0.8">
<link xlink:type="simple" xlink:href="../200/4183200.xml">
Pamela Crowe</link></causal_agent>
</leader>
</person>
</politician>
</physical_entity>
 <link xlink:type="simple" xlink:href="../374/2239374.xml">
MLC</link> (Health)</entry>
<entry level="1" type="bullet">

<physical_entity wordnetid="100001930" confidence="0.8">
<politician wordnetid="110451263" confidence="0.8">
<person wordnetid="100007846" confidence="0.8">
<leader wordnetid="109623038" confidence="0.8">
<causal_agent wordnetid="100007347" confidence="0.8">
<link xlink:type="simple" xlink:href="../241/8890241.xml">
Juan Watterson</link></causal_agent>
</leader>
</person>
</politician>
</physical_entity>
 MHK (Social Security)</entry>
<entry level="1" type="bullet">

<skilled_worker wordnetid="110605985" confidence="0.8">
<physical_entity wordnetid="100001930" confidence="0.8">
<politician wordnetid="110451263" confidence="0.8">
<person wordnetid="100007846" confidence="0.8">
<leader wordnetid="109623038" confidence="0.8">
<worker wordnetid="109632518" confidence="0.8">
<causal_agent wordnetid="100007347" confidence="0.8">
<serviceman wordnetid="110582746" confidence="0.8">
<military_officer wordnetid="110317007" confidence="0.8">
<link xlink:type="simple" xlink:href="../444/3989444.xml">
Dudley Butt</link></military_officer>
</serviceman>
</causal_agent>
</worker>
</leader>
</person>
</politician>
</physical_entity>
</skilled_worker>
 MLC (Social Services)</entry>
</list>
</p>

<sec>
<st>
History</st>
<p>

The department was formed by the merger of the Health Services Board and the Board of Social Security in 1986.</p>

</sec>
<sec>
<st>
Ministers of Health and Social Security</st>
<p>

<list>
<entry level="1" type="bullet">

<physical_entity wordnetid="100001930" confidence="0.8">
<politician wordnetid="110451263" confidence="0.8">
<person wordnetid="100007846" confidence="0.8">
<leader wordnetid="109623038" confidence="0.8">
<causal_agent wordnetid="100007347" confidence="0.8">
<scientist wordnetid="110560637" confidence="0.8">
<chemist wordnetid="109913824" confidence="0.8">
<link xlink:type="simple" xlink:href="../326/3968326.xml">
Steve Rodan</link></chemist>
</scientist>
</causal_agent>
</leader>
</person>
</politician>
</physical_entity>
 MHK, 2004-2006</entry>
<entry level="1" type="bullet">

<physical_entity wordnetid="100001930" confidence="0.8">
<politician wordnetid="110451263" confidence="0.8">
<person wordnetid="100007846" confidence="0.8">
<leader wordnetid="109623038" confidence="0.8">
<causal_agent wordnetid="100007347" confidence="0.8">
<link xlink:type="simple" xlink:href="../643/4448643.xml">
Clare Christian</link></causal_agent>
</leader>
</person>
</politician>
</physical_entity>
 MLC, 1996-2004</entry>
<entry level="1" type="bullet">

<link>
Bernie May</link> MHK, 1991-1996</entry>
<entry level="1" type="bullet">

<link xlink:type="simple" xlink:href="../342/5091342.xml">
Jim Cain</link> MHK, 1989-1991</entry>
<entry level="1" type="bullet">

<physical_entity wordnetid="100001930" confidence="0.8">
<politician wordnetid="110451263" confidence="0.8">
<person wordnetid="100007846" confidence="0.8">
<leader wordnetid="109623038" confidence="0.8">
<causal_agent wordnetid="100007347" confidence="0.8">
<link xlink:type="simple" xlink:href="../593/3946593.xml">
Tony Brown</link></causal_agent>
</leader>
</person>
</politician>
</physical_entity>
 MHK, 1986-1989</entry>
</list>
</p>

<ss1>
<st>
Chairmen of the Health Services Board</st>
<p>

<list>
<entry level="1" type="bullet">

<physical_entity wordnetid="100001930" confidence="0.8">
<politician wordnetid="110451263" confidence="0.8">
<person wordnetid="100007846" confidence="0.8">
<leader wordnetid="109623038" confidence="0.8">
<causal_agent wordnetid="100007347" confidence="0.8">
<link xlink:type="simple" xlink:href="../365/17329365.xml">
Arnold Callin</link></causal_agent>
</leader>
</person>
</politician>
</physical_entity>
, 1981-1986</entry>
<entry level="1" type="bullet">

<politician wordnetid="110451263" confidence="0.9173553029164789">
<person wordnetid="100007846" confidence="0.9173553029164789">
<link xlink:type="simple" xlink:href="../699/3956699.xml">
Sir Charles Kerruish SHK</link></person>
</politician>
, 1954-?</entry>
</list>
</p>

</ss1>
</sec>
<sec>
<st>
External links</st>
<p>

<list>
<entry level="1" type="bullet">

 http://www.gov.im/dhss/</entry>
</list>
</p>


</sec>
</bdy>
</article>
