<?xml version="1.0" encoding="UTF-8"?>
<!-- generated by CLiX/Wiki2XML [MPI-Inf, MMCI@UdS] $LastChangedRevision: 92 $ on 17.04.2009 00:16:25[mciao0828] -->
<!DOCTYPE article SYSTEM "../article.dtd">
<article xmlns:xlink="http://www.w3.org/1999/xlink">
<movie  confidence="0.9508927676800064" wordnetid="106613686">
<header>
<title>Blood on Wolf Mountain</title>
<id>10690185</id>
<revision>
<id>233115001</id>
<timestamp>2008-08-20T14:10:07Z</timestamp>
<contributor>
<username>Tryptofeng</username>
<id>394678</id>
</contributor>
</revision>
<categories>
<category>1936 films</category>
<category>Chinese films</category>
<category>Mandarin-language films</category>
<category>Black and white films</category>
<category>Films directed by Fei Mu</category>
</categories>
</header>
<bdy>
<template>
<name>Infobox Chinese Film</name>
<parameters>

<image width="150px" src="">
<caption>

DVD Cover
</caption>
</image>
<runtime>
70 min</runtime>
<director>
<film_director wordnetid="110088200" confidence="0.9173553029164789">
<person wordnetid="100007846" confidence="0.9508927676800064">
<screenwriter wordnetid="110564400" confidence="0.9173553029164789">
<film_maker wordnetid="110088390" confidence="0.9173553029164789">
<link xlink:type="simple" xlink:href="../120/4133120.xml">
Fei Mu</link></film_maker>
</screenwriter>
</person>
</film_director>
</director>
<released>
November, <fundamental_quantity wordnetid="113575869" confidence="0.8">
<time_period wordnetid="115113229" confidence="0.8">
<year wordnetid="115203791" confidence="0.8">
<link xlink:type="simple" xlink:href="../443/172443.xml">
1936</link></year>
</time_period>
</fundamental_quantity>
</released>
<imdb_id>
0323015</imdb_id>
<name>
Blood on Wolf Mountain</name>
<distributor>
<company wordnetid="108058098" confidence="0.8">
<institution wordnetid="108053576" confidence="0.8">
<link xlink:type="simple" xlink:href="../581/4575581.xml">
Lianhua Film Company</link></institution>
</company>
</distributor>
<language>
<speech wordnetid="107109196" confidence="0.8">
<dialect wordnetid="107155661" confidence="0.8">
<auditory_communication wordnetid="107109019" confidence="0.8">
<language wordnetid="106282651" confidence="0.8">
<non-standard_speech wordnetid="107155081" confidence="0.8">
<link xlink:type="simple" xlink:href="../657/24657.xml">
Chinese (Mandarin)</link></non-standard_speech>
</language>
</auditory_communication>
</dialect>
</speech>
</language>
<fanti>
狼山喋血記</fanti>
<writer>
Fei Mu</writer>
<jianti>
狼山喋血记</jianti>
<pinyin>
Láng shān dié xuě jì</pinyin>
<starring>
<first_lady wordnetid="110092880" confidence="0.9508927676800064">
<link xlink:type="simple" xlink:href="../378/65378.xml">
Jiang Qing</link></first_lady>
<link>
Li Lili</link><link>
Zhang Yi</link></starring>
</parameters>
</template>


<b><it>Blood on Wolf Mountain</it></b>, also known as <b><it>The Wolf Hill</it></b>, <b><it>Bloodbath in Langshan</it></b>, and <b><it>Bloodshed on Wolf Mountain</it></b>, is a <creation wordnetid="103129123" confidence="0.8">
<artifact wordnetid="100021939" confidence="0.8">
<art wordnetid="102743547" confidence="0.8">
<link xlink:type="simple" xlink:href="../791/10791.xml">
Chinese film</link></art>
</artifact>
</creation>
 directed by acclaimed <village wordnetid="108672738" confidence="0.9508927676800064">
<link xlink:type="simple" xlink:href="../643/27643.xml">
Shanghai</link></village>
nese <link xlink:type="simple" xlink:href="../181/506181.xml">
film director</link> <film_director wordnetid="110088200" confidence="0.9173553029164789">
<person wordnetid="100007846" confidence="0.9508927676800064">
<screenwriter wordnetid="110564400" confidence="0.9173553029164789">
<film_maker wordnetid="110088390" confidence="0.9173553029164789">
<link xlink:type="simple" xlink:href="../120/4133120.xml">
Fei Mu</link></film_maker>
</screenwriter>
</person>
</film_director>
. Made just prior to the commencement of full-scale <conflict wordnetid="100958896" confidence="0.9508927676800064">
<link xlink:type="simple" xlink:href="../980/69980.xml">
war</link></conflict>
 with the Japanese, the film itself is often considered an allegory of conflict between China and Japan that had been going on intermittently since the <military_action wordnetid="100952963" confidence="0.8">
<group_action wordnetid="101080366" confidence="0.8">
<battle wordnetid="100953559" confidence="0.8">
<event wordnetid="100029378" confidence="0.8">
<conflict wordnetid="100958896" confidence="0.8">
<act wordnetid="100030358" confidence="0.8">
<psychological_feature wordnetid="100023100" confidence="0.8">
<link xlink:type="simple" xlink:href="../723/7333723.xml">
Invasion of Manchuria</link></psychological_feature>
</act>
</conflict>
</event>
</battle>
</group_action>
</military_action>
 in 1931. The film was produced by the <company wordnetid="108058098" confidence="0.8">
<institution wordnetid="108053576" confidence="0.8">
<link xlink:type="simple" xlink:href="../581/4575581.xml">
Lianhua Film Company</link></institution>
</company>
 and was released in November of <fundamental_quantity wordnetid="113575869" confidence="0.8">
<time_period wordnetid="115113229" confidence="0.8">
<year wordnetid="115203791" confidence="0.8">
<link xlink:type="simple" xlink:href="../443/172443.xml">
1936</link></year>
</time_period>
</fundamental_quantity>
.<ref xlink:type="simple" xlink:href="#xpointer(//reflist/entry[@id=%221%22])">1</ref><p>

The film tells the story of a village that is beset by a pack of wolves. Though the symbolism was clear, the Japanese themselves refused to acknowledge that they could be represented by blood-thirsty wolves.<ref xlink:type="simple" xlink:href="#xpointer(//reflist/entry[@id=%222%22])">2</ref></p>
<p>

<it>Blood on Wolf Mountain</it> starred actresses <link>
Li Lili</link>, and <first_lady wordnetid="110092880" confidence="0.9508927676800064">
<link xlink:type="simple" xlink:href="../378/65378.xml">
Jiang Qing</link></first_lady>
 (who later in life would gain notoriety as the wife of <president wordnetid="110468559" confidence="0.9508927676800064">
<person wordnetid="100007846" confidence="0.9508927676800064">
<link xlink:type="simple" xlink:href="../527/19527.xml">
Mao Zedong</link></person>
</president>
 and a member of the <message wordnetid="106598915" confidence="0.8">
<defamation wordnetid="106719579" confidence="0.8">
<disrespect wordnetid="106714976" confidence="0.8">
<name wordnetid="106720964" confidence="0.8">
<disparagement wordnetid="106717170" confidence="0.8">
<link xlink:type="simple" xlink:href="../441/50441.xml">
Gang of Four</link></disparagement>
</name>
</disrespect>
</defamation>
</message>
).<ref xlink:type="simple" xlink:href="#xpointer(//reflist/entry[@id=%223%22])">3</ref></p>

<sec>
<st>
See also</st>
<p>

<list>
<entry level="1" type="bullet">

<conflict wordnetid="100958896" confidence="0.9508927676800064">
<link xlink:type="simple" xlink:href="../980/69980.xml">
Second Sino-Japanese War</link></conflict>
- the political background behind <it>Blood on Wolf Mountain''</it></entry>
<entry level="1" type="bullet">

<creation wordnetid="103129123" confidence="0.8">
<artifact wordnetid="100021939" confidence="0.8">
<art wordnetid="102743547" confidence="0.8">
<link xlink:type="simple" xlink:href="../791/10791.xml">
Cinema of China</link></art>
</artifact>
</creation>
</entry>
</list>
</p>

</sec>
<sec>
<st>
 References </st>

<p>

<reflist>
<entry id="1">
"<weblink xlink:type="simple" xlink:href="http://www.ibseninchina.com.cn/Jiangqing.htm#_ftnref30">
Jiang Qing and the “Year of Nora” 1935: Drama and Politics in the Republican Period</weblink>".&#32;  International Conference-Women in Republican China&#32;(2002-10-06).&#32;Retrieved on <link>
2007-04-15</link>.</entry>
<entry id="2">
"<weblink xlink:type="simple" xlink:href="http://www.time.com/time/magazine/article/0,9171,946771-1,00.html">
A Blue Apple in a City for Sale</weblink>".&#32;  Time Magazine&#32;(1977-03-27).&#32;Retrieved on <link>
2007-04-15</link>.</entry>
<entry id="3">
Jiang Qing used the stage name "Lan Ping," literally "Blue Apple," for the film.</entry>
</reflist>
</p>

</sec>
<sec>
<st>
External links</st>
<p>

<list>
<entry level="1" type="bullet">

<weblink xlink:type="simple" xlink:href="http://www.imdb.com/title/tt0323015/">
<it>Blood on Wolf Mountain</it> </weblink> at the <web_site wordnetid="106359193" confidence="0.9508927676800064">
<link xlink:type="simple" xlink:href="../554/2855554.xml">
Internet Movie Database</link></web_site>
</entry>
<entry level="1" type="bullet">

<weblink xlink:type="simple" xlink:href="http://www.dianying.com/en/title/lsd1936">
<it>Blood on Wolf Mountain''</it></weblink> at the Chinese Movie Database</entry>
</list>
</p>

<p>

<table style=";" class="navbox" cellspacing="0">
<row>
<col style="padding:2px;">
<table style="width:100%;background:transparent;color:inherit;;" class="nowraplinks collapsible autocollapse " cellspacing="0">
<row>
<header colspan="3" style=";" class="navbox-title">
<creation wordnetid="103129123" confidence="0.8">
<artifact wordnetid="100021939" confidence="0.8">
<art wordnetid="102743547" confidence="0.8">
<link xlink:type="simple" xlink:href="../791/10791.xml">
Cinema of China</link></art>
</artifact>
</creation>
</header>
</row>
<row style="height:2px;">

</row>
<row>
<col style="width:0%;padding:0px 2px 0px 0px;" rowspan="1">
<image width="40px" src="Chinafilm.svg">
</image>
</col>
<col colspan="2" style="width:100%;padding:0px;;;" class="navbox-list navbox-odd"><p>


Chinese films|Films A-Z&nbsp;• 
<link xlink:type="simple" xlink:href="../187/2732187.xml">
Films by year</link>&nbsp;•
<creation wordnetid="103129123" confidence="0.8">
<artifact wordnetid="100021939" confidence="0.8">
<art wordnetid="102743547" confidence="0.8">
<link xlink:type="simple" xlink:href="../560/2170560.xml">
Chinese animation</link></art>
</artifact>
</creation>
&nbsp;•

Chinese film awards|Awards&nbsp;•

Film festivals in China|Festivals&nbsp;•

Chinese film studios|Studios&nbsp;•

Film production companies of China|Production Companies

Chinese actors|Actors&nbsp;•

Chinese film directors|Directors&nbsp;•

Chinese cinematographers|Cinematographers&nbsp;• 

Chinese film producers|Producers&nbsp;•

Chinese screenwriters|Screenwriters</p>
</col>
</row>
</table>
</col>
</row>
</table>
</p>


</sec>
</bdy>
</movie>
</article>
