<?xml version="1.0" encoding="UTF-8"?>
<!-- generated by CLiX/Wiki2XML [MPI-Inf, MMCI@UdS] $LastChangedRevision: 92 $ on 17.04.2009 00:29:00[mciao0827] -->
<!DOCTYPE article SYSTEM "../article.dtd">
<article xmlns:xlink="http://www.w3.org/1999/xlink">
<actor  confidence="0.9508927676800064" wordnetid="109765278">
<header>
<title>Albert Moses</title>
<id>10709723</id>
<revision>
<id>239990047</id>
<timestamp>2008-09-21T12:48:31Z</timestamp>
<contributor>
<username>Lightmouse</username>
<id>4469495</id>
</contributor>
</revision>
<categories>
<category>Sri Lankan Diaspora</category>
<category>Wikipedia articles needing style editing from December 2007</category>
<category>All articles needing style editing</category>
<category>Living people</category>
<category>Sri Lankan television actors</category>
<category>British television actors</category>
</categories>
</header>
<bdy>
<template>
<name>Infobox actor</name>
<parameters>

<image width="150px" src="Replace_this_image_male.svg">
<caption>

Replace this image male.svg
</caption>
</image>
<location>
<image width="22x20px" src="Flag_of_Sri_Lanka.svg">
<caption>

border 
</caption>
</image>
&nbsp;<country wordnetid="108544813" confidence="0.9508927676800064">
<link xlink:type="simple" xlink:href="../750/26750.xml">
Sri Lanka</link></country>
</location>
<name>
Albert Moses</name>
<birthdate>
19 December 1937 (1937-12-19) (age&nbsp;71)</birthdate>
<imagesize>
150px</imagesize>
</parameters>
</template>


<table class="metadata plainlinks ambox ">
<row>
<col>

ambox-style" style=""</col>
</row>
<row>
<col class="mbox-image"><p>

<image width="40x40px" src="Ambox_style.png">
</image>
</p>
</col>
<col style="" class="mbox-text">
 <b>This biographical article or section is written .</b>
Please <weblink xlink:type="simple" xlink:href="http://localhost:18088/wiki/index.php?title=Albert_Moses&amp;action=edit">
help improve it</weblink> by revising it to be  and . <it>(December 2007)''</it></col>
</row>
</table>


<p>

<b>Albert Moses</b> (born 19 December 1937) is a <link xlink:type="simple" xlink:href="../927/1048927.xml">
UK</link> based <country wordnetid="108544813" confidence="0.9508927676800064">
<link xlink:type="simple" xlink:href="../750/26750.xml">
Sri Lanka</link></country>
n actor born in Kandy, <country wordnetid="108544813" confidence="0.9508927676800064">
<link xlink:type="simple" xlink:href="../750/26750.xml">
Sri Lanka</link></country>
. He started acting over 30 years ago in India where he appeared in 7 films. He also produced and directed the 8th one. From India he then moved on to Africa where he made documentaries for a while. In the UK, Albert has been involved in several diverse projects, some of which were filmed around the globe. Arguably, his most famous role was that of Ranjeet Singh, a Sikh from Punjab, India, in the hit ITV series, <link xlink:type="simple" xlink:href="../023/749023.xml">
Mind Your Language</link>, in the late 1970s to the 80s. As with the rest of the characters in the series, led by <physical_entity wordnetid="100001930" confidence="0.8">
<person wordnetid="100007846" confidence="0.8">
<performer wordnetid="110415638" confidence="0.8">
<causal_agent wordnetid="100007347" confidence="0.8">
<actor wordnetid="109765278" confidence="0.8">
<entertainer wordnetid="109616922" confidence="0.8">
<link xlink:type="simple" xlink:href="../577/4151577.xml">
Barry Evans</link></entertainer>
</actor>
</causal_agent>
</performer>
</person>
</physical_entity>
, his role would now be considered racially and ethnically stereotypic, including his enmity with a Pakistani Muslim, played by <physical_entity wordnetid="100001930" confidence="0.8">
<person wordnetid="100007846" confidence="0.8">
<performer wordnetid="110415638" confidence="0.8">
<causal_agent wordnetid="100007347" confidence="0.8">
<actor wordnetid="109765278" confidence="0.8">
<entertainer wordnetid="109616922" confidence="0.8">
<link xlink:type="simple" xlink:href="../223/2415223.xml">
Dino Shafeek</link></entertainer>
</actor>
</causal_agent>
</performer>
</person>
</physical_entity>
.</p>
<p>

Albert has played many minor roles in film, television and theatrical productions with many actors including: Kirk Douglas, Oliver Reed, Sir John Gielgud, Roger Moore, Michael Caine, Sean Connery, Charles Dance, Kenneth Williams, Benny Hill, Tim Piggott Smith, Pamela Stevenson, Diana Rigg and many others. A list of his accomplishments, films as well as other media include: </p>
<p>

<b>THEATRE</b></p>
<p>

Freeway - National Theatre
Phædra Britannica - National Theatre (with Dame Diana Rigg)
Long March to Jerusalem - Watford Theatre</p>
<p>

<b>FILM</b>
The Man Who Would Be King - A John Houston film with Sean Connery, Michael Caine &amp; Christopher Plummer
The Spy Who Loved Me - James Bond Movie
Stand Up Virgin Soldiers - EMI
Carry On Emmanuelle - Rank (Indian doctor)
The Little Drummer Girl - EMI
The Awakening - Columbia Pictures
An American Werewolf In London - John Landis Movie
The Great Quest - with Oliver Reed
Pink Floyd, The Wall - Alan Parker Film
Octopussy - James Bond Movie (as Saddrudin - undercover British agent in India)
Jungle Book II - Walt Disney
East Is East - Channel Four Films
Scandalous - with Sir John Gielguld and Pamela Stevenson</p>
<p>

<b>TELEVISION</b>
Queenie - Hollywood mini-series with Kirk Douglas
On The Buses - LWT
The Loser - LWT
Certain Lack of Communication - BBC - PLAY OF THE MONTH
The British Empire - BBC Series
Warship - BBC
The Boy Dominic - 3 Episodes - YORKSHIRE TELEVISION
Children of the Sun - BBC - PLAY OF THE MONTH
Bill Brand -4 Episodes - THAMES TELEVISION
Rogues Rock -2 Episodes - SOUTHERN TELEVISION
Horse In The House - THAMES TELEVISION
Robin's Nest - THAMES TELEVISION
Mind Your Language - LWT sitcom (Nearly fifty episodes broadcast between 1977 and 1979)
Two's Company - LWT
The Fuzz - THAMES
The Rag Trade - LWT
Who Dunnit - THAMES
We'll Tell You A Story - THAMES
Company &amp; Co - BBC
Murder Rap - BBC - PLAY FOR TODAY
Shoe String - BBC
The Garland - BBC - PLAY OF THE MONTH
Staying On - GRANADA
Angels - BBC
She Fell Among Thieves - ANGLIA
Chinese Detective - BBC
Nice Work - BBC
Young At Heart - ATV
Juiliet Bravo - BBC
The Jewel In The Crown - GRANADA (Four episodes)
Little and Large - BBC
Who Sir Me Sir - BBC
Tandoori nights - CHANNEL 4 COMEDY
Benny Hill - THAMES COMEDY
Boon - CENTRAL DRAMA
The Bill - THAMES DRAMA (Five episodes)
Bulman - THAMES DRAMA
Lytton's Diary - THAMES DRAMA
Never The Twain - THAMES COMEDY
Sherlock Holmes - THAMES DRAMA
Lucky Sunil - BBC DRAMA
Don't Wait Up - BBC DRAMA SERIES
Blue Birds Arena - The Other Graham - BBC DRAMA
Crime Monthly - LWT DOCU-DRAMA
Anna Lee - LWT DRAMA
London's Burning - LWT DRAMA
The knock - LWT DRAMA
Casualty - BBC DRAMA
Back Up - BBC DRAMA
Tiger Bay - BBC DRAMA
Holby City - BBC DRAMA (Three episodes)</p>
<p>

<b>BOOKS PUBLISHED</b>
Tales From India - Children's book
Book of Poems - 87 poems</p>
<p>

<b>OTHER</b>
Produced 13 episodes of Mind Your Language
Produced and directed Gabriella - Television film produced on location in Malta
Hosted, Produced and Directed: Song &amp; dance show, Talent Contest, Variety Show</p>
<p>

Written The Seventh Commandment - Television drama script
Written Side by side - Television comedy script
Written Don't talk to strangers - Thriller Television script
Written The Jokers - Television drama</p>
<p>

His current work/occupation includes volunteering or working in the following capacities:
-Chairman of the Asian, Caribbean, Oriental and Asian Artistes of EQUITY.
-A governor of Fleetville School, St Albans.
-On the Board of Directors for Trestle Theatre, St Albans.
-Member of the London Regional Committee of ITV under the Chairmanship of The Lord David Lipsey.
-Chairman of the St Albans Film Society.
-Trustree and Patron of The Ivy Trust, a children's charity.
-Voluntary teacher under the ESOL scheme of Oaklands College, teaching English to foreign students. (See the Mind Your Language page for the irony of this!)
-Committee member of Abbey Field Old People's Home, Harpenden.
-Voluntary worker in St Albans Hospital.
-Voluntary worker at Townsend School, Harpenden, running a film workshop for children.</p>
<p>

Moses was recently made a Knight of the Order of St John.</p>

<sec>
<st>
External links</st>
<p>

<list>
<entry level="1" type="bullet">

<weblink xlink:type="simple" xlink:href="http://www.albertmoses.com/">
Official website</weblink></entry>
</list>
</p>



</sec>
</bdy>
</actor>
</article>
