<?xml version="1.0" encoding="UTF-8"?>
<!-- generated by CLiX/Wiki2XML [MPI-Inf, MMCI@UdS] $LastChangedRevision: 92 $ on 17.04.2009 00:30:41[mciao0827] -->
<!DOCTYPE article SYSTEM "../article.dtd">
<article xmlns:xlink="http://www.w3.org/1999/xlink">
<physical_entity  confidence="0.8" wordnetid="100001930">
<person  confidence="0.8" wordnetid="100007846">
<player  confidence="0.9511911446218017" wordnetid="110439851">
<coach  confidence="0.9511911446218017" wordnetid="109931640">
<leader  confidence="0.8" wordnetid="109623038">
<administrator  confidence="0.8" wordnetid="109770949">
<causal_agent  confidence="0.8" wordnetid="100007347">
<head  confidence="0.8" wordnetid="110162991">
<director  confidence="0.8" wordnetid="110014939">
<header>
<title>Craig Colbert</title>
<id>10781349</id>
<revision>
<id>242157336</id>
<timestamp>2008-10-01T03:33:50Z</timestamp>
<contributor>
<username>Dewelar</username>
<id>2327233</id>
</contributor>
</revision>
<categories>
<category>San Diego Padres managers</category>
<category>Major League Baseball catchers</category>
<category>San Francisco Giants players</category>
<category>Living people</category>
<category>1965 births</category>
<category>Minor league baseball managers</category>
<category>Major League Baseball coaches</category>
</categories>
</header>
<bdy>
<template>
<name>Infobox MLB retired</name>
<parameters>

<image width="150px" src="">

</image>
<position>
<link xlink:type="simple" xlink:href="../699/436699.xml">
Catcher</link></position>
<stat1value>
.215</stat1value>
<debutteam>
<diversion wordnetid="100426928" confidence="0.8">
<association wordnetid="108049401" confidence="0.8">
<event wordnetid="100029378" confidence="0.8">
<baseball_team wordnetid="108079319" confidence="0.8">
<club wordnetid="108227214" confidence="0.8">
<sport wordnetid="100523513" confidence="0.8">
<team wordnetid="108208560" confidence="0.8">
<act wordnetid="100030358" confidence="0.8">
<psychological_feature wordnetid="100023100" confidence="0.8">
<activity wordnetid="100407535" confidence="0.8">
<link xlink:type="simple" xlink:href="../416/28416.xml">
San Francisco Giants</link></activity>
</psychological_feature>
</act>
</team>
</sport>
</club>
</baseball_team>
</event>
</association>
</diversion>
</debutteam>
<finalyear>
<link xlink:type="simple" xlink:href="../946/2070946.xml">
1993</link></finalyear>
<finalteam>
<diversion wordnetid="100426928" confidence="0.8">
<association wordnetid="108049401" confidence="0.8">
<event wordnetid="100029378" confidence="0.8">
<baseball_team wordnetid="108079319" confidence="0.8">
<club wordnetid="108227214" confidence="0.8">
<sport wordnetid="100523513" confidence="0.8">
<team wordnetid="108208560" confidence="0.8">
<act wordnetid="100030358" confidence="0.8">
<psychological_feature wordnetid="100023100" confidence="0.8">
<activity wordnetid="100407535" confidence="0.8">
<link xlink:type="simple" xlink:href="../416/28416.xml">
San Francisco Giants</link></activity>
</psychological_feature>
</act>
</team>
</sport>
</club>
</baseball_team>
</event>
</association>
</diversion>
</finalteam>
<debutdate>
<link xlink:type="simple" xlink:href="../008/1008.xml">
April 6</link></debutdate>
<stat3value>
21</stat3value>
<throws>
Right</throws>
<stat3label>
<link xlink:type="simple" xlink:href="../469/236469.xml">
Runs batted in</link></stat3label>
<debutyear>
<link xlink:type="simple" xlink:href="../419/2076419.xml">
1992</link></debutyear>
<stat2value>
2</stat2value>
<teams>
&amp;gt;
<list>
<entry level="1" type="bullet">

<diversion wordnetid="100426928" confidence="0.8">
<association wordnetid="108049401" confidence="0.8">
<event wordnetid="100029378" confidence="0.8">
<baseball_team wordnetid="108079319" confidence="0.8">
<club wordnetid="108227214" confidence="0.8">
<sport wordnetid="100523513" confidence="0.8">
<team wordnetid="108208560" confidence="0.8">
<act wordnetid="100030358" confidence="0.8">
<psychological_feature wordnetid="100023100" confidence="0.8">
<activity wordnetid="100407535" confidence="0.8">
<link xlink:type="simple" xlink:href="../416/28416.xml">
San Francisco Giants</link></activity>
</psychological_feature>
</act>
</team>
</sport>
</club>
</baseball_team>
</event>
</association>
</diversion>
 (1992-93)</entry>
</list>
</teams>
<bats>
Right</bats>
<name>
Craig Colbert</name>
<birthdate>
February 13, 1965 (1965-02-13) (age&nbsp;44)<village wordnetid="108672738" confidence="0.9508927676800064">
<link xlink:type="simple" xlink:href="../933/113933.xml">
Iowa City</link></village>
, <region wordnetid="108630985" confidence="0.8">
<administrative_district wordnetid="108491826" confidence="0.8">
<location wordnetid="100027167" confidence="0.8">
<district wordnetid="108552138" confidence="0.8">
<country wordnetid="108544813" confidence="0.8">
<link xlink:type="simple" xlink:href="../589/14589.xml">
Iowa</link></country>
</district>
</location>
</administrative_district>
</region>
</birthdate>
<stat1label>
<link xlink:type="simple" xlink:href="../273/18933273.xml">
Batting average</link></stat1label>
<finaldate>
<link xlink:type="simple" xlink:href="../204/28204.xml">
September 29</link></finaldate>
<stat2label>
<link xlink:type="simple" xlink:href="../148/14148.xml">
Home runs</link></stat2label>
</parameters>
</template>


<b>Craig Charles Colbert</b> (b. <link xlink:type="simple" xlink:href="../170/11170.xml">
February 13</link>, <link xlink:type="simple" xlink:href="../750/34750.xml">
1965</link> in <village wordnetid="108672738" confidence="0.9508927676800064">
<link xlink:type="simple" xlink:href="../933/113933.xml">
Iowa City</link></village>
, <region wordnetid="108630985" confidence="0.8">
<administrative_district wordnetid="108491826" confidence="0.8">
<location wordnetid="100027167" confidence="0.8">
<district wordnetid="108552138" confidence="0.8">
<country wordnetid="108544813" confidence="0.8">
<link xlink:type="simple" xlink:href="../589/14589.xml">
Iowa</link></country>
</district>
</location>
</administrative_district>
</region>
) is a former <league wordnetid="108231184" confidence="0.9508927676800064">
<link xlink:type="simple" xlink:href="../776/38776.xml">
Major League Baseball</link></league>
 catcher and current <link xlink:type="simple" xlink:href="../035/596035.xml">
bench coach</link> for the <baseball_team wordnetid="108079319" confidence="0.8">
<team wordnetid="108208560" confidence="0.8">
<link xlink:type="simple" xlink:href="../417/28417.xml">
San Diego Padres</link></team>
</baseball_team>
.<p>

Colbert was selected in the 20th round of the <link xlink:type="simple" xlink:href="../355/18505355.xml">
1986 Major League Baseball Draft</link> by the <diversion wordnetid="100426928" confidence="0.8">
<association wordnetid="108049401" confidence="0.8">
<event wordnetid="100029378" confidence="0.8">
<baseball_team wordnetid="108079319" confidence="0.8">
<club wordnetid="108227214" confidence="0.8">
<sport wordnetid="100523513" confidence="0.8">
<team wordnetid="108208560" confidence="0.8">
<act wordnetid="100030358" confidence="0.8">
<psychological_feature wordnetid="100023100" confidence="0.8">
<activity wordnetid="100407535" confidence="0.8">
<link xlink:type="simple" xlink:href="../416/28416.xml">
San Francisco Giants</link></activity>
</psychological_feature>
</act>
</team>
</sport>
</club>
</baseball_team>
</event>
</association>
</diversion>
. He played in their farm system until making his debut at the beginning of the <link xlink:type="simple" xlink:href="../419/2076419.xml">
1992</link> season, and played in 72 games over two seasons, being released after the <link xlink:type="simple" xlink:href="../946/2070946.xml">
1993</link> season.</p>
<p>

Colbert played several more seasons in the minor leagues, first for the <association wordnetid="108049401" confidence="0.8">
<baseball_team wordnetid="108079319" confidence="0.8">
<club wordnetid="108227214" confidence="0.8">
<team wordnetid="108208560" confidence="0.8">
<link xlink:type="simple" xlink:href="../652/6652.xml">
Cleveland Indians</link></team>
</club>
</baseball_team>
</association>
, then for the <baseball_team wordnetid="108079319" confidence="0.8">
<team wordnetid="108208560" confidence="0.8">
<link xlink:type="simple" xlink:href="../417/28417.xml">
San Diego Padres</link></team>
</baseball_team>
. In <link xlink:type="simple" xlink:href="../834/1822834.xml">
1998</link>, Colbert became a player-coach for the <link xlink:type="simple" xlink:href="../112/3154112.xml">
Las Vegas Stars</link>, ending his playing career after that season. From <link xlink:type="simple" xlink:href="../553/1487553.xml">
2000</link> through <link xlink:type="simple" xlink:href="../436/3119436.xml">
2006</link>, Colbert worked his way up the Padres' chain, managing at four different levels of the minor leagues. </p>
<p>

In <link xlink:type="simple" xlink:href="../205/6721205.xml">
2007</link>, he was named the Padres' bench coach, a position he was let go from on September 29, <link xlink:type="simple" xlink:href="../405/13639405.xml">
2008</link> due to a 99 loss season.  It seems that he and hitting coach <physical_entity wordnetid="100001930" confidence="0.8">
<person wordnetid="100007846" confidence="0.8">
<player wordnetid="110439851" confidence="0.8">
<good_person wordnetid="110138767" confidence="0.8">
<contestant wordnetid="109613191" confidence="0.8">
<causal_agent wordnetid="100007347" confidence="0.8">
<saint wordnetid="110546850" confidence="0.8">
<link xlink:type="simple" xlink:href="../058/1046058.xml">
Wally Joyner</link></saint>
</causal_agent>
</contestant>
</good_person>
</player>
</person>
</physical_entity>
 were the scapegoats for the disappointing season.  Though upper management's inability to put proven talent on the field, the team's bottom ranking in MLB at scoring runs, next to last ranking in team batting average, injuries to <player wordnetid="110439851" confidence="0.9508927676800064">
<link xlink:type="simple" xlink:href="../542/1250542.xml">
Jake Peavy</link></player>
 and <person wordnetid="100007846" confidence="0.9508927676800064">
<player wordnetid="110439851" confidence="0.9508927676800064">
<link xlink:type="simple" xlink:href="../330/5740330.xml">
Chris Young</link></player>
</person>
, and their paltry 36 Stolen Bases for the whole season (a total that 11 players in the AL and NL surpassed on their own) heavily contributed to their lackluster season.</p>


</bdy>
</director>
</head>
</causal_agent>
</administrator>
</leader>
</coach>
</player>
</person>
</physical_entity>
</article>
