<?xml version="1.0" encoding="UTF-8"?>
<!-- generated by CLiX/Wiki2XML [MPI-Inf, MMCI@UdS] $LastChangedRevision: 92 $ on 17.04.2009 00:26:22[mciao0825] -->
<!DOCTYPE article SYSTEM "../article.dtd">
<article xmlns:xlink="http://www.w3.org/1999/xlink">
<organization  confidence="0.9511911446218017" wordnetid="108008335">
<header>
<title>National Centre for Text Mining</title>
<id>10795520</id>
<revision>
<id>202810935</id>
<timestamp>2008-04-02T14:56:20Z</timestamp>
<contributor>
<username>Pseudomonas</username>
<id>295268</id>
</contributor>
</revision>
<categories>
<category>Information retrieval</category>
<category>Computer science organizations</category>
<category>Computational linguistics</category>
<category>Linguistics organizations</category>
</categories>
</header>
<bdy>

The <b>National Centre for Text Mining</b> (NaCTeM) is the world’s first publicly funded <link xlink:type="simple" xlink:href="../439/318439.xml">
text mining</link> (TM) centre. It was established to provide support, advice, and information on TM technologies and to disseminate information from the larger TM community, while also providing tailored services and tools in response to the requirements of the local <autocracy wordnetid="108361001" confidence="0.8">
<system wordnetid="108435388" confidence="0.8">
<social_group wordnetid="107950920" confidence="0.8">
<political_orientation wordnetid="106212839" confidence="0.8">
<monarchy wordnetid="108363812" confidence="0.8">
<state wordnetid="108168978" confidence="0.8">
<political_unit wordnetid="108359949" confidence="0.8">
<political_system wordnetid="108367880" confidence="0.8">
<economy wordnetid="108366753" confidence="0.8">
<group wordnetid="100031264" confidence="0.8">
<democracy wordnetid="106217103" confidence="0.8">
<link xlink:type="simple" xlink:href="../717/31717.xml">
British</link></democracy>
</group>
</economy>
</political_system>
</political_unit>
</state>
</monarchy>
</political_orientation>
</social_group>
</system>
</autocracy>
 academic community. <p>

The <link xlink:type="simple" xlink:href="../309/5309.xml">
software</link> tools and services which NaCTeM supplies allow researchers to apply text mining techniques to problems within their areas of interest - examples of these tools are highlighted below. In addition to providing services, the centre is also involved in, and makes significant contributions to, the text mining research community both nationally and internationally. </p>
<p>

The Centre is located in the <institute wordnetid="108407330" confidence="0.8">
<structure wordnetid="104341686" confidence="0.8">
<building wordnetid="102913152" confidence="0.8">
<artifact wordnetid="100021939" confidence="0.8">
<association wordnetid="108049401" confidence="0.8">
<link xlink:type="simple" xlink:href="../188/9385188.xml">
Manchester Interdisciplinary Biocentre</link></association>
</artifact>
</building>
</structure>
</institute>
 and is operated by two Universities: the <weblink xlink:type="simple" xlink:href="http://www.cs.man.ac.uk/">
School of Computer Science</weblink> at the <university wordnetid="108286163" confidence="0.9508927676800064">
<link xlink:type="simple" xlink:href="../266/83266.xml">
University of Manchester</link></university>
 <weblink xlink:type="simple" xlink:href="http://www.manchester.ac.uk">
http://www.manchester.ac.uk</weblink> leads the <link xlink:type="simple" xlink:href="../537/286537.xml">
consortium</link> and contributes expertise in <link xlink:type="simple" xlink:href="../162/383162.xml">
information extraction</link>, <link xlink:type="simple" xlink:href="../652/21652.xml">
natural language processing</link> and parallel and distributed <link xlink:type="simple" xlink:href="../253/42253.xml">
data mining</link>; the <weblink xlink:type="simple" xlink:href="http://sca.lib.liv.ac.uk/collections/">
Special Collections and Archives</weblink> section of the <university wordnetid="108286163" confidence="0.9508927676800064">
<link xlink:type="simple" xlink:href="../512/156512.xml">
University of Liverpool</link></university>
  <weblink xlink:type="simple" xlink:href="http://www.liv.ac.uk/">
http://www.liv.ac.uk/</weblink> <weblink xlink:type="simple" xlink:href="http://www.liv.ac.uk/library/">
library</weblink> have experience and expertise in <link xlink:type="simple" xlink:href="../271/15271.xml">
information retrieval</link> systems.</p>
<p>

In addition to the main consortium partners, there are a number of self-funded associates from world-leading groups including the <weblink xlink:type="simple" xlink:href="http://www.sdsc.edu/">
San Diego Supercomputer Center’s</weblink> Data Intensive Computing group led by <weblink xlink:type="simple" xlink:href="http://www.sdsc.edu/~moore/rmoore.html">
Reagan Moore</weblink>; the <university wordnetid="108286163" confidence="0.9508927676800064">
<ranking wordnetid="114429484" confidence="0.9508927676800064">
<link xlink:type="simple" xlink:href="../922/31922.xml">
University of California, Berkeley</link></ranking>
</university>
 <weblink xlink:type="simple" xlink:href="http://www.berkeley.edu/">
http://www.berkeley.edu/</weblink> information retrieval specialists lead by <weblink xlink:type="simple" xlink:href="http://www.ischool.berkeley.edu/people/faculty/raylarson">
Ray Larson</weblink> and the <weblink xlink:type="simple" xlink:href="http://www-tsujii.is.s.u-tokyo.ac.jp/index.html">
Tsujii Lab</weblink>, <weblink xlink:type="simple" xlink:href="http://www.u-tokyo.ac.jp/index_e.html">
University of Tokyo</weblink>. <weblink xlink:type="simple" xlink:href="http://www-tsujii.is.s.u-tokyo.ac.jp/%7Etsujii/atlab.html">
Professor Tsujii's</weblink> lab are world-leading researchers in the field of <link xlink:type="simple" xlink:href="../561/5561.xml">
computational linguistics</link>, especially in the application of such technology to the biomedical domain.</p>

<sec>
<st>
Applications</st>
<p>

<weblink xlink:type="simple" xlink:href="http://www.nactem.ac.uk/software/termine/">
<b>TerMine</b></weblink> is a domain independent method for automatic term recognition which finds the most important terms in a document and automatically ranks them.</p>
<p>

<weblink xlink:type="simple" xlink:href="http://www.nactem.ac.uk/software/ctermine">
<b>Cheshire-Termine</b></weblink> is a search engine for <link xlink:type="simple" xlink:href="../749/240749.xml">
Medline</link> documents that generates lists of significant terms relevant to the search results. It combines the best features of browse and search techniques for drilling down to more focused set of documents. </p>
<p>

<weblink xlink:type="simple" xlink:href="http://www.nactem.ac.uk/software/acromine/">
<b>AcroMine</b></weblink> finds all known expanded forms of <link xlink:type="simple" xlink:href="../571/1052571.xml">
acronyms</link> as they have appeared in <link xlink:type="simple" xlink:href="../749/240749.xml">
Medline</link> entries or conversely, it can be used to find possible acronyms of expanded forms as they have previously appeared in <link xlink:type="simple" xlink:href="../749/240749.xml">
Medline</link> and <link xlink:type="simple" xlink:href="../065/67065.xml">
disambiguates</link> them.</p>
<p>

<weblink xlink:type="simple" xlink:href="http://www-tsujii.is.s.u-tokyo.ac.jp/medie/">
<b>Medie</b></weblink> is  an intelligent search engine, for semantic retrieval of sentences containing biomedical correlations from <link xlink:type="simple" xlink:href="../749/240749.xml">
Medline</link> abstracts.</p>
<p>

[https://www-tsujii.is.s.u-tokyo.ac.jp/info-pubmed/ '''Info-PubMed'''] provides information and graphical representation of biomedical interactions extracted from <link xlink:type="simple" xlink:href="../749/240749.xml">
Medline</link> using deep <link xlink:type="simple" xlink:href="../019/3404019.xml">
semantic parsing</link> technology. This is supplemented with a term dictionary consisting of over 200,000 <link xlink:type="simple" xlink:href="../634/23634.xml">
protein</link>/<link xlink:type="simple" xlink:href="../553/4250553.xml">
gene</link> names  and identification of <link xlink:type="simple" xlink:href="../072/8072.xml">
disease</link> types and <link xlink:type="simple" xlink:href="../842/19653842.xml">
organisms</link>.</p>

</sec>
<sec>
<st>
External links</st>

<p>

<list>
<entry level="1" type="bullet">

 http://www.nactem.ac.uk</entry>
</list>
</p>



</sec>
</bdy>
</organization>
</article>
