<?xml version="1.0" encoding="UTF-8"?>
<!-- generated by CLiX/Wiki2XML [MPI-Inf, MMCI@UdS] $LastChangedRevision: 92 $ on 17.04.2009 00:27:15[mciao0826] -->
<!DOCTYPE article SYSTEM "../article.dtd">
<article xmlns:xlink="http://www.w3.org/1999/xlink">
<header>
<title>Analog (program)</title>
<id>10790339</id>
<revision>
<id>235863531</id>
<timestamp>2008-09-02T18:29:53Z</timestamp>
<contributor>
<username>Rtphokie</username>
<id>291884</id>
</contributor>
</revision>
<categories>
<category>Free web analytics software</category>
<category>Network-related software</category>
</categories>
</header>
<bdy>

<table style="background:#f9f9f9; font-size:85%; line-height:110%; ">
<row>
<col>
 <image width="32x28px" src="Free_Software_Portal_Logo.svg">
</image>
</col>
<col style="padding:0 0.2em;">
 <b><it>
Free software&#32;portal</it></b></col>
</row>
</table>
<p>

<b>Analog</b> is a <link xlink:type="simple" xlink:href="../635/10635.xml">
free</link> <link xlink:type="simple" xlink:href="../162/2110162.xml">
web log analysis software</link> program that runs under <link xlink:type="simple" xlink:href="../890/18890.xml">
Windows</link>, <link xlink:type="simple" xlink:href="../043/20043.xml">
Mac OS</link>, <O wordnetid="106832680" confidence="0.9508927676800064">
<link xlink:type="simple" xlink:href="../297/6097297.xml">
Linux</link></O>
, and most <family wordnetid="108078020" confidence="0.8">
<link xlink:type="simple" xlink:href="../815/31815.xml">
Unix-like</link></family>
 operating systems. It was first released on <link xlink:type="simple" xlink:href="../416/1416.xml">
April 29</link>, <link xlink:type="simple" xlink:href="../658/34658.xml">
1995</link>, by Stephen Turner as generic freeware; the license was changed to the <link xlink:type="simple" xlink:href="../683/18938683.xml">
GNU General Public License</link> in November <link xlink:type="simple" xlink:href="../524/35524.xml">
2004</link>. </p>
<p>

The program is comparable to <link xlink:type="simple" xlink:href="../860/1635860.xml">
Webalizer</link> or <software wordnetid="106566077" confidence="0.9508927676800064">
<link xlink:type="simple" xlink:href="../305/1106305.xml">
AWStats</link></software>
, though it does not use as many images, preferring to stick with simple <link xlink:type="simple" xlink:href="../311/393311.xml">
bar chart</link>s and lists to communicate similar information.</p>
<p>

Turner subsequently became the <link xlink:type="simple" xlink:href="../193/579193.xml">
chief technical officer</link> of <link>
ClickTracks</link>, which offers more advanced <link xlink:type="simple" xlink:href="../872/2475872.xml">
web analytics</link> software.</p>

<sec>
<st>
External links</st>
<p>

<list>
<entry level="1" type="bullet">

<weblink xlink:type="simple" xlink:href="http://www.analog.cx/">
Analog web site</weblink></entry>
<entry level="1" type="bullet">

<weblink xlink:type="simple" xlink:href="http://it.megocollector.com/?p=120">
it.megocollector.com - Analog 6.0 versions to support Vista, MCE, and other OSs</weblink></entry>
</list>
</p>




</sec>
</bdy>
</article>
