<?xml version="1.0" encoding="UTF-8"?>
<!-- generated by CLiX/Wiki2XML [MPI-Inf, MMCI@UdS] $LastChangedRevision: 92 $ on 17.04.2009 00:31:24[mciao0827] -->
<!DOCTYPE article SYSTEM "../article.dtd">
<article xmlns:xlink="http://www.w3.org/1999/xlink">
<application  confidence="0.9511911446218017" wordnetid="106570110">
<software  confidence="0.9508927676800064" wordnetid="106566077">
<header>
<title>AeroText</title>
<id>10804222</id>
<revision>
<id>241070164</id>
<timestamp>2008-09-26T05:59:42Z</timestamp>
<contributor>
<username>FairuseBot</username>
<id>1022055</id>
</contributor>
</revision>
<categories>
<category>Artificial intelligence applications</category>
</categories>
</header>
<bdy>
<template>
<name>Infobox_Software</name>
<parameters>
<genre>
<link xlink:type="simple" xlink:href="../253/42253.xml">
Data Mining</link></genre>
<website>
<weblink xlink:type="simple" xlink:href="http://www.lockheedmartin.com/products/AeroText/index.html">
Lockheed Martin: AeroText</weblink></website>
<latest_release_version>
5.1</latest_release_version>
<developer>
<company wordnetid="108058098" confidence="0.9508927676800064">
<link xlink:type="simple" xlink:href="../527/66527.xml">
Lockheed Martin</link></company>
</developer>
<name>
AeroTextTM</name>
<license>
<link xlink:type="simple" xlink:href="../886/18934886.xml">
Proprietary</link></license>
<operating_system>
<link xlink:type="simple" xlink:href="../890/18890.xml">
Windows</link>, <message wordnetid="106598915" confidence="0.8">
<information wordnetid="106634376" confidence="0.8">
<electronic_database wordnetid="106588511" confidence="0.8">
<lexical_database wordnetid="106638868" confidence="0.8">
<wordnet wordnetid="106639428" confidence="0.8">
<database wordnetid="106637824" confidence="0.8">
<link xlink:type="simple" xlink:href="../145/46145.xml">
Solaris</link></database>
</wordnet>
</lexical_database>
</electronic_database>
</information>
</message>
, <O wordnetid="106832680" confidence="0.9508927676800064">
<link xlink:type="simple" xlink:href="../297/6097297.xml">
Linux</link></O>
</operating_system>
</parameters>
</template>


<b>AeroText</b> is a suite of <link xlink:type="simple" xlink:href="../439/318439.xml">
text mining</link> applications that are used for <link xlink:type="simple" xlink:href="../317/473317.xml">
content analysis</link>. Content used can be in multiple languages.<p>

AeroText is a solution developed at the Integrated Systems and Solutions division of <link xlink:type="simple" xlink:href="../527/66527.xml">
Lockheed Martin Corporation</link>, a leading U.S. Defense contractor. Originally developed for the U.S. <link xlink:type="simple" xlink:href="../244/501244.xml">
intelligence community</link>(<agency wordnetid="108337324" confidence="0.9508927676800064">
<link xlink:type="simple" xlink:href="../897/7279897.xml">
Department of Defense</link></agency>
), the solution has become one of the leading solutions available and is often integrated into other solutions. AeroText solutions provide both <link xlink:type="simple" xlink:href="../162/383162.xml">
information extraction</link> and <link xlink:type="simple" xlink:href="../587/1039587.xml">
link analysis</link> capabilities. </p>
<p>

AeroText converts unstructured information into structured information.  The user has the capability to define the parameters of both.</p>
<p>

AeroText output is normalized and stored within the solution’s cache as templates. However, the information can be output in a variety of ways using the Run Time Integration Toolkit (RIT) to integrate the output into existing systems through the use of RIT modules. Wrappers for <format wordnetid="106636806" confidence="0.9508927676800064">
<link xlink:type="simple" xlink:href="../138/34138.xml">
XML</link></format>
 and the <link xlink:type="simple" xlink:href="../832/53832.xml">
DARPA Agent Markup Language</link> ( DAML) and also provided, thus making the solution flexible enough to be utilized in other domains. For instance, the solution was presented to the <link>
National Institute of 
Health’s Biomedical Computing Interest Group</link> (BCIG) in April 2002 and demonstrated excellent applicability to the biomedical domain. </p>
<p>

“AeroText is data-independent, which means it does not rely on or have a bias towards a particular domain, document type, document source, or natural language” (Haser and Childs, 2002). Sample target applications include automatic database generation, document routing, browsing, summarization, enhanced full text search, and targeted document search in addition to link analysis. The solution’s multilingual utility is also a strength. The technology is also flexible enough to be able to support format standards, such as DAML (Kogut and Holmes), which aid in law enforcement activities. </p>
<p>

The current 5.x release exists as a set of various components that are used to carry out integration and data mining tasks. The <link>
Integrated Development Environment</link> (IDE) is, perhaps, the most important component as it provides the rule development, modification, and coordination capabilities – “a complete environment to build, test, and analyze linguistic knowledge bases” (Kogut and Holmes). This <link xlink:type="simple" xlink:href="../293/12293.xml">
graphical interface</link> includes not only object oriented editors and rules wizards, but is also allows visual tools for analyzing extracted data, debugging linguistic data, and analyzing performance (AeroText). As a result, customized logic domains are available. </p>
<p>

The Instance Based Run-Time Engine actually carries out the extraction on input documents by applying a <link xlink:type="simple" xlink:href="../497/239497.xml">
Knowledge Base</link> (see below). According to the company, “an Instance is defined as the creation of a single Document Object in the AeroText Application Program Interface (API).” The engine is available in <message wordnetid="106598915" confidence="0.8">
<request wordnetid="106513366" confidence="0.8">
<link xlink:type="simple" xlink:href="../881/15881.xml">
Java</link></request>
</message>
, <programming_language wordnetid="106898352" confidence="0.9508927676800064">
<link xlink:type="simple" xlink:href="../021/6021.xml">
C</link></programming_language>
, or <physical_entity wordnetid="100001930" confidence="0.8">
<person wordnetid="100007846" confidence="0.8">
<model wordnetid="110324560" confidence="0.8">
<idea wordnetid="105833840" confidence="0.8">
<concept wordnetid="105835747" confidence="0.8">
<assistant wordnetid="109815790" confidence="0.8">
<component wordnetid="105868954" confidence="0.8">
<worker wordnetid="109632518" confidence="0.8">
<causal_agent wordnetid="100007347" confidence="0.8">
<part wordnetid="105867413" confidence="0.8">
<link xlink:type="simple" xlink:href="../007/17058007.xml">
COM</link></part>
</causal_agent>
</worker>
</component>
</assistant>
</concept>
</idea>
</model>
</person>
</physical_entity>
 APIs and has wrappers for <format wordnetid="106636806" confidence="0.9508927676800064">
<link xlink:type="simple" xlink:href="../138/34138.xml">
XML</link></format>
 and DAML. </p>
<p>

The Run Time Integration Toolkit (RIT) helps to deploy AeroText by minimizing the need for integration code and 
provides for the integration of AeroText output into existing systems through the use of RIT modules. </p>
<p>

The Corpus Analyzer clusters documents based on entity and conceptual similarities between documents. </p>
<p>

The Answer Key Editor creates an information store for scoring by assigning “an Answer Key that corresponds to a specific collection of documents” (AeroText). This Key objectively measures the accuracy of the extraction process. The scoring capability is integrated into the development environment, enabling the developer to identify and analyze extraction errors in large sets of data during the development process.</p>
<p>

Much of the solution’s technology is provided within the company’s <link xlink:type="simple" xlink:href="../497/239497.xml">
Knowledge Bases</link> (KBs). English serves as the key core KB and provides linguistic-driven rules which approach 100 entity types uses to extract text. KBs are also available for the <link xlink:type="simple" xlink:href="../803/803.xml">
Arabic</link>, <language wordnetid="106282651" confidence="0.9508927676800064">
<link xlink:type="simple" xlink:href="../751/5751.xml">
Chinese</link></language>
 (simplified and traditional),  <link xlink:type="simple" xlink:href="../803/803.xml">
Arabic</link>, <language wordnetid="106282651" confidence="0.9508927676800064">
<link xlink:type="simple" xlink:href="../825/26825.xml">
Spanish</link></language>
, and <language wordnetid="106282651" confidence="0.9508927676800064">
<link xlink:type="simple" xlink:href="../042/37042.xml">
Indonesian</link></language>
 (including Melagu) languages. A KB Compiler is used to convert “linguistic data files into an efficient run-time knowledge base” (Kogut and Holmes). 
AeroText’s solution components are available separately or as one of two product bundles. The Standard bundle includes the IDE, Instance-based Run-Time Engine, Core English Knowledge Base, and the Customization Tool. The Professional bundle includes the Standard components as well as the Corpus Analyzer and the Answer Key Editor).</p>
<p>

AeroText can handle any textual input, as the Instance Based Run-Time Engine supports both ASCII and Unicode text. </p>
<p>

AeroText’s main focus is on “information extraction,” which includes both named <link xlink:type="simple" xlink:href="../608/1906608.xml">
entity extraction</link> and intrasource link analysis. “AeroText information extraction technology is designed for natural language text” (AeroText, 2003). The company has organized its capabilities into several groupings. Specifically for information extraction, entities (persons, organizations, places, etc.), key phrases (time expressions, money amounts, etc.), and grammatical phrases (verb phrases, etc.) can all 
be extracted. In terms of link analysis, the solution provides entity coreference (resolution of multiple mentions of the same entity), entity associations (identify relationships), event extraction (who, what, when, where), topic categorization (subject matter determinations), temporal resolution (resolution of time expressions, etc.), and location resolution (identification of a particular place which can be tied to GIS). Additionally, the company’s BlockFinder can be used to understand textual tables. (Haser and Childs, 2002). </p>
<p>

The solution gains its flexibility and broad range of applicability from the fact that the system is based on the use of 
manually crafted rules. These rules are used to perform both <link xlink:type="simple" xlink:href="../608/1906608.xml">
entity extraction</link> and intrasource link analysis. While different modules developed will be extensively subject-matter specific, the solution can be easily modified to handle the requirements of a different domain. Therefore, in order to use the solution, “an AeroText specialist must generate a set of extraction rules. These rules describe for AeroText how to identify and structure the information to be extracted. In effect, they create fairly abstract templates that describe all the different ways a concept can be expressed in the target language” (Noble, b). These rules not only extract the information from the text, but also specify how the information should be structured within event records (Noble, a). 
(Haser and Childs) explains that the fundamental components of the solution include features, 
elements, templates, packages, rulebases, and caches. </p>
<p>

These terms are explained using the following example: “Feb. 28, 2002 AAA Corporation will acquire Tampa-based ZZZ Inc. within 60 days.”) 
•	 A feature is “a list of terms that represents a common idea based on meaning or grammar,” e.g., ‘inc.’ and ‘corp.’ are business designations {CorpDesignator}. 
•	 An element is “a set of regular expressions that allow binding of information to matched text”; for instance, “FEB” and “February” both refer to the second month (month = “2”). 
•	 A template is “a frame with slots used to hold extracted text and sometimes related information.” A time template, for example, would include a “text” field as well as “StartDate” and “EndDate” fields.
•	 A package is “a set of rules, similar to elements, but with associated actions that fill template slots with extracted information.” The example above would have Time, Organization, and Location templates into which extracted information could be organized. 
•	 A rulebase is “a collection of packages that are activated at the appropriate time during a processing sequence.” This example would have the Time and Organization templates feed into an Acquisition template. 
•	 A cache provides “a virtual bin for storing extracted information.” </p>
<p>

An entities cache stores times, organizations, and other such information, while an events cache can store event information, such as acquisitions. A high-level overview of how the solution is set up is provided by the adjacent figure. Given a test document, a knowledge engineer produces the answer key of supposed output while the knowledge base engine uses pre-packaged and user-developed rules to extract the entities and relationships from the text. These two outputs are compared and scored. If changes need to be made, the knowledge engineer creates additional rules or makes other enhancements to the knowledge base (which in turn updates the knowledge base engine). </p>

<sec>
<st>
Further reading</st>

<p>

Haser, Tom and Childs, Lois (2002). “Drug Discovery through Information Extraction Technology.” 
Presentation at NIH BCIG. April 18, 2002. Online. http://www.altum.com/bcig/events/seminars/502002_04.pdf and http://www.altum.com/bcig/events/seminars/2002_04.htm Accessed January 9, 
2006. </p>
<p>

Hill, Ryan (2005). Lockheed Martin Signs NetMap Analytics as Authorized Distributor of AeroTextTM
Information Extraction Software. August 3, 2005. Online. http://www.netmapanalytics.com/press/AeroText.pdf Accessed January 9, 2006.</p>
<p>

KMWorld. KMWorld Buyers Guide: Lockheed Martin Corporation. Online. http://www.kmworld.com/buyersGuide/ReadCompany.aspx?CategoryID=77&amp;CompanyID=17</p>
<p>

Kogut, Paul and Holmes, William. AeroDAML: Applying Information Extraction to Generate DAML 
Annotations from Web Pages. Online. http://semannot2001.aifb.uni-karlsruhe.de/positionpapers/AeroDAML3.pdf</p>
<p>

Mordoff, Keith (2004). Lockheed Martin’s NEW AeroTextTM Version 4.0 Helps Users Tackle Data 
Overload, Pinpoint Critical Information. April 14, 2005. Online.  http://www.lockheedmartin.com/data/assets/10586.pdf</p>
<p>

Noble, David (a). Fusion of Open Source Information. Online. http://www.ebrinc.com/files/Noble_Fusion.pdf</p>
<p>

Noble, David (b). Structuring Open Source Information to Support Intelligence Analysis. Online. 
http://www.ebrinc.com/files/Noble_Structuring.pdf</p>
<p>

Roberts, Gregory (2003). AeroTextTM Products: Executive Summary Information. Online. 
http://www.lockheedmartin.com/data/assets/3504.pdf</p>
<p>

Taylor, Sarah M. (2004). "Information Extraction Tools: Deciphering Human Language." IT 
Professional. Vol. 06, no. 6, pages: 28-34. November/December, 2004. Online. http://ieeexplore.ieee.org/iel5/6294/30282/01390870.pdf?tp=&amp;arnumber=1390870&amp;isnumber=30282.</p>

</sec>
<sec>
<st>
 External links </st>
<p>

<list>
<entry level="1" type="bullet">

<weblink xlink:type="simple" xlink:href="http://www.lockheedmartin.com/products/AeroText/index.html">
AeroText homepage at Lockheed Martin</weblink></entry>
<entry level="1" type="bullet">

<weblink xlink:type="simple" xlink:href="http://www.lockheedmartin.com/news/press_releases/2007/AeroTextTMNowRunsOnOpenSourcePlatfo.html">
AeroText for Linux</weblink></entry>
<entry level="1" type="bullet">

<weblink xlink:type="simple" xlink:href="http://www.nist.gov/speech/tests/ace/ace07/doc/ace07_eval_official_results_20070402.htm">
AeroText MACE results</weblink></entry>
<entry level="1" type="bullet">

<weblink xlink:type="simple" xlink:href="http://www.lockheedmartin.com/wms/findPage.do?dsp=fec&amp;ci=15902&amp;rsbci=0&amp;fti=0&amp;ti=0&amp;sc=400">
Press release on successful Arabic extraction</weblink></entry>
<entry level="1" type="bullet">

<weblink xlink:type="simple" xlink:href="http://www.cmdsolutions.com/Solutions/text_extraction.shtml">
CMD Solutions: apparent reseller/provider</weblink></entry>
<entry level="1" type="bullet">

<weblink xlink:type="simple" xlink:href="http://www.daml.org/meetings/2004/05/pi/pdf/LM2004May.pdf">
DAML presentation</weblink></entry>
<entry level="1" type="bullet">

<weblink xlink:type="simple" xlink:href="http://www.informationweek.com/news/showArticle.jhtml?articleID=198500124">
Defense Intelligence Agency Boosts Search Firepower</weblink></entry>
</list>
</p>

</sec>
<sec>
<st>
 See also </st>
<p>

<list>
<entry level="1" type="bullet">

<link xlink:type="simple" xlink:href="../253/42253.xml">
Data mining</link></entry>
<entry level="1" type="bullet">

<link xlink:type="simple" xlink:href="../251/81251.xml">
Lexical analysis</link></entry>
<entry level="1" type="bullet">

<link xlink:type="simple" xlink:href="../832/53832.xml">
DAML</link></entry>
</list>
</p>

<p>

<table style=";" class="navbox" cellspacing="0">
<row>
<col style="padding:2px;">
<table style="width:100%;background:transparent;color:inherit;;" class="nowraplinks collapsible autocollapse " cellspacing="0">
<row>
<header colspan="2" style=";background:lightsteelblue;" class="navbox-title">
<company wordnetid="108058098" confidence="0.9508927676800064">
<link xlink:type="simple" xlink:href="../527/66527.xml">
Lockheed Martin</link></company>
</header>
</row>
<row style="height:2px;">

</row>
<row>
<col colspan="2" style="width:100%;padding:0px;;;" class="navbox-list navbox-odd">
<table style="width:100%;;;;" class="nowraplinks collapsible autocollapse navbox-subgroup" cellspacing="0">
<row>
<header colspan="2" style=";background:#bbcce3;" class="navbox-title">
&nbsp;Companies and partnerships</header>
</row>
<row style="height:2px;">

</row>
<row>
<col colspan="2" style="width:100%;padding:0px;;;" class="navbox-list navbox-odd"><p>

<manufacturer wordnetid="108060446" confidence="0.8">
<company wordnetid="108058098" confidence="0.8">
<enterprise wordnetid="108056231" confidence="0.8">
<business wordnetid="108061042" confidence="0.8">
<institution wordnetid="108053576" confidence="0.8">
<link xlink:type="simple" xlink:href="../237/1393237.xml">
 LM Aeronautics</link></institution>
</business>
</enterprise>
</company>
</manufacturer>
&nbsp;· 
<link xlink:type="simple" xlink:href="../167/18626167.xml">
LM Canada</link>&nbsp;· 
<link xlink:type="simple" xlink:href="../252/4707252.xml">
LM Information Technology</link>&nbsp;· 
<link xlink:type="simple" xlink:href="../970/6475970.xml">
 LM Maritime Systems and Sensors</link>&nbsp;· 
<link xlink:type="simple" xlink:href="../601/5976601.xml">
 LM Missiles and Fire Control</link>&nbsp;· 
<company wordnetid="108058098" confidence="0.9508927676800064">
<link xlink:type="simple" xlink:href="../271/3290271.xml">
LM Orincon</link></company>
&nbsp;· 
<link xlink:type="simple" xlink:href="../793/3153793.xml">
LM Simulation, Training &amp; Support</link>&nbsp;· 
<manufacturer wordnetid="108060446" confidence="0.8">
<company wordnetid="108058098" confidence="0.8">
<enterprise wordnetid="108056231" confidence="0.8">
<business wordnetid="108061042" confidence="0.8">
<institution wordnetid="108053576" confidence="0.8">
<link xlink:type="simple" xlink:href="../625/1391625.xml">
LM Space Systems</link></institution>
</business>
</enterprise>
</company>
</manufacturer>
&nbsp;· 
<link xlink:type="simple" xlink:href="../617/6707617.xml">
LM Systems Integration - Owego</link>&nbsp;· 
<link>
LM Transportation &amp; Security Solutions</link>&nbsp;· 
<company wordnetid="108058098" confidence="0.8">
<institution wordnetid="108053576" confidence="0.8">
<link xlink:type="simple" xlink:href="../055/923055.xml">
LM UK</link></institution>
</company>
&nbsp;· 
<link xlink:type="simple" xlink:href="../455/995455.xml">
Savi Technology</link>&nbsp;· 
<company wordnetid="108058098" confidence="0.9508927676800064">
<link xlink:type="simple" xlink:href="../579/3575579.xml">
United Space Alliance</link></company>
&nbsp;· 
<company wordnetid="108058098" confidence="0.9508927676800064">
<link xlink:type="simple" xlink:href="../089/4164089.xml">
United Launch Alliance</link></company>
</p>
</col>
</row>
</table>
</col>
</row>
<row style="height:2px">

</row>
<row>
<col colspan="2" style="width:100%;padding:0px;;;" class="navbox-list navbox-even">
<table style="width:100%;;;;" class="nowraplinks collapsible autocollapse navbox-subgroup" cellspacing="0">
<row>
<header colspan="2" style=";background:#bbcce3;" class="navbox-title">
&nbsp;Facilities</header>
</row>
<row style="height:2px;">

</row>
<row>
<col colspan="2" style="width:100%;padding:0px;;;" class="navbox-list navbox-odd"><p>

<conveyance wordnetid="103100490" confidence="0.8">
<airship wordnetid="102692877" confidence="0.8">
<structure wordnetid="104341686" confidence="0.8">
<craft wordnetid="103125870" confidence="0.8">
<building wordnetid="102913152" confidence="0.8">
<artifact wordnetid="100021939" confidence="0.8">
<instrumentality wordnetid="103575240" confidence="0.8">
<lighter-than-air_craft wordnetid="103666917" confidence="0.8">
<vehicle wordnetid="104524313" confidence="0.8">
<aircraft wordnetid="102686568" confidence="0.8">
<link xlink:type="simple" xlink:href="../875/4432875.xml">
Goodyear Airdock</link></aircraft>
</vehicle>
</lighter-than-air_craft>
</instrumentality>
</artifact>
</building>
</craft>
</structure>
</airship>
</conveyance>
&nbsp;· 
<structure wordnetid="104341686" confidence="0.8">
<building wordnetid="102913152" confidence="0.8">
<artifact wordnetid="100021939" confidence="0.8">
<link xlink:type="simple" xlink:href="../308/4897308.xml">
Knolls Atomic Power Laboratory</link></artifact>
</building>
</structure>
&nbsp;· 
<link xlink:type="simple" xlink:href="../315/2914315.xml">
LM Space Applications Laboratory</link>&nbsp;· 
<structure wordnetid="104341686" confidence="0.8">
<building wordnetid="102913152" confidence="0.8">
<artifact wordnetid="100021939" confidence="0.8">
<facility wordnetid="103315023" confidence="0.8">
<link xlink:type="simple" xlink:href="../115/1247115.xml">
Michoud Assembly Facility</link></facility>
</artifact>
</building>
</structure>
&nbsp;· 
<site wordnetid="108651247" confidence="0.8">
<region wordnetid="108630985" confidence="0.8">
<artifact wordnetid="100021939" confidence="0.8">
<instrumentality wordnetid="103575240" confidence="0.8">
<location wordnetid="100027167" confidence="0.8">
<tract wordnetid="108673395" confidence="0.8">
<weapon wordnetid="104565375" confidence="0.8">
<device wordnetid="103183080" confidence="0.8">
<geographical_area wordnetid="108574314" confidence="0.8">
<instrument wordnetid="103574816" confidence="0.8">
<link xlink:type="simple" xlink:href="../558/155558.xml">
Sandia National Laboratories</link></instrument>
</geographical_area>
</device>
</weapon>
</tract>
</location>
</instrumentality>
</artifact>
</region>
</site>
&nbsp;· 
<link xlink:type="simple" xlink:href="../249/55249.xml#xpointer(//*[./st=%22Lockheed's+Skunk+Works%22])">
Skunk Works</link></p>
</col>
</row>
</table>
</col>
</row>
<row style="height:2px">

</row>
<row>
<col colspan="2" style="width:100%;padding:0px;;;" class="navbox-list navbox-odd">
<table style="width:100%;;;;" class="nowraplinks collapsible autocollapse navbox-subgroup" cellspacing="0">
<row>
<header colspan="2" style=";" class="navbox-title">
&nbsp;Active products</header>
</row>
<row style="height:2px;">

</row>
<row>
<col colspan="2" style="width:100%;padding:0px;;;" class="navbox-list navbox-odd"><p>

<computer wordnetid="103082979" confidence="0.8">
<artifact wordnetid="100021939" confidence="0.8">
<instrumentality wordnetid="103575240" confidence="0.8">
<measuring_instrument wordnetid="103733925" confidence="0.8">
<weapon wordnetid="104565375" confidence="0.8">
<device wordnetid="103183080" confidence="0.8">
<radar wordnetid="104039848" confidence="0.8">
<instrument wordnetid="103574816" confidence="0.8">
<machine wordnetid="103699975" confidence="0.8">
<link>
Aegis</link></machine>
</instrument>
</radar>
</device>
</weapon>
</measuring_instrument>
</instrumentality>
</artifact>
</computer>
&nbsp;· 
<software wordnetid="106566077" confidence="0.9508927676800064">
<link xlink:type="simple" xlink:href="../222/10804222.xml">
AeroText</link></software>
&nbsp;· 
<link xlink:type="simple" xlink:href="../070/788070.xml">
Asroc</link>&nbsp;· 
<link xlink:type="simple" xlink:href="../015/147015.xml">
ATACMS</link>&nbsp;· 
<rocket wordnetid="104099429" confidence="0.9508927676800064">
<link xlink:type="simple" xlink:href="../778/1824778.xml">
Atlas V rocket</link></rocket>
&nbsp;· 
<aircraft wordnetid="102686568" confidence="0.9508927676800064">
<link xlink:type="simple" xlink:href="../434/160434.xml">
C-5</link></aircraft>
&nbsp;· 
<aircraft wordnetid="102686568" confidence="0.9508927676800064">
<link xlink:type="simple" xlink:href="../697/7697.xml">
C-130</link></aircraft>
&nbsp;· 
<idea wordnetid="105833840" confidence="0.8">
<concept wordnetid="105835747" confidence="0.8">
<artifact wordnetid="100021939" confidence="0.8">
<instrumentality wordnetid="103575240" confidence="0.8">
<component wordnetid="105868954" confidence="0.8">
<container wordnetid="103094503" confidence="0.8">
<part wordnetid="105867413" confidence="0.8">
<link xlink:type="simple" xlink:href="../937/679937.xml">
Space Shuttle External Fuel Tank</link></part>
</container>
</component>
</instrumentality>
</artifact>
</concept>
</idea>
&nbsp;· 
<link xlink:type="simple" xlink:href="../715/3684715.xml">
 Force Hawk</link>&nbsp;· 
<aircraft wordnetid="102686568" confidence="0.9508927676800064">
<link xlink:type="simple" xlink:href="../813/11813.xml">
F-16</link></aircraft>
&nbsp;· 
<aircraft wordnetid="102686568" confidence="0.9508927676800064">
<link xlink:type="simple" xlink:href="../299/66299.xml">
F-22</link></aircraft>
&nbsp;· 
<aircraft wordnetid="102686568" confidence="0.9508927676800064">
<link xlink:type="simple" xlink:href="../812/11812.xml">
F-35</link></aircraft>
&nbsp;· 
<conveyance wordnetid="103100490" confidence="0.8">
<artifact wordnetid="100021939" confidence="0.8">
<instrumentality wordnetid="103575240" confidence="0.8">
<missile wordnetid="103773504" confidence="0.8">
<rocket wordnetid="104099429" confidence="0.8">
<weapon wordnetid="104565375" confidence="0.8">
<vehicle wordnetid="104524313" confidence="0.8">
<device wordnetid="103183080" confidence="0.8">
<instrument wordnetid="103574816" confidence="0.8">
<air-to-ground_missile wordnetid="102693540" confidence="0.8">
<link xlink:type="simple" xlink:href="../314/3377314.xml">
JASSM</link></air-to-ground_missile>
</instrument>
</device>
</vehicle>
</weapon>
</rocket>
</missile>
</instrumentality>
</artifact>
</conveyance>
&nbsp;· 
<weapon wordnetid="104565375" confidence="0.9508927676800064">
<link xlink:type="simple" xlink:href="../575/315575.xml">
Javelin</link></weapon>
&nbsp;· 
<link xlink:type="simple" xlink:href="../572/3718572.xml">
JCM</link>&nbsp;· 
<weapon wordnetid="104565375" confidence="0.9508927676800064">
<link xlink:type="simple" xlink:href="../151/38151.xml">
Hellfire</link></weapon>
&nbsp;· 
<link xlink:type="simple" xlink:href="../011/147011.xml">
HIMARS</link>&nbsp;· 
<conveyance wordnetid="103100490" confidence="0.8">
<artifact wordnetid="100021939" confidence="0.8">
<instrumentality wordnetid="103575240" confidence="0.8">
<missile wordnetid="103773504" confidence="0.8">
<rocket wordnetid="104099429" confidence="0.8">
<weapon wordnetid="104565375" confidence="0.8">
<vehicle wordnetid="104524313" confidence="0.8">
<surface-to-air_missile wordnetid="104363210" confidence="0.8">
<device wordnetid="103183080" confidence="0.8">
<guided_missile wordnetid="103466162" confidence="0.8">
<instrument wordnetid="103574816" confidence="0.8">
<link xlink:type="simple" xlink:href="../730/1034730.xml">
MEADS</link></instrument>
</guided_missile>
</device>
</surface-to-air_missile>
</vehicle>
</weapon>
</rocket>
</missile>
</instrumentality>
</artifact>
</conveyance>
&nbsp;· 
<link xlink:type="simple" xlink:href="../202/1167202.xml">
Milstar</link>&nbsp;· 
<weapon wordnetid="104565375" confidence="0.9508927676800064">
<link xlink:type="simple" xlink:href="../976/932976.xml">
MLRS</link></weapon>
&nbsp;· 
<link xlink:type="simple" xlink:href="../185/2088185.xml">
MUOS</link>&nbsp;· 
<satellite wordnetid="104137444" confidence="0.8">
<artifact wordnetid="100021939" confidence="0.8">
<instrumentality wordnetid="103575240" confidence="0.8">
<equipment wordnetid="103294048" confidence="0.8">
<link xlink:type="simple" xlink:href="../970/2516970.xml">
Nimiq</link></equipment>
</instrumentality>
</artifact>
</satellite>
&nbsp;· 
<link xlink:type="simple" xlink:href="../291/454291.xml">
Orion spacecraft</link> (under development)&nbsp;· 
<aircraft wordnetid="102686568" confidence="0.9508927676800064">
<link xlink:type="simple" xlink:href="../863/162863.xml">
P-3</link></aircraft>
&nbsp;· 
<conveyance wordnetid="103100490" confidence="0.8">
<artifact wordnetid="100021939" confidence="0.8">
<instrumentality wordnetid="103575240" confidence="0.8">
<missile wordnetid="103773504" confidence="0.8">
<rocket wordnetid="104099429" confidence="0.8">
<weapon wordnetid="104565375" confidence="0.8">
<vehicle wordnetid="104524313" confidence="0.8">
<device wordnetid="103183080" confidence="0.8">
<instrument wordnetid="103574816" confidence="0.8">
<link xlink:type="simple" xlink:href="../960/3777960.xml">
Predator missile</link></instrument>
</device>
</vehicle>
</weapon>
</rocket>
</missile>
</instrumentality>
</artifact>
</conveyance>
&nbsp;· 
<satellite wordnetid="104137444" confidence="0.8">
<artifact wordnetid="100021939" confidence="0.8">
<instrumentality wordnetid="103575240" confidence="0.8">
<equipment wordnetid="103294048" confidence="0.8">
<link xlink:type="simple" xlink:href="../132/934132.xml">
SBIRS</link></equipment>
</instrumentality>
</artifact>
</satellite>
&nbsp;· 
<conveyance wordnetid="103100490" confidence="0.8">
<artifact wordnetid="100021939" confidence="0.8">
<instrumentality wordnetid="103575240" confidence="0.8">
<missile wordnetid="103773504" confidence="0.8">
<rocket wordnetid="104099429" confidence="0.8">
<weapon wordnetid="104565375" confidence="0.8">
<vehicle wordnetid="104524313" confidence="0.8">
<device wordnetid="103183080" confidence="0.8">
<instrument wordnetid="103574816" confidence="0.8">
<link xlink:type="simple" xlink:href="../696/1034696.xml">
THAAD</link></instrument>
</device>
</vehicle>
</weapon>
</rocket>
</missile>
</instrumentality>
</artifact>
</conveyance>
&nbsp;· 
<sheath wordnetid="105238036" confidence="0.8">
<natural_object wordnetid="100019128" confidence="0.8">
<covering wordnetid="109257949" confidence="0.8">
<husk wordnetid="113139647" confidence="0.8">
<pod wordnetid="113140049" confidence="0.8">
<link xlink:type="simple" xlink:href="../460/1087460.xml">
Sniper XR</link></pod>
</husk>
</covering>
</natural_object>
</sheath>
&nbsp;· 
<link>
T-50</link>&nbsp;· 
<weapon wordnetid="104565375" confidence="0.9508927676800064">
<link xlink:type="simple" xlink:href="../158/31158.xml">
Trident missile</link></weapon>
&nbsp;· 
<link xlink:type="simple" xlink:href="../903/4838903.xml">
VH-71/US101</link>&nbsp;· 
<aircraft wordnetid="102686568" confidence="0.9508927676800064">
<link xlink:type="simple" xlink:href="../310/32310.xml">
U-2</link></aircraft>
</p>
</col>
</row>
</table>
</col>
</row>
<row style="height:2px">

</row>
<row>
<col colspan="2" style="width:100%;padding:0px;;;" class="navbox-list navbox-even">
<table style="width:100%;;;;" class="nowraplinks collapsible autocollapse navbox-subgroup" cellspacing="0">
<row>
<header colspan="2" style=";" class="navbox-title">
&nbsp;Statistics</header>
</row>
<row style="height:2px;">

</row>
<row>
<col colspan="2" style="width:100%;padding:0px;;;" class="navbox-list navbox-odd"><p>

<b>Annual Revenue</b>: ▲$37.2 billion <link xlink:type="simple" xlink:href="../338/18717338.xml">
USD</link> (<link xlink:type="simple" xlink:href="../099/5752099.xml">
FY</link>2005)&nbsp;· 
<b>Employees</b>:&nbsp;135,000&nbsp;· 
<b>Stock Symbol</b>:&nbsp;<site wordnetid="108651247" confidence="0.8">
<region wordnetid="108630985" confidence="0.8">
<position wordnetid="108621598" confidence="0.8">
<point wordnetid="108620061" confidence="0.8">
<landmark wordnetid="108624891" confidence="0.8">
<geographic_point wordnetid="108578706" confidence="0.8">
<location wordnetid="100027167" confidence="0.8">
<tract wordnetid="108673395" confidence="0.8">
<workplace wordnetid="104602044" confidence="0.8">
<geographical_area wordnetid="108574314" confidence="0.8">
<stock_exchange wordnetid="104323026" confidence="0.8">
<exchange wordnetid="103302487" confidence="0.8">
<link xlink:type="simple" xlink:href="../560/21560.xml">
NYSE</link></exchange>
</stock_exchange>
</geographical_area>
</workplace>
</tract>
</location>
</geographic_point>
</landmark>
</point>
</position>
</region>
</site>
:&nbsp;<weblink xlink:type="simple" xlink:href="http://www.nyse.com/about/listed/lcddata.html?ticker=LMT">
LMT</weblink>&nbsp;· 
<b>CEO: </b> <physical_entity wordnetid="100001930" confidence="0.8">
<executive wordnetid="110069645" confidence="0.8">
<person wordnetid="100007846" confidence="0.8">
<leader wordnetid="109623038" confidence="0.8">
<administrator wordnetid="109770949" confidence="0.8">
<causal_agent wordnetid="100007347" confidence="0.8">
<head wordnetid="110162991" confidence="0.8">
<link xlink:type="simple" xlink:href="../646/2219646.xml">
Robert J. Stevens</link></head>
</causal_agent>
</administrator>
</leader>
</person>
</executive>
</physical_entity>
&nbsp;· 
<b>Website</b>:&nbsp;<weblink xlink:type="simple" xlink:href="http://www.lockheedmartin.com/">
www.lockheedmartin.com</weblink></p>
</col>
</row>
</table>
</col>
</row>
</table>
</col>
</row>
</table>
</p>


</sec>
</bdy>
</software>
</application>
</article>
