<?xml version="1.0" encoding="UTF-8"?>
<!-- generated by CLiX/Wiki2XML [MPI-Inf, MMCI@UdS] $LastChangedRevision: 92 $ on 17.04.2009 00:19:31[mciao0828] -->
<!DOCTYPE article SYSTEM "../article.dtd">
<article xmlns:xlink="http://www.w3.org/1999/xlink">
<ethnic_group  confidence="0.8" wordnetid="107967382">
<entity  confidence="0.9511911446218017" wordnetid="100001740">
<group  confidence="0.8" wordnetid="100031264">
<header>
<title>Asian American history</title>
<id>10805630</id>
<revision>
<id>239374506</id>
<timestamp>2008-09-18T20:50:43Z</timestamp>
<contributor>
<username>FunPika</username>
<id>1091044</id>
</contributor>
</revision>
<categories>
<category>Immigration by continent</category>
<category>Asian Americans</category>
<category>Ethnic groups in the United States</category>
</categories>
</header>
<bdy>

<p>

<b>Asian American history</b> is the history of an ethnic and racial groups in the <body wordnetid="107965085" confidence="0.8">
<social_group wordnetid="107950920" confidence="0.8">
<political_orientation wordnetid="106212839" confidence="0.8">
<colony wordnetid="108374049" confidence="0.8">
<state wordnetid="108168978" confidence="0.8">
<political_unit wordnetid="108359949" confidence="0.8">
<group wordnetid="100031264" confidence="0.8">
<democracy wordnetid="106217103" confidence="0.8">
<link xlink:type="simple" xlink:href="../750/3434750.xml">
United States</link></democracy>
</group>
</political_unit>
</state>
</colony>
</political_orientation>
</social_group>
</body>
 who are immigrants or descendants of persons from the continent of Asia.</p>

<sec>
<st>
 Asian Americans </st>


<p>

<indent level="1">

<it>Main article: <ethnic_group wordnetid="107967382" confidence="0.9508927676800064">
<link xlink:type="simple" xlink:href="../898/148898.xml">
Asian American</link></ethnic_group>
</it>
</indent>

Asian American history is the history of individual ethnic groups, and also the common history of groups often affected by the same laws and a culture that often saw them as one racial group. Since the late 1960s and 1970s, many activists and academics referred to an "Asian American movement" similar to the civil rights movement to refer to efforts across different Asian groups to promote their common welfare.</p>
<p>

In the latter 20th century, spurred by the 1965 Immigration Act, Asians from many different groups immigrated in larger numbers, often arriving as college students, or skilled workers with degrees. Their image of success was portrayed with headlines of the "Model Minority".</p>

</sec>
<sec>
<st>
 Chronology </st>
<p>

<list>
<entry level="1" type="bullet">

 <b>1763</b>, <link xlink:type="simple" xlink:href="../929/176929.xml">
Filipinos</link> established the small settlement of <link xlink:type="simple" xlink:href="../794/196794.xml">
Saint Malo</link> in the bayous of current-day Louisiana, after fleeing mistreatment aboard Spanish ships. Since there were no Filipino women with them, the <link xlink:type="simple" xlink:href="../009/2318009.xml">
Manilamen</link>, as they were known, married Cajun and Native American women.</entry>
</list>
</p>
<p>

<list>
<entry level="1" type="bullet">

 <b>1778</b>, Chinese sailors first came to <symbol wordnetid="106806469" confidence="0.9508927676800064">
<link xlink:type="simple" xlink:href="../270/13270.xml">
Hawaii</link></symbol>
, the same year that Captain James Cook came upon the island. Many settled and married Hawaiian women. </entry>
</list>
</p>
<p>

<list>
<entry level="1" type="bullet">

 <b>1820</b>, Chinese (mostly merchants, sailors, and students) begin to immigrate after advent of the Sino-U.S. maritime trade. </entry>
</list>
</p>
<p>

<list>
<entry level="1" type="bullet">

 <b>1841</b>, <link xlink:type="simple" xlink:href="../801/15801.xml">
June 27</link> Captain Whitfield, commanding a <region wordnetid="108630039" confidence="0.8">
<location wordnetid="100027167" confidence="0.8">
<link xlink:type="simple" xlink:href="../177/447177.xml">
New England</link></location>
</region>
 sailing vessel, rescues five shipwrecked Japanese sailors. Four disembark at <link xlink:type="simple" xlink:href="../887/13887.xml">
Honolulu</link>, however <link xlink:type="simple" xlink:href="../353/316353.xml">
Manjiro Nakahama</link> stays on board returning with Whitfield to <link xlink:type="simple" xlink:href="../634/661634.xml">
Fairhaven</link>, <country wordnetid="108544813" confidence="0.9508927676800064">
<link xlink:type="simple" xlink:href="../518/1645518.xml">
Massachusetts</link></country>
. After attending school in New England and adopting the name John Manjiro, he later became an interpreter for Commodore <link xlink:type="simple" xlink:href="../728/204728.xml">
Matthew Perry</link>.</entry>
</list>
</p>
<p>

<list>
<entry level="1" type="bullet">

 <b>1850</b>, seventeen survivors of a Japanese shipwreck were saved by the American freighter <it>Auckland</it>. In 1852, the group was sent to <country wordnetid="108544813" confidence="0.9508927676800064">
<link xlink:type="simple" xlink:href="../068/19068.xml">
Macau</link></country>
 to join Commodore <person wordnetid="100007846" confidence="0.9508927676800064">
<link xlink:type="simple" xlink:href="../728/204728.xml">
Matthew Perry</link></person>
 as a gesture to help open diplomatic relations with Japan. One of them, <physical_entity wordnetid="100001930" confidence="0.8">
<citizen wordnetid="109923673" confidence="0.8">
<communicator wordnetid="109610660" confidence="0.8">
<person wordnetid="100007846" confidence="0.8">
<national wordnetid="109625401" confidence="0.8">
<causal_agent wordnetid="100007347" confidence="0.8">
<writer wordnetid="110794014" confidence="0.8">
<link xlink:type="simple" xlink:href="../809/1699809.xml">
Joseph Heco</link></writer>
</causal_agent>
</national>
</person>
</communicator>
</citizen>
</physical_entity>
 (Hikozo Hamada) went on to become a naturalized US citizen.</entry>
</list>
</p>
<p>

<list>
<entry level="1" type="bullet">

 <b>1854</b>, the California Supreme Court case ruled that the testimony of a Chinese man who witnessed a murder by a white man was inadmissible.<ref xlink:type="simple" xlink:href="#xpointer(//reflist/entry[@id=%221%22])">1</ref> </entry>
</list>
</p>
<p>

<list>
<entry level="1" type="bullet">

 <b>1861</b> The utopian minister Thomas Lake Harris of the <link>
Brotherhood of the New Life</link> visits <country wordnetid="108544813" confidence="0.9508927676800064">
<link xlink:type="simple" xlink:href="../316/9316.xml">
England</link></country>
, where he meets <link>
Nagasawa Kanaye</link>, who becomes a convert. Nagasawa returns to the US with Harris and follows him to <link>
Fountaingrove</link> in <link xlink:type="simple" xlink:href="../455/473455.xml">
Santa Rosa</link>, <country wordnetid="108544813" confidence="0.9508927676800064">
<link xlink:type="simple" xlink:href="../407/5407.xml">
California</link></country>
. When Harris leaves the Californian <message wordnetid="106598915" confidence="0.8">
<information wordnetid="106634376" confidence="0.8">
<electronic_database wordnetid="106588511" confidence="0.8">
<social_group wordnetid="107950920" confidence="0.8">
<lexical_database wordnetid="106638868" confidence="0.8">
<gathering wordnetid="107975026" confidence="0.8">
<community wordnetid="108223802" confidence="0.8">
<wordnet wordnetid="106639428" confidence="0.8">
<group wordnetid="100031264" confidence="0.8">
<database wordnetid="106637824" confidence="0.8">
<link xlink:type="simple" xlink:href="../521/999521.xml">
commune</link></database>
</group>
</wordnet>
</community>
</gathering>
</lexical_database>
</social_group>
</electronic_database>
</information>
</message>
, Nagasawa became the leader and remained there until his death in 1932.</entry>
</list>
</p>
<p>

<list>
<entry level="1" type="bullet">

 <b>1862</b>, California passed a "police tax" of $2.50 a month on every Chinese</entry>
</list>
</p>
<p>

<list>
<entry level="1" type="bullet">

 <b>1865</b>, The Central Pacific Railroad Co. recruited Chinese workers for the transcontinental railroad when they could not find sufficient numbers of Irish workers. Many died in the harsh conditions blasting through difficult mountain terrain. </entry>
</list>
</p>
<p>

<list>
<entry level="1" type="bullet">

 <b>1869</b>, A group of Japanese people arrive at Gold Hills, California and build the <link>
Wakamatsu Tea and Silk Colony</link>. Okei becomes the first recorded Japanese woman to die and be buried in the US.</entry>
</list>
</p>
<p>

<list>
<entry level="1" type="bullet">

 <b>1878</b>, Chinese are ruled ineligible for naturalized citizenship.</entry>
</list>
</p>
<p>

<list>
<entry level="1" type="bullet">

 <b>1882</b>, Chinese Exclusion Act is passed banning immigration from China.</entry>
</list>
</p>
<p>

<list>
<entry level="1" type="bullet">

 <b>1887</b>, The brutal 2-day massacre of 31 Chinese miners in Snake River, Oregon which was not discovered until 1995.</entry>
</list>
</p>
<p>

<list>
<entry level="1" type="bullet">

 <b>1890</b>, First wave of Japanese immigrants to provide labor in Hawai&amp;#x02BB;i sugarcane and pineapple plantations, California fruit and produce farms</entry>
</list>
</p>
<p>

<list>
<entry level="1" type="bullet">

 <b>1893</b> The <link xlink:type="simple" xlink:href="../728/49728.xml">
San Francisco</link> Education Board attempts to introduce segregation, but withdraws following protests by the Japanese government.</entry>
</list>
</p>
<p>

<list>
<entry level="1" type="bullet">

 <b>1902</b>, <poet wordnetid="110444194" confidence="0.9173553029164789">
<literary_critic wordnetid="110266016" confidence="0.9173553029164789">
<writer wordnetid="110794014" confidence="0.9508927676800064">
<essayist wordnetid="110064405" confidence="0.9173553029164789">
<link xlink:type="simple" xlink:href="../330/3416330.xml">
Yone Noguchi</link></essayist>
</writer>
</literary_critic>
</poet>
 publishes the <it>The American Diary of a Japanese Girl</it>.</entry>
</list>
</p>
<p>

<list>
<entry level="1" type="bullet">

 <b>1903</b> <link xlink:type="simple" xlink:href="../858/1310858.xml">
Ahn Chang Ho</link>, pen name Dosan, founded the Friendship Society in 1903 and the Mutual Assistant Society.</entry>
</list>
</p>
<p>

<list>
<entry level="1" type="bullet">

 <b>1904</b>, <link xlink:type="simple" xlink:href="../543/98543.xml">
Seungman Rhee</link> (이승만), comes to the United States and earns a Bachelors at George Washington University and a Ph.D from Princeton University.  In 1910, he returned to Korea and became a political activist during Japanese occupation of Korea.  He later became the first president of South Korea.  </entry>
</list>
</p>
<p>

<list>
<entry level="1" type="bullet">

 <b>1907</b>, <statement wordnetid="106722453" confidence="0.8">
<message wordnetid="106598915" confidence="0.8">
<document wordnetid="106470073" confidence="0.8">
<legal_document wordnetid="106479665" confidence="0.8">
<treaty wordnetid="106773434" confidence="0.8">
<agreement wordnetid="106770275" confidence="0.8">
<written_communication wordnetid="106349220" confidence="0.8">
<writing wordnetid="106362953" confidence="0.8">
<written_agreement wordnetid="106771653" confidence="0.8">
<link xlink:type="simple" xlink:href="../723/251723.xml">
Gentlemen's Agreement</link></written_agreement>
</writing>
</written_communication>
</agreement>
</treaty>
</legal_document>
</document>
</message>
</statement>
 between United States and Japan that Japan would stop issuing passports for new laborers</entry>
</list>
</p>
<p>

<list>
<entry level="1" type="bullet">

 <b>1910</b>, Angel Island opens as a major immigration station for as many as 175,000 Chinese and 60,000 Japanese immigrants between 1910 and 1940.</entry>
</list>
</p>
<p>

<list>
<entry level="1" type="bullet">

 <b>1913</b>, <link xlink:type="simple" xlink:href="../793/2177793.xml">
California Alien Land Law of 1913</link> ban Japanese from purchasing land; whites threatened by Japanese success in independent farming ventures</entry>
</list>
</p>
<p>

<list>
<entry level="1" type="bullet">

 <b>1918</b>, <physical_entity wordnetid="100001930" confidence="0.8">
<citizen wordnetid="109923673" confidence="0.8">
<communicator wordnetid="109610660" confidence="0.8">
<person wordnetid="100007846" confidence="0.8">
<national wordnetid="109625401" confidence="0.8">
<causal_agent wordnetid="100007347" confidence="0.8">
<writer wordnetid="110794014" confidence="0.8">
<link xlink:type="simple" xlink:href="../741/2177741.xml">
Bhagat Singh Thind</link></writer>
</causal_agent>
</national>
</person>
</communicator>
</citizen>
</physical_entity>
 first Asian to be recruited by US Army</entry>
</list>
</p>
<p>

<list>
<entry level="1" type="bullet">

 <b>1924</b>, United States <link xlink:type="simple" xlink:href="../359/827359.xml">
Immigration Act of 1924</link> (Oriental Exclusion Act) banned most immigration from Asia.</entry>
</list>
</p>
<p>

<list>
<entry level="1" type="bullet">

 <b>1930</b>, Anti-Filipino riot occurred in Watsonville, California.</entry>
</list>
</p>
<p>

<list>
<entry level="1" type="bullet">

 <b>1933</b>, Filipinos are ruled ineligible for citizenship barring immigration.</entry>
</list>
</p>
<p>

<list>
<entry level="1" type="bullet">

 <b>1935</b>, <link xlink:type="simple" xlink:href="../811/55811.xml">
Tydings-McDuffie</link> Act gives "Commonwealth" status to the Philippines hence allowing immigration of Filipinos.</entry>
</list>
</p>
<p>

<list>
<entry level="1" type="bullet">

 <b>1941</b>, <conflict wordnetid="100958896" confidence="0.9508927676800064">
<link xlink:type="simple" xlink:href="../098/60098.xml">
Japan air force attacked Honolulu</link></conflict>
; U.S. federal government arrest Japanese community leaders.</entry>
</list>
</p>
<p>

<list>
<entry level="1" type="bullet">

 <b>1942</b>, U.S. President <link xlink:type="simple" xlink:href="../979/10979.xml">
Franklin D. Roosevelt</link> signs <order wordnetid="107168623" confidence="0.8">
<event wordnetid="100029378" confidence="0.8">
<command wordnetid="107168131" confidence="0.8">
<act wordnetid="100030358" confidence="0.8">
<psychological_feature wordnetid="100023100" confidence="0.8">
<speech_act wordnetid="107160883" confidence="0.8">
<link xlink:type="simple" xlink:href="../778/9778.xml">
Executive Order 9066</link></speech_act>
</psychological_feature>
</act>
</command>
</event>
</order>
 on February 19, uprooting Asian Americans of Japanese descent on the west coast to be sent to <link xlink:type="simple" xlink:href="../537/191537.xml">
Internment camps</link>.</entry>
</list>
</p>
<p>

<list>
<entry level="1" type="bullet">

 <b>1943</b>, Japanese soldiers from Hawai&amp;#x02BB;i join the U.S. Army <link xlink:type="simple" xlink:href="../991/1974991.xml">
100th Battalion</link> arrive in <link xlink:type="simple" xlink:href="../239/9239.xml">
Europe</link></entry>
</list>
</p>
<p>

<list>
<entry level="1" type="bullet">

 <b>1944</b>, U.S. Army 100th Battalion merges with the all-volunteer Asian Americans of Japanese descent <link xlink:type="simple" xlink:href="../110/1446110.xml">
442nd Regimental Combat Team</link></entry>
</list>
</p>
<p>

<list>
<entry level="1" type="bullet">

 <b>1945</b>, 442nd Regimental Combat team awarded 18,143 decorations including 9,486 Purple Heart decorations becoming the highest decorated military unit in United States history</entry>
</list>
</p>
<p>

<list>
<entry level="1" type="bullet">

 <b>1957</b>, <congressman wordnetid="109955781" confidence="0.9508927676800064">
<link xlink:type="simple" xlink:href="../305/2579305.xml">
Dalip Singh Saund</link></congressman>
 first Asian to be elected for Congress</entry>
</list>
</p>
<p>

<list>
<entry level="1" type="bullet">

 <b>1963</b>, Daniel K. Inouye elected for the US Senate</entry>
</list>
</p>
<p>

<list>
<entry level="1" type="bullet">

 <b>1965</b>, <link xlink:type="simple" xlink:href="../550/712550.xml">
Patsy T. Mink</link> becomes the first woman of color in Congress</entry>
</list>
</p>
<p>

<list>
<entry level="1" type="bullet">

 <b>1971</b>, <link xlink:type="simple" xlink:href="../810/152810.xml">
Norman Y. Mineta</link> elected mayor of <village wordnetid="108672738" confidence="0.9508927676800064">
<link xlink:type="simple" xlink:href="../446/53446.xml">
San Jose, California</link></village>
; becomes first Asian American mayor of a major US city; <skilled_worker wordnetid="110605985" confidence="0.8">
<expert wordnetid="109617867" confidence="0.8">
<physical_entity wordnetid="100001930" confidence="0.8">
<adjudicator wordnetid="109769636" confidence="0.8">
<jurist wordnetid="110227985" confidence="0.8">
<person wordnetid="100007846" confidence="0.8">
<intellectual wordnetid="109621545" confidence="0.8">
<adult wordnetid="109605289" confidence="0.8">
<professional wordnetid="110480253" confidence="0.8">
<judge wordnetid="110225219" confidence="0.8">
<worker wordnetid="109632518" confidence="0.8">
<alumnus wordnetid="109786338" confidence="0.8">
<official wordnetid="110372373" confidence="0.8">
<causal_agent wordnetid="100007347" confidence="0.8">
<lawyer wordnetid="110249950" confidence="0.8">
<scholar wordnetid="110557854" confidence="0.8">
<link xlink:type="simple" xlink:href="../297/1561297.xml">
Herbert Choy</link></scholar>
</lawyer>
</causal_agent>
</official>
</alumnus>
</worker>
</judge>
</professional>
</adult>
</intellectual>
</person>
</jurist>
</adjudicator>
</physical_entity>
</expert>
</skilled_worker>
 nominated supreme court justice.</entry>
</list>
</p>
<p>

<list>
<entry level="1" type="bullet">

 <b>1974</b>, <link xlink:type="simple" xlink:href="../272/425272.xml">
George R. Ariyoshi</link> elected governor in the State of Hawai&amp;#x02BB;i</entry>
</list>
</p>
<p>

<list>
<entry level="1" type="bullet">

 <b>1976</b>, <link xlink:type="simple" xlink:href="../844/416844.xml">
Samuel Ichiye (S. I.) Hayakawa</link> of California and <senator wordnetid="110578471" confidence="0.9508927676800064">
<link xlink:type="simple" xlink:href="../406/542406.xml">
Spark Matsunaga</link></senator>
 of Hawai&amp;#x02BB;i elected as US Senators</entry>
</list>
</p>
<p>

<list>
<entry level="1" type="bullet">

 <b>1978</b>, <link xlink:type="simple" xlink:href="../328/178328.xml">
Ellison S. Onizuka</link> becomes the first Asian American astronaut</entry>
</list>
</p>
<p>

<list>
<entry level="1" type="bullet">

 <b>1980</b>, Congress creates Commission on Wartime Relocation and Internment of Civilians to investigate <military_action wordnetid="100952963" confidence="0.8">
<group_action wordnetid="101080366" confidence="0.8">
<event wordnetid="100029378" confidence="0.8">
<conflict wordnetid="100958896" confidence="0.8">
<act wordnetid="100030358" confidence="0.8">
<psychological_feature wordnetid="100023100" confidence="0.8">
<war wordnetid="100973077" confidence="0.8">
<link xlink:type="simple" xlink:href="../927/32927.xml">
World War II</link></war>
</psychological_feature>
</act>
</conflict>
</event>
</group_action>
</military_action>
 unjust policies against Japanese Americans.</entry>
</list>
</p>
<p>

<list>
<entry level="1" type="bullet">

 <b>1982</b>, <person wordnetid="100007846" confidence="0.9508927676800064">
<draftsman wordnetid="110029269" confidence="0.9173553029164789">
<link xlink:type="simple" xlink:href="../059/271059.xml">
Vincent Chin</link></draftsman>
</person>
 accused of being a Japanese who were blamed for the loss of manufacturing jobs in the United States and subsequently beaten to death.</entry>
</list>
</p>
<p>

<list>
<entry level="1" type="bullet">

 <b>1983</b>, Commission reports Japanese American internment was not a national security necessity.</entry>
</list>
</p>
<p>

<list>
<entry level="1" type="bullet">

 <b>1988</b>, U.S. President <president wordnetid="110468559" confidence="0.9508927676800064">
<person wordnetid="100007846" confidence="0.9508927676800064">
<actor wordnetid="109765278" confidence="0.9173553029164789">
<link xlink:type="simple" xlink:href="../433/25433.xml">
Ronald Reagan</link></actor>
</person>
</president>
 signs Civil Liberties Act of 1988 apologizing for Japanese American internment and provide reparations of $20,000 to each victim</entry>
</list>
</p>
<p>

<list>
<entry level="1" type="bullet">

<b>1992</b>, <citizen wordnetid="109923673" confidence="0.8">
<physical_entity wordnetid="100001930" confidence="0.8">
<priest wordnetid="110470779" confidence="0.8">
<person wordnetid="100007846" confidence="0.8">
<bishop wordnetid="109857200" confidence="0.8">
<immigrant wordnetid="110199489" confidence="0.8">
<national wordnetid="109625401" confidence="0.8">
<migrant wordnetid="110314952" confidence="0.8">
<traveler wordnetid="109629752" confidence="0.8">
<convert wordnetid="109962414" confidence="0.8">
<linguist wordnetid="110264219" confidence="0.8">
<communicator wordnetid="109610660" confidence="0.8">
<clergyman wordnetid="109927451" confidence="0.8">
<translator wordnetid="110725280" confidence="0.8">
<poet wordnetid="110444194" confidence="0.8">
<leader wordnetid="109623038" confidence="0.8">
<spiritual_leader wordnetid="109505153" confidence="0.8">
<causal_agent wordnetid="100007347" confidence="0.8">
<writer wordnetid="110794014" confidence="0.8">
<link xlink:type="simple" xlink:href="../280/4526280.xml">
Hae Jong Kim</link></writer>
</causal_agent>
</spiritual_leader>
</leader>
</poet>
</translator>
</clergyman>
</communicator>
</linguist>
</convert>
</traveler>
</migrant>
</national>
</immigrant>
</bishop>
</person>
</priest>
</physical_entity>
</citizen>
 elected Bishop of <denomination wordnetid="108146782" confidence="0.9508927676800064">
<link xlink:type="simple" xlink:href="../304/32304.xml">
United Methodist Church</link></denomination>
; <physical_entity wordnetid="100001930" confidence="0.8">
<politician wordnetid="110451263" confidence="0.8">
<person wordnetid="100007846" confidence="0.8">
<leader wordnetid="109623038" confidence="0.8">
<intellectual wordnetid="109621545" confidence="0.8">
<alumnus wordnetid="109786338" confidence="0.8">
<causal_agent wordnetid="100007347" confidence="0.8">
<senator wordnetid="110578471" confidence="0.8">
<lawgiver wordnetid="110249270" confidence="0.8">
<adoptee wordnetid="109772330" confidence="0.8">
<scholar wordnetid="110557854" confidence="0.8">
<legislator wordnetid="110253995" confidence="0.8">
<link xlink:type="simple" xlink:href="../118/3331118.xml">
Paull Shin</link></legislator>
</scholar>
</adoptee>
</lawgiver>
</senator>
</causal_agent>
</alumnus>
</intellectual>
</leader>
</person>
</politician>
</physical_entity>
 elected for Washington State Senate;<link xlink:type="simple" xlink:href="../191/1553191.xml">
LA Riots</link> of April 1992.</entry>
</list>
</p>
<p>

<list>
<entry level="1" type="bullet">

 <b>1994</b>, <link xlink:type="simple" xlink:href="../545/715545.xml">
Mazie K. Hirono</link> elected state lieutenant governor.</entry>
</list>
</p>
<p>

<list>
<entry level="1" type="bullet">

 <b>1999</b>, Gen. <link xlink:type="simple" xlink:href="../451/274451.xml">
Eric Shinseki</link> becomes the first Asian American U.S. military chief of staff.</entry>
</list>
</p>
<p>

<list>
<entry level="1" type="bullet">

 <b>2000</b>, <link xlink:type="simple" xlink:href="../810/152810.xml">
Norman Y. Mineta</link> becomes the first Asian American appointed to the U.S. Cabinet; worked as Commerce Secretary (2000-2001), Transportation Secretary (2001-2006).</entry>
</list>
</p>

</sec>
<sec>
<st>
 Assessment </st>

<p>

In many ways, Asian American identity is an emerging consciousness which will take time and much dialogue.  It does not help that ethnic classification on government sanctioned, public forms systematically separate Asian-Americans into their ethnic origins (e.g., Chinese, Japanese, Korean, Vietnamese, Southeast Asian, etc.).  One would wonder what the public response would be if the forms equally included German, Irish, English, French, etc. for those of European descent or Ghanan, Kenyan, Sudanese, etc. for those of African descent.  There have been significant requests by supporters of the Asian-American Movement to legitimize 'Asian-American' as a bona-fide subcategory much like other minorities (e.g., African-American, Hispanic/Latin-American, and Native-American).  </p>
<p>

It is not easy to pin-point why Asian-Americans of various ethnic descent insist on being identified with their native countries.  The cause of such ethnic-conservatism may be coming from the "first generation" Asian immigrants who are unknowingly preventing cultural solidarity for later generations by "importing" stories of ethnic controversies (or to put it more harshly - perpetuating ethnic hatred) which are inherently antagonistic to the project of building up an Asian-American cultural identity.  They do not realize that their later generations would prefer to see themselves as Asian-Americans rather than identify with their native countries for various reasons (political, psychological, sociological, etc.).  Asian-Americans have their own stories of conflicts and resolutions which are completely different from the set of stories told in their native countries and the first generation immigrants of Asian descent must recognize this reality if they want their later generations to contribute to society as free American citizens.  Another barrier to Asian-American consciousness may be from a linguistic point-of-view, a natural barrier which will take time as later generations become primarily an English-speaking community. </p>
<p>

The development of Asian-American consciousness is an inevitable process resulting from shared experiences as the excluded "yellow people" of North America.  The <link xlink:type="simple" xlink:href="../668/55668.xml">
Chinese Exclusion Act</link> of 1882, the Watsonville Riot of 1929, the <link xlink:type="simple" xlink:href="../005/1225005.xml">
Japanese American Internment</link> of 1942, the <person wordnetid="100007846" confidence="0.9508927676800064">
<draftsman wordnetid="110029269" confidence="0.9173553029164789">
<link xlink:type="simple" xlink:href="../059/271059.xml">
Vincent Chin</link></draftsman>
</person>
 incident of 1982, the <link xlink:type="simple" xlink:href="../191/1553191.xml">
LA Riots</link> of 1992, as well as the <link xlink:type="simple" xlink:href="../045/10719045.xml">
Virginia Tech Massacre</link> are all tragedies the Asian-American of various ethnic origins share in their continuing struggle for equality, freedom, and pursuit of happiness. There is a growing Asian American presence in the media (e.g., music, literature, movies, politics, theology, sociology, etc.) which seems to be in many ways similar to the <politics wordnetid="113840719" confidence="0.8">
<social_relation wordnetid="100032823" confidence="0.8">
<link xlink:type="simple" xlink:href="../576/19599576.xml">
Black Power</link></social_relation>
</politics>
 movement which occurred during and after the <link xlink:type="simple" xlink:href="../758/361758.xml">
Civil Rights Movement</link>.</p>

</sec>
<sec>
<st>
See also</st>

<p>

<list>
<entry level="1" type="bullet">

 <link xlink:type="simple" xlink:href="../781/2649781.xml">
Asian American Immigration History</link></entry>
<entry level="1" type="bullet">

 <link xlink:type="simple" xlink:href="../898/148898.xml">
Asian Americans</link></entry>
<entry level="1" type="bullet">

 <link xlink:type="simple" xlink:href="../999/48999.xml">
Chinese Americans</link></entry>
<entry level="1" type="bullet">

 <link xlink:type="simple" xlink:href="../504/19477504.xml">
Japanese Americans</link></entry>
<entry level="1" type="bullet">

 <link xlink:type="simple" xlink:href="../579/234579.xml">
Korean Americans</link></entry>
</list>
</p>

<p>

<table style=";" class="navbox" cellspacing="0">
<row>
<col style="padding:2px;">
<table style="width:100%;background:transparent;color:inherit;;" class="nowraplinks collapsible autocollapse " cellspacing="0">
<row>
<header colspan="3" style=";" class="navbox-title">
<ethnic_group wordnetid="107967382" confidence="0.9508927676800064">
<link xlink:type="simple" xlink:href="../898/148898.xml">
Asian American</link></ethnic_group>
s</header>
</row>
<row style="height:2px;">

</row>
<row>
<col style=";;" class="navbox-group">
<region wordnetid="108630039" confidence="0.8">
<location wordnetid="100027167" confidence="0.8">
<link xlink:type="simple" xlink:href="../700/19605700.xml">
East Asia</link></location>
</region>
n</col>
<col style="text-align:left;border-left:2px solid #fdfdfd;width:100%;padding:0px;;;" class="navbox-list navbox-odd">
<ethnic_group wordnetid="107967382" confidence="0.9508927676800064">
<link xlink:type="simple" xlink:href="../999/48999.xml">
Chinese</link></ethnic_group>
&nbsp;·  <ethnic_group wordnetid="107967382" confidence="0.9508927676800064">
<link xlink:type="simple" xlink:href="../504/19477504.xml">
Japanese</link></ethnic_group>
&nbsp;·  <ethnic_group wordnetid="107967382" confidence="0.9508927676800064">
<link xlink:type="simple" xlink:href="../579/234579.xml">
Korean</link></ethnic_group>
&nbsp;·  <link xlink:type="simple" xlink:href="../715/5386715.xml">
Mongolian</link>&nbsp;·  <ethnic_group wordnetid="107967382" confidence="0.9508927676800064">
<link xlink:type="simple" xlink:href="../521/265521.xml">
Taiwanese</link></ethnic_group>
</col>
<col style="width:0%;padding:0px 0px 0px 2px;" rowspan="9">
<image width="95px" src="Flag_of_the_United_States.svg">
<caption>

Flag of the United States
</caption>
</image>
</col>
</row>
<row style="height:2px">

</row>
<row>
<col style=";;" class="navbox-group">
<region wordnetid="108630039" confidence="0.8">
<location wordnetid="100027167" confidence="0.8">
<link xlink:type="simple" xlink:href="../827/26827.xml">
South Asia</link></location>
</region>
n
†</col>
<col style="text-align:left;border-left:2px solid #fdfdfd;width:100%;padding:0px;;;" class="navbox-list navbox-even">
<ethnic_group wordnetid="107967382" confidence="0.9508927676800064">
<link xlink:type="simple" xlink:href="../948/2988948.xml">
Bangladeshi</link></ethnic_group>
&nbsp;·  <ethnic_group wordnetid="107967382" confidence="0.9508927676800064">
<link xlink:type="simple" xlink:href="../843/18963843.xml">
Indian</link></ethnic_group>
&nbsp;·  <ethnic_group wordnetid="107967382" confidence="0.8">
<group wordnetid="100031264" confidence="0.8">
<link xlink:type="simple" xlink:href="../393/2590393.xml">
Indo-Caribbean</link></group>
</ethnic_group>
&nbsp;·  
Nepalese Americans|Nepalese&nbsp;·  <ethnic_group wordnetid="107967382" confidence="0.9508927676800064">
<link xlink:type="simple" xlink:href="../626/1892626.xml">
Pakistani</link></ethnic_group>
&nbsp;·  <ethnic_group wordnetid="107967382" confidence="0.8">
<group wordnetid="100031264" confidence="0.8">
<link xlink:type="simple" xlink:href="../941/5223941.xml">
Sri Lankan</link></group>
</ethnic_group>
&nbsp;·  <ethnic_group wordnetid="107967382" confidence="0.9508927676800064">
<link xlink:type="simple" xlink:href="../892/3345892.xml">
Tibetan</link></ethnic_group>
††</col>
</row>
<row style="height:2px">

</row>
<row>
<col style=";;" class="navbox-group">
<region wordnetid="108630039" confidence="0.8">
<location wordnetid="100027167" confidence="0.8">
<link xlink:type="simple" xlink:href="../741/28741.xml">
Southeast Asia</link></location>
</region>
n</col>
<col style="text-align:left;border-left:2px solid #fdfdfd;width:100%;padding:0px;;;" class="navbox-list navbox-odd">
<ethnic_group wordnetid="107967382" confidence="0.9508927676800064">
<link xlink:type="simple" xlink:href="../180/2470180.xml">
Burmese</link></ethnic_group>
&nbsp;·  <ethnic_group wordnetid="107967382" confidence="0.9508927676800064">
<link xlink:type="simple" xlink:href="../336/1364336.xml">
Cambodian</link></ethnic_group>
&nbsp;·  <ethnic_group wordnetid="107967382" confidence="0.9508927676800064">
<link xlink:type="simple" xlink:href="../654/679654.xml">
Filipino</link></ethnic_group>
&nbsp;·  <ethnic_group wordnetid="107967382" confidence="0.9508927676800064">
<link xlink:type="simple" xlink:href="../386/2316386.xml">
Hmong</link></ethnic_group>
&nbsp;·  <ethnic_group wordnetid="107967382" confidence="0.9508927676800064">
<link xlink:type="simple" xlink:href="../908/5223908.xml">
Indonesian</link></ethnic_group>
&nbsp;·  <ethnic_group wordnetid="107967382" confidence="0.9508927676800064">
<link xlink:type="simple" xlink:href="../246/365246.xml">
Laotian</link></ethnic_group>
&nbsp;· <ethnic_group wordnetid="107967382" confidence="0.9508927676800064">
<link xlink:type="simple" xlink:href="../204/5224204.xml">
Malaysian</link></ethnic_group>
&nbsp;·  <ethnic_group wordnetid="107967382" confidence="0.8">
<group wordnetid="100031264" confidence="0.8">
<link xlink:type="simple" xlink:href="../868/1947868.xml">
Mien</link></group>
</ethnic_group>
&nbsp;·  <ethnic_group wordnetid="107967382" confidence="0.9508927676800064">
<link xlink:type="simple" xlink:href="../748/884748.xml">
Thai</link></ethnic_group>
&nbsp;·  <ethnic_group wordnetid="107967382" confidence="0.9508927676800064">
<link xlink:type="simple" xlink:href="../736/316736.xml">
Vietnamese</link></ethnic_group>
</col>
</row>
<row style="height:2px">

</row>
<row>
<col style=";;" class="navbox-group">
Other</col>
<col style="text-align:left;border-left:2px solid #fdfdfd;width:100%;padding:0px;;;" class="navbox-list navbox-even">
<ethnic_group wordnetid="107967382" confidence="0.9508927676800064">
<link xlink:type="simple" xlink:href="../941/1185941.xml">
Afro-Asian</link></ethnic_group>
&nbsp;·  <ethnic_group wordnetid="107967382" confidence="0.8">
<group wordnetid="100031264" confidence="0.8">
<link xlink:type="simple" xlink:href="../345/259345.xml">
Amerasian</link></group>
</ethnic_group>
&nbsp;·  <link xlink:type="simple" xlink:href="../634/18472634.xml">
Asian Hispanic and Latino Americans</link></col>
</row>
<row style="height:2px">

</row>
<row>
<col colspan="2" style="width:100%;padding:0px;;;" class="navbox-list navbox-odd">
† The US Census Bureau considers <country wordnetid="108544813" confidence="0.9508927676800064">
<link xlink:type="simple" xlink:href="../737/737.xml">
Afghanistan</link></country>
 a South Asian country, but does not classify <link xlink:type="simple" xlink:href="../781/12289781.xml">
Afghan American</link>s as Asian. †† Otherwise considered <region wordnetid="108630985" confidence="0.8">
<region wordnetid="108630039" confidence="0.8">
<location wordnetid="100027167" confidence="0.8">
<hot_spot wordnetid="108586330" confidence="0.8">
<geographical_area wordnetid="108574314" confidence="0.8">
<link xlink:type="simple" xlink:href="../742/6742.xml">
Central Asia</link></geographical_area>
</hot_spot>
</location>
</region>
</region>
n.</col>
</row>
</table>
</col>
</row>
</table>
</p>


</sec>
<sec>
<st>
References</st>
<p>

<reflist>
<entry id="1">
"<weblink xlink:type="simple" xlink:href="http://www.tenement.org/banana/history.html">
Banana: A Chinese American Experience</weblink>".&#32;Retrieved on <link>
2008-05-08</link>.</entry>
</reflist>
</p>

</sec>
</bdy>
</group>
</entity>
</ethnic_group>
</article>
