<?xml version="1.0" encoding="UTF-8"?>
<!-- generated by CLiX/Wiki2XML [MPI-Inf, MMCI@UdS] $LastChangedRevision: 92 $ on 17.04.2009 00:19:40[mciao0828] -->
<!DOCTYPE article SYSTEM "../article.dtd">
<article xmlns:xlink="http://www.w3.org/1999/xlink">
<plant  confidence="0.9511911446218017" wordnetid="103956922">
<group_action  confidence="0.8" wordnetid="101080366">
<commercial_enterprise  confidence="0.8" wordnetid="101094725">
<transaction  confidence="0.8" wordnetid="101106808">
<event  confidence="0.8" wordnetid="100029378">
<output  confidence="0.8" wordnetid="100914632">
<industry  confidence="0.8" wordnetid="100923444">
<act  confidence="0.8" wordnetid="100030358">
<psychological_feature  confidence="0.8" wordnetid="100023100">
<production  confidence="0.8" wordnetid="100913705">
<crop  confidence="0.8" wordnetid="113085864">
<commerce  confidence="0.8" wordnetid="101090446">
<header>
<title>Jatropha curcas</title>
<id>10811383</id>
<revision>
<id>241921538</id>
<timestamp>2008-09-30T02:29:31Z</timestamp>
<contributor>
<username>Angkor7</username>
<id>7970033</id>
</contributor>
</revision>
<categories>
<category>Biodiesel crops</category>
<category>Biodiesel</category>
<category>Flora of Central America</category>
<category>Medicinal plants</category>
<category>Non food crops</category>
<category>Jatropha</category>
<category>Vegetable oils</category>
</categories>
</header>
<bdy>

<table style="text-align:center; padding:2.5px; width:200px;" class="infobox biota">
<row style="text-align:center;">
<header style="background:#90EE90;">
<it>Jatropha curcas''</it></header>
</row>
<row style="text-align:center;">
<col>
 <image width="240px" src="Jatropha_curcas1_henning.jpg">
</image>
</col>
</row>
<row style="background:#90EE90;">
</row>
<row style="text-align:center;">
<header style="background:#90EE90;">
 <link xlink:type="simple" xlink:href="../581/53581.xml">
Scientific classification</link></header>
</row>
<row style="text-align:center;">
<col>
<table style="margin:0 auto; text-align:left; background:transparent;" cellpadding="2">
<row valign="top">
</row>
<row valign="top">
</row>
<row valign="top">
</row>
<row valign="top">
</row>
<row valign="top">
</row>
<row valign="top">
<col>
Kingdom:</col>
<col>
 <link xlink:type="simple" xlink:href="../208/23208.xml">
Plant</link>ae</col>
</row>
<row valign="top">
</row>
<row valign="top">
</row>
<row valign="top">
</row>
<row valign="top">
</row>
<row valign="top">
<col>
Division:</col>
<col>
 <link xlink:type="simple" xlink:href="../779/318779.xml">
Embryophyta</link></col>
</row>
<row valign="top">
</row>
<row valign="top">
</row>
<row valign="top">
</row>
<row valign="top">
</row>
<row valign="top">
</row>
<row valign="top">
</row>
<row valign="top">
</row>
<row valign="top">
</row>
<row valign="top">
</row>
<row valign="top">
<col>
Class:</col>
<col>
 <link xlink:type="simple" xlink:href="../485/623485.xml">
Spermatopsida</link></col>
</row>
<row valign="top">
</row>
<row valign="top">
</row>
<row valign="top">
</row>
<row valign="top">
</row>
<row valign="top">
</row>
<row valign="top">
<col>
Order:</col>
<col>
 <link xlink:type="simple" xlink:href="../970/18970.xml">
Malpighiales</link></col>
</row>
<row valign="top">
</row>
<row valign="top">
</row>
<row valign="top">
</row>
<row valign="top">
</row>
<row valign="top">
</row>
<row valign="top">
</row>
<row valign="top">
</row>
<row valign="top">
</row>
<row valign="top">
<col>
Family:</col>
<col>
 <link xlink:type="simple" xlink:href="../520/18952520.xml">
Euphorbiaceae</link></col>
</row>
<row valign="top">
</row>
<row valign="top">
</row>
<row valign="top">
</row>
<row valign="top">
</row>
<row valign="top">
</row>
<row valign="top">
</row>
<row valign="top">
<col>
Genus:</col>
<col>
 <it><plant wordnetid="103956922" confidence="0.8">
<structure wordnetid="104341686" confidence="0.8">
<commercial_enterprise wordnetid="101094725" confidence="0.8">
<transaction wordnetid="101106808" confidence="0.8">
<production wordnetid="100913705" confidence="0.8">
<commerce wordnetid="101090446" confidence="0.8">
<crop wordnetid="113085864" confidence="0.8">
<group_action wordnetid="101080366" confidence="0.8">
<artifact wordnetid="100021939" confidence="0.8">
<event wordnetid="100029378" confidence="0.8">
<building_complex wordnetid="102914991" confidence="0.8">
<act wordnetid="100030358" confidence="0.8">
<industry wordnetid="100923444" confidence="0.8">
<output wordnetid="100914632" confidence="0.8">
<psychological_feature wordnetid="100023100" confidence="0.8">
<link xlink:type="simple" xlink:href="../341/892341.xml">
Jatropha</link></psychological_feature>
</output>
</industry>
</act>
</building_complex>
</event>
</artifact>
</group_action>
</crop>
</commerce>
</production>
</transaction>
</commercial_enterprise>
</structure>
</plant>
''</it></col>
</row>
<row valign="top">
</row>
<row valign="top">
</row>
<row valign="top">
</row>
<row valign="top">
</row>
<row valign="top">
</row>
<row valign="top">
</row>
<row valign="top">
</row>
<row valign="top">
</row>
<row valign="top">
<col>
Species:</col>
<col>
<b><it>J. curcas</it></b></col>
</row>
<row valign="top">
</row>
</table>
</col>
</row>
<row style="background:#90EE90;">
</row>
<row style="background:#90EE90;">
<header>
 <link xlink:type="simple" xlink:href="../736/39736.xml">
Binomial name</link></header>
</row>
<row style="text-align:center;">
<col>
 <b><it>Jatropha curcas</it></b><link xlink:type="simple" xlink:href="../233/5233.xml">
Linnaeus 1753</link>.</col>
</row>
<row style="background:#90EE90;">
</row>
<row style="background:#90EE90;">
</row>
<row style="background:#90EE90;">
</row>
<row style="text-align:center;">
</row>
<row style="text-align:center;">
</row>
<row style="text-align:center;">
</row>
<row style="text-align:center;">
</row>
<row style="text-align:center;">
</row>
<row style="text-align:center;">
</row>
<row style="text-align:center;">
</row>
<row style="text-align:center;">
</row>
<row style="text-align:center;">
</row>
<row style="text-align:center;">
</row>
<row style="background:#90EE90;">
</row>
</table>

<b><it>Jatropha curcas</it></b>, <b>Barbados nut</b> or <b>Physic nut</b> is a perennial poisonous <link xlink:type="simple" xlink:href="../708/61708.xml">
shrub</link> (normally up to 5 m high<ref xlink:type="simple" xlink:href="#xpointer(//reflist/entry[@id=%221%22])">1</ref>) belonging to the <link xlink:type="simple" xlink:href="../520/18952520.xml">
Euphorbiaceae</link> or spurge family. It is an uncultivated non-food wild-species.<p>

The plant, originating in <link xlink:type="simple" xlink:href="../121/6121.xml">
Central America</link> <ref xlink:type="simple" xlink:href="#xpointer(//reflist/entry[@id=%222%22])">2</ref>, whereas it has been spread to other <link xlink:type="simple" xlink:href="../577/66577.xml">
tropical</link> and <link xlink:type="simple" xlink:href="../679/402679.xml">
subtropical</link> countries as well <ref xlink:type="simple" xlink:href="#xpointer(//reflist/entry[@id=%223%22])">3</ref> and is mainly grown in <system wordnetid="108435388" confidence="0.8">
<economy wordnetid="108366753" confidence="0.8">
<group wordnetid="100031264" confidence="0.8">
<link xlink:type="simple" xlink:href="../689/689.xml">
Asia</link></group>
</economy>
</system>
 and in <region wordnetid="108630985" confidence="0.8">
<center wordnetid="108523483" confidence="0.8">
<area wordnetid="108497294" confidence="0.8">
<see wordnetid="108586825" confidence="0.8">
<seat wordnetid="108647945" confidence="0.8">
<location wordnetid="100027167" confidence="0.8">
<link xlink:type="simple" xlink:href="../607/5334607.xml">
Africa</link></location>
</seat>
</see>
</area>
</center>
</region>
, where it is known as <it>Pourghère</it>. It is used as a living fence to protect gardens and fields from animals. <ref xlink:type="simple" xlink:href="#xpointer(//reflist/entry[@id=%224%22])">4</ref></p>
<p>

It is resistant to a high degree of <link xlink:type="simple" xlink:href="../009/560009.xml">
aridity</link> (it can be planted even in the desert <ref xlink:type="simple" xlink:href="#xpointer(//reflist/entry[@id=%225%22])">5</ref> <ref xlink:type="simple" xlink:href="#xpointer(//reflist/entry[@id=%226%22])">6</ref> <ref xlink:type="simple" xlink:href="#xpointer(//reflist/entry[@id=%227%22])">7</ref>) and as such does not compete with <link xlink:type="simple" xlink:href="../627/627.xml">
food crop</link>s.</p>
<p>

The <link xlink:type="simple" xlink:href="../694/37694.xml">
seed</link>s contain 30% <link xlink:type="simple" xlink:href="../510/4207510.xml">
oil</link> <ref xlink:type="simple" xlink:href="#xpointer(//reflist/entry[@id=%228%22])">8</ref>that can be processed to produce a high-quality <link xlink:type="simple" xlink:href="../551/188551.xml">
biodiesel</link> fuel, usable in a standard <link xlink:type="simple" xlink:href="../540/8540.xml">
diesel engine</link>.</p>

<sec>
<st>
 Botanical features</st>
<p>

<list>
<entry level="1" type="bullet">

 <link xlink:type="simple" xlink:href="../622/18973622.xml">
Leaves</link>: large green to pale-green leaves.</entry>
<entry level="1" type="bullet">

 <link xlink:type="simple" xlink:href="../465/4576465.xml">
Flower</link>s: more female flowers give more number of seeds</entry>
<entry level="1" type="bullet">

<link xlink:type="simple" xlink:href="../843/10843.xml">
Fruit</link>s : fruits are produced in winter, or it may produce several crops during the year if soil moisture is good and temperatures are sufficiently high.</entry>
<entry level="1" type="bullet">

<link xlink:type="simple" xlink:href="../694/37694.xml">
Seed</link>s:  the seeds become mature, when the capsule changes from green to yellow.</entry>
</list>
</p>

</sec>
<sec>
<st>
Cultivation</st>
<p>

<image location="left" width="250px" src="J_curcas_seed_ies.jpg" type="thumb">
<caption>

<it>Jatropha curcas</it> seeds
</caption>
</image>

Cultivation is uncomplicated. <it>Jatropha curcas</it> can grow in <link xlink:type="simple" xlink:href="../317/826317.xml">
wasteland</link>s and grows almost anywhere, even on , <link xlink:type="simple" xlink:href="../037/18994037.xml">
sand</link>y and <link xlink:type="simple" xlink:href="../092/611092.xml">
saline</link> <link xlink:type="simple" xlink:href="../738/37738.xml">
soil</link>s. It can  on the poorest stony soil and grow in the s of rocks. Complete germination is achieved within 9 days.
Adding <link xlink:type="simple" xlink:href="../636/72636.xml">
manure</link> during the <link xlink:type="simple" xlink:href="../478/227478.xml">
germination</link> has negative effects during that phase, but is favourable if applied after germination is achieved. However, it is usually multiplied by cuttings, because this gives faster results than multiplication by seeds. The flowers only develop terminally, so a good ramification (plants presenting many branches) produces the greatest amount of fruits. Another productivity factor is the ratio between female and male flowers within an inflorescence (usually about 1 female to 10 male flowers - more female flowers mean more fruits)<ref xlink:type="simple" xlink:href="#xpointer(//reflist/entry[@id=%229%22])">9</ref>. <it>Jatropha curcas</it> thrives on a mere 250&nbsp;mm (10&nbsp;in) of rain a year, and only during its first two years does it need to be watered in the closing days of the dry season. <link xlink:type="simple" xlink:href="../096/24096.xml">
Ploughing</link> and planting are not needed regularly, as this shrub has a life expectancy of approximately forty years. The use of pesticides and other polluting substances are not necessary, due to the pesticidal and fungicidal properties of the plant.</p>
<p>

While <it>Jatropha</it> curcas starts yielding from 9&ndash;12 months time, the effective yield is obtained only after 2 - 3 years time.<ref xlink:type="simple" xlink:href="#xpointer(//reflist/entry[@id=%2210%22])">10</ref></p>
<p>

If planted in hedges, the reported productivity of <it>Jatropha</it> is from 0.8 kg. to 1.0 kg. of seed per meter of live fence. The seed production is around 3.5 tons / hectare (Seed production ranges from about 0.4 tons per hectare in first year to over 5 tons per hectare after 3 years).</p>

</sec>
<sec>
<st>
 Propagation </st>
<p>

<it>Jatropha curcas</it> has limited potential for vegetative propagation and is usually propagated by seed. It is cross-pollinated and propagation through seed leads to a lot of genetic variability in terms of growth, biomass, seed yield and oil content. Besides, the problems of low viability and recalcitrant nature of oil seeds limits the sexual propagation. On the other hand, clonal techniques will help in overcoming the biological problems hindering mass propagation of this tree-borne oilseed species. </p>
<p>

<it>Jatropha curcas</it> can be propagated by <link xlink:type="simple" xlink:href="../694/37694.xml">
seed</link> as well as vegetatively. Propagation by seed. Vegetatively, this crop can be propagated by <link>
stem cuttings</link>, <link xlink:type="simple" xlink:href="../493/14080493.xml">
grafting</link>, <link xlink:type="simple" xlink:href="../434/381434.xml">
budding</link> as well as by <link xlink:type="simple" xlink:href="../083/2064083.xml">
air layering</link> techniques.<ref xlink:type="simple" xlink:href="#xpointer(//reflist/entry[@id=%2211%22])">11</ref>  The investigation leads to the recommendation that cuttings should be taken preferably from juvenile plants and treated with 200 micro gram per litre  of IBA to ensure the highest level of rooting in stem cuttings of <it>Jatropha curcas</it>. Thus stem cuttings, grafting, budding and air layering methods of propagation could be used as a potential protocol for commercial propagation of <it>Jatropha curcas</it>.</p>
<p>

<image width="150px" src="Jatrophacurcuscutting.png">
<caption>

propagation of <it>Jatropha curcas</it> by stem cutting
</caption>
</image>

<image width="150px" src="Graftingjatrophacurcus.png">
<caption>

propagation of <it>Jatropha curcas</it> by grafting
</caption>
</image>

<image width="150px" src="Airlayerjatrophacurcaus.png">
<caption>

propagation of <it>Jatropha curcus</it> by Air layering
</caption>
</image>
</p>


</sec>
<sec>
<st>
Processing</st>

<p>

Seed extraction is made simple with the use of the <link xlink:type="simple" xlink:href="../572/2508572.xml">
Universal Nut Sheller</link>, an <link xlink:type="simple" xlink:href="../450/190450.xml">
appropriate technology</link> designed by the <financial_institution wordnetid="108054721" confidence="0.8">
<foundation wordnetid="108406486" confidence="0.8">
<charity wordnetid="108406619" confidence="0.8">
<institution wordnetid="108053576" confidence="0.8">
<link xlink:type="simple" xlink:href="../337/2500337.xml">
Full Belly Project</link></institution>
</charity>
</foundation>
</financial_institution>
.<ref xlink:type="simple" xlink:href="#xpointer(//reflist/entry[@id=%2212%22])">12</ref></p>
<p>

Oil content varies from 28% to 30% and 94% extraction, <b>one <link xlink:type="simple" xlink:href="../859/38859.xml">
hectare</link> of plantation will give 1.6<link xlink:type="simple" xlink:href="../185/31185.xml">
t</link> (<link xlink:type="simple" xlink:href="../185/31185.xml">
metric tonne</link>) of oil if the soil is average. <ref xlink:type="simple" xlink:href="#xpointer(//reflist/entry[@id=%2213%22])">13</ref></b></p>
<p>

The oily seeds are processed into <link xlink:type="simple" xlink:href="../998/5544998.xml">
oil</link>, which may be directly used to fuel combustion engines or may be subjected to <link xlink:type="simple" xlink:href="../458/190458.xml">
transesterification</link> to produce biodiesel. Jatropha oil is not suitable for human consumption, as it induces strong <link xlink:type="simple" xlink:href="../183/8507183.xml">
vomiting</link> and <link xlink:type="simple" xlink:href="../951/53951.xml">
diarrhea</link>.</p>
<p>

A <link xlink:type="simple" xlink:href="../038/544038.xml">
colourant</link> can also be derived from the seed.</p>

</sec>
<sec>
<st>
 Uses </st>


<ss1>
<st>
 Biodiesel</st>

<p>

<indent level="1">

<it>Main article: <link xlink:type="simple" xlink:href="../613/5946613.xml">
Jatropha oil</link></it>
</indent>

</p>
</ss1>
<ss1>
<st>
 Other uses </st>
<p>

(The information in this section is largely inspired from the Purdue University - Center for New Crops and Plants Products website <ref xlink:type="simple" xlink:href="#xpointer(//reflist/entry[@id=%2214%22])">14</ref>.)
<list>
<entry level="1" type="bullet">

<b>Leaves</b></entry>
<entry level="1" type="indent">

The young leaves may be safely eaten, steamed or stewed. Cooked with goat meat, they are said to advantageously counteract its smell.</entry>
<entry level="1" type="indent">

Pounded leaves are applied near horses' eyes to repel flies in India. HCN (<link xlink:type="simple" xlink:href="../078/42078.xml">
Hydrogen cyanide</link>) is present in the leaves.</entry>
<entry level="1" type="bullet">

<b>Flowers</b></entry>
<entry level="1" type="indent">

The species is listed as a <link xlink:type="simple" xlink:href="../361/14361.xml">
honey</link> plant. HCN is present.<ref xlink:type="simple" xlink:href="#xpointer(//reflist/entry[@id=%2215%22])">15</ref>.</entry>
<entry level="1" type="bullet">

<b>Nuts</b></entry>
<entry level="1" type="indent">

Sometimes roasted and eaten, although they are <link xlink:type="simple" xlink:href="../526/168526.xml">
purgative</link>.</entry>
<entry level="1" type="indent">

They can be burned like <link xlink:type="simple" xlink:href="../041/451041.xml">
candlenut</link>s when strung on grass.  HCN is present<ref xlink:type="simple" xlink:href="#xpointer(//reflist/entry[@id=%2216%22])">16</ref>.</entry>
<entry level="1" type="indent">

Used as a <link xlink:type="simple" xlink:href="../770/18978770.xml">
contraceptive</link> in South Sudan<ref xlink:type="simple" xlink:href="#xpointer(//reflist/entry[@id=%2217%22])">17</ref>.</entry>
<entry level="1" type="bullet">

<b>Seeds</b></entry>
<entry level="1" type="indent">

Also used as a contraceptive in South Sudan<ref xlink:type="simple" xlink:href="#xpointer(//reflist/entry[@id=%2217%22])">17</ref>.</entry>
<entry level="1" type="indent">

The oil has been used for illumination, <link xlink:type="simple" xlink:href="../875/57875.xml">
soap</link>, <link xlink:type="simple" xlink:href="../017/44017.xml">
candle</link>s, the <link xlink:type="simple" xlink:href="../827/1616827.xml">
adulteration</link> of <link xlink:type="simple" xlink:href="../478/22478.xml">
olive oil</link>, and making <link xlink:type="simple" xlink:href="../190/172190.xml">
Turkey red oil</link>. <link xlink:type="simple" xlink:href="../190/172190.xml">
Turkey red oil</link>, also called sulphonated (or sulfated) castor oil, is the only oil that completely disperses in water. It is made by adding <link xlink:type="simple" xlink:href="../247/29247.xml">
sulfuric acid</link> to pure <it>Jatropha</it> oil<ref xlink:type="simple" xlink:href="#xpointer(//reflist/entry[@id=%2218%22])">18</ref>. It was the first synthetic <link xlink:type="simple" xlink:href="../514/92514.xml">
detergent</link> after ordinary <link xlink:type="simple" xlink:href="../875/57875.xml">
Soap</link>, as this allows easy use for making bath oil products. It is used in formulating <link xlink:type="simple" xlink:href="../069/18069.xml">
lubricant</link>s, softeners, and <link xlink:type="simple" xlink:href="../179/8179.xml">
dyeing assistants</link><ref xlink:type="simple" xlink:href="#xpointer(//reflist/entry[@id=%2219%22])">19</ref>. </entry>
<entry level="1" type="indent">

The seeds in the zone around Misantla, Veracruz are very appreciated by the population as food once they have been boiled and roasted. It is unclear if this is due to the existence of a non-toxic variety of Jatropha in Mexico and Central America, or if the seeds become edible once processed by cooking<ref xlink:type="simple" xlink:href="#xpointer(//reflist/entry[@id=%2220%22])">20</ref>. </entry>
<entry level="1" type="indent">

It is also similarly reported that Jatropha seeds are edible once the embryo has been removed<ref xlink:type="simple" xlink:href="#xpointer(//reflist/entry[@id=%2221%22])">21</ref>. Again it may be so because of these seeds coming from a local non-toxic variety.  HCN is present.</entry>
<entry level="1" type="bullet">

<b>Roots</b></entry>
<entry level="1" type="indent">

Their ashes are used as a salt substitute.  HCN and Rotenone are present.<ref xlink:type="simple" xlink:href="#xpointer(//reflist/entry[@id=%2222%22])">22</ref></entry>
<entry level="1" type="bullet">

<b>Bark</b></entry>
<entry level="1" type="indent">

Used as a fish poison.  HCN is present.<ref xlink:type="simple" xlink:href="#xpointer(//reflist/entry[@id=%2223%22])">23</ref>. </entry>
<entry level="1" type="bullet">

<b>Latex</b></entry>
<entry level="1" type="indent">

Strongly inhibits the watermelon mosaic virus<ref xlink:type="simple" xlink:href="#xpointer(//reflist/entry[@id=%2224%22])">24</ref>. </entry>
<entry level="1" type="bullet">

<b>Sap</b></entry>
<entry level="1" type="indent">

It stains linen. Sometimes used for marking<ref xlink:type="simple" xlink:href="#xpointer(//reflist/entry[@id=%2225%22])">25</ref>.</entry>
<entry level="1" type="bullet">

<b>Shrub</b></entry>
<entry level="1" type="indent">

Mexicans grow the shrub as a host for the <link xlink:type="simple" xlink:href="../497/40497.xml">
lac insect</link>, which is used in medicine as <link xlink:type="simple" xlink:href="../865/15046865.xml">
hepatoprotective</link> and antiobesity drug. (Picture of lac insect here <weblink xlink:type="simple" xlink:href="http://www.sasionline.org/arthzoo/deslac.htm">
http://www.sasionline.org/arthzoo/deslac.htm</weblink>; drawing of insect, its larva and a colony here<weblink xlink:type="simple" xlink:href="http://banglapedia.search.com.bd/Images/L_0005A.JPG">
http://banglapedia.search.com.bd/Images/L_0005A.JPG</weblink>)</entry>
<entry level="1" type="indent">

Used for erosion control<ref xlink:type="simple" xlink:href="#xpointer(//reflist/entry[@id=%2226%22])">26</ref>, <ref xlink:type="simple" xlink:href="#xpointer(//reflist/entry[@id=%2227%22])">27</ref></entry>
</list>
</p>

</ss1>
</sec>
<sec>
<st>
 Other names </st>
<p>

<list>
<entry level="1" type="bullet">

 <b>Pinhão manso</b> in <country wordnetid="108544813" confidence="0.9508927676800064">
<link xlink:type="simple" xlink:href="../383/3383.xml">
Brazil</link></country>
</entry>
<entry level="1" type="bullet">

 <b>Tempate</b> in <country wordnetid="108544813" confidence="0.9508927676800064">
<link xlink:type="simple" xlink:href="../362/21362.xml">
Nicaragua</link></country>
</entry>
<entry level="1" type="bullet">

 <b>kasla</b> also <b>tubatuba</b> or <b>tubang bakod</b> in <country wordnetid="108544813" confidence="0.9508927676800064">
<link xlink:type="simple" xlink:href="../440/23440.xml">
Philippines</link></country>
</entry>
<entry level="1" type="bullet">

 <b>Purging nut</b></entry>
<entry level="1" type="bullet">

 <b>Jarak</b> in <country wordnetid="108544813" confidence="0.9508927676800064">
<link xlink:type="simple" xlink:href="../579/14579.xml">
Indonesia</link></country>
</entry>
<entry level="1" type="bullet">

 <b>Mbono</b> in <country wordnetid="108544813" confidence="0.9508927676800064">
<link xlink:type="simple" xlink:href="../118/30118.xml">
Tanzania</link></country>
</entry>
<entry level="1" type="bullet">

 <b>Pourghère</b> in Francophone Africa</entry>
<entry level="1" type="bullet">

 <b>Lahong Kwang</b> in <country wordnetid="108544813" confidence="0.9508927676800064">
<link xlink:type="simple" xlink:href="../751/334751.xml">
Cambodia</link></country>
</entry>
</list>
</p>

</sec>
<sec>
<st>
 See also </st>
<p>

<list>
<entry level="1" type="bullet">

 <plant wordnetid="103956922" confidence="0.8">
<structure wordnetid="104341686" confidence="0.8">
<commercial_enterprise wordnetid="101094725" confidence="0.8">
<transaction wordnetid="101106808" confidence="0.8">
<production wordnetid="100913705" confidence="0.8">
<commerce wordnetid="101090446" confidence="0.8">
<crop wordnetid="113085864" confidence="0.8">
<group_action wordnetid="101080366" confidence="0.8">
<artifact wordnetid="100021939" confidence="0.8">
<event wordnetid="100029378" confidence="0.8">
<building_complex wordnetid="102914991" confidence="0.8">
<act wordnetid="100030358" confidence="0.8">
<industry wordnetid="100923444" confidence="0.8">
<output wordnetid="100914632" confidence="0.8">
<psychological_feature wordnetid="100023100" confidence="0.8">
<link xlink:type="simple" xlink:href="../341/892341.xml">
Jatropha</link></psychological_feature>
</output>
</industry>
</act>
</building_complex>
</event>
</artifact>
</group_action>
</crop>
</commerce>
</production>
</transaction>
</commercial_enterprise>
</structure>
</plant>
</entry>
<entry level="1" type="bullet">

 <group_action wordnetid="101080366" confidence="0.8">
<commercial_enterprise wordnetid="101094725" confidence="0.8">
<transaction wordnetid="101106808" confidence="0.8">
<event wordnetid="100029378" confidence="0.8">
<output wordnetid="100914632" confidence="0.8">
<industry wordnetid="100923444" confidence="0.8">
<act wordnetid="100030358" confidence="0.8">
<psychological_feature wordnetid="100023100" confidence="0.8">
<production wordnetid="100913705" confidence="0.8">
<crop wordnetid="113085864" confidence="0.8">
<commerce wordnetid="101090446" confidence="0.8">
<link xlink:type="simple" xlink:href="../192/5665192.xml">
Energy crop</link></commerce>
</crop>
</production>
</psychological_feature>
</act>
</industry>
</output>
</event>
</transaction>
</commercial_enterprise>
</group_action>
</entry>
<entry level="1" type="bullet">

 <link xlink:type="simple" xlink:href="../268/7146268.xml">
Non food crop</link></entry>
</list>
</p>

</sec>
<sec>
<st>
 References </st>
<p>

<list>
<entry level="1" type="bullet">

 Gadekar Kumarsukhadeo Prakash. (2006) Department of Forestry, Indira Gandhi Agricultural University Raipur (C.G.)M.Sc. Forestry Thesis "Vegetative propagation of Jatropha, Karanj and Mahua by Stem cuttings, Grafting, Budding and Air layering"</entry>
</list>
</p>
<p>

<reflist>
<entry id="1">
“<it>Jaropha curcas l.</it> in Africa - Assessment of the impact of the dissemination of “the <it>Jatropha</it> System” on the ecology of the rural area and the social and economic situation of the rural population (target group) in selected countries in Africa”<weblink xlink:type="simple" xlink:href="http://64.233.183.104/search?q=cache:N5nngDFKCRQJ:www.underutilized-species.org/Documents/PUBLICATIONS/jatropha_curcas_africa.pdf+IPGRI+jatropha+edible&amp;hl=en&amp;ct=clnk&amp;cd=5&amp;gl=uk&amp;client=firefox-a">
http://64.233.183.104/search?q=cache:N5nngDFKCRQJ:www.underutilized-species.org/Documents/PUBLICATIONS/jatropha_curcas_africa.pdf+IPGRI+jatropha+edible&amp;hl=en&amp;ct=clnk&amp;cd=5&amp;gl=uk&amp;client=firefox-a</weblink>. </entry>
<entry id="2">
<weblink xlink:type="simple" xlink:href="http://www.jatropha.wur.nl/">
Wageningen UR - Plant Research International - Research</weblink></entry>
<entry id="3">
 http://www.jatropha.wur.nl , http://jatropha.org/system.htm</entry>
<entry id="4">
<weblink xlink:type="simple" xlink:href="http://jatropha.org/system.htm">
The <it>Jatropha</it> System with logo97</weblink></entry>
<entry id="5">
<weblink xlink:type="simple" xlink:href="http://www.biodieseltoday.com/whyjatropha.htm">
Why Jatropha curcas ?</weblink></entry>
<entry id="6">
<weblink xlink:type="simple" xlink:href="http://www.ecoworld.com/home/articles2.cfm?tid=367">
JATROPHA IN AFRICA. FIGHTING THE DESERT &amp; CREATING WEALTH</weblink> </entry>
<entry id="7">
<weblink xlink:type="simple" xlink:href="http://www.new-ag.info/07/03/focuson/focuson3.php">
Jatropha: creating desert solutions</weblink></entry>
<entry id="8">
<weblink xlink:type="simple" xlink:href="http://jatropha.org/system.htm">
The <it>Jatropha</it> System with logo97</weblink></entry>
<entry id="9">
"Generative propagation of Jatropha curcas L. on Kalahari Sand." in <weblink xlink:type="simple" xlink:href="http://www.jatropha.de/Journal/index.htm">
The Jatropha Journal.</weblink></entry>
<entry id="10">
<weblink xlink:type="simple" xlink:href="http://www.jatrophaplantsource.com/plantation_and_yeild.html">
<it>Jatropha curcas</it> Plant Seed Suppliers and Exporters in India</weblink></entry>
<entry id="11">
<link>
Gadekar Kumarsukhadeo Prakash</link>. (2006) Department of Forestry, Indira Gandhi Agricultural University Raipur (C.G.)M.Sc. Forestry Thesis "Vegetative propagation of Jatropha, Karanj and Mahua by Stem cuttings, Grafting, Budding and Air layering"</entry>
<entry id="12">
<weblink xlink:type="simple" xlink:href="http://www.fullbellyproject.org">
- The Full Belly Project</weblink></entry>
<entry id="13">
<weblink xlink:type="simple" xlink:href="http://www.svlele.com/jatropha_plant.htm">
The Cultivation of Jatropha Curcas</weblink></entry>
<entry id="14">
<weblink xlink:type="simple" xlink:href="http://www.jatropha.de/">
Purdue University-Center for New Crops and Plants Products</weblink></entry>
<entry id="15">
Little, Woodbury, and Wadsworth, 1974.   In <weblink xlink:type="simple" xlink:href="http://www.jatropha.de/">
The Jatropha Website</weblink></entry>
<entry id="17">
List and Horhammer, 1969–1979. In<weblink xlink:type="simple" xlink:href="http://www.jatropha.de/">
The Jatropha Website</weblink></entry>
<entry id="16">
Watt and Breyer-Brandwijk, 1962.   In <weblink xlink:type="simple" xlink:href="http://www.jatropha.de/">
The Jatropha Website</weblink></entry>
<entry id="19">
CastorOil.in – Home of Castor Oil Online <weblink xlink:type="simple" xlink:href="http://www.castoroil.in/reference/glossary/turkey_red_oil.html">
http://www.castoroil.in/reference/glossary/turkey_red_oil.html</weblink></entry>
<entry id="18">
<weblink xlink:type="simple" xlink:href="http://www.porwal.net/turkeyredoil.htm">
Turkey Red Oil - A defoaming &amp; wetting agent, manure, lubricant</weblink></entry>
<entry id="21">
Levingston and Zamora (cited by IPGRI), in “Assessment of the potential of Jatropha curcas, (biodiesel tree) for energy production and other uses in developing countries.” Mike Benge (bengemike at aol dot com), Senior Agroforestry Officer, USAID (Ret.), July 2006 and updated August 2006.  <weblink xlink:type="simple" xlink:href="http://64.233.183.104/search?q=cache:uvmrYVO5P1oJ:www.echotech.org/mambo/index.php%3Foption%3Dcom_docman%26task%3Ddoc_view%26gid%3D179+chicken+grazing+jatropha&amp;hl=en&amp;ct=clnk&amp;cd=2&amp;gl=uk&amp;client=firefox-a">
http://64.233.183.104/search?q=cache:uvmrYVO5P1oJ:www.echotech.org/mambo/index.php%3Foption%3Dcom_docman%26task%3Ddoc_view%26gid%3D179+chicken+grazing+jatropha&amp;hl=en&amp;ct=clnk&amp;cd=2&amp;gl=uk&amp;client=firefox-a</weblink></entry>
<entry id="20">
Birgit Schmook (cited by Henning), in  “Assessment of the potential of <it>Jatropha curcas</it>, (biodiesel tree) for energy production and other uses in developing countries.” Mike Benge (bengemike at aol dot com), Senior Agroforestry Officer, USAID (Ret.) July 2006 and updated August 2006<weblink xlink:type="simple" xlink:href="http://64.233.183.104/search?q=cache:uvmrYVO5P1oJ:www.echotech.org/mambo/index.php%3Foption%3Dcom_docman%26task%3Ddoc_view%26gid%3D179+chicken+grazing+jatropha&amp;hl=en&amp;ct=clnk&amp;cd=2&amp;gl=uk&amp;client=firefox-a">
http://64.233.183.104/search?q=cache:uvmrYVO5P1oJ:www.echotech.org/mambo/index.php%3Foption%3Dcom_docman%26task%3Ddoc_view%26gid%3D179+chicken+grazing+jatropha&amp;hl=en&amp;ct=clnk&amp;cd=2&amp;gl=uk&amp;client=firefox-a</weblink></entry>
<entry id="23">
Watt and Breyer-Brandwijk, 1962.  In <weblink xlink:type="simple" xlink:href="http://www.jatropha.de/">
The Jatropha Website</weblink></entry>
<entry id="22">
Morton, 1981.</entry>
<entry id="25">
Mitchell and Rook, 1979. In <weblink xlink:type="simple" xlink:href="http://www.jatropha.de/">
The Jatropha Website</weblink></entry>
<entry id="24">
Tewari and Shukla, 1982. In <weblink xlink:type="simple" xlink:href="http://www.jatropha.de/">
The Jatropha Website</weblink></entry>
<entry id="27">
“<it>Jaropha curcas l.</it> in Africa - Assessment of the impact of the dissemination of “the <it>Jatropha</it> System” on the ecology of the rural area and the social and economic situation of the rural population (target group) in selected countries in Africa”<weblink xlink:type="simple" xlink:href="http://64.233.183.104/search?q=cache:N5nngDFKCRQJ:www.underutilized-species.org/Documents/PUBLICATIONS/jatropha_curcas_africa.pdf+IPGRI+jatropha+edible&amp;hl=en&amp;ct=clnk&amp;cd=5&amp;gl=uk&amp;client=firefox-a">
http://64.233.183.104/search?q=cache:N5nngDFKCRQJ:www.underutilized-species.org/Documents/PUBLICATIONS/jatropha_curcas_africa.pdf+IPGRI+jatropha+edible&amp;hl=en&amp;ct=clnk&amp;cd=5&amp;gl=uk&amp;client=firefox-a</weblink>.</entry>
<entry id="26">
<weblink xlink:type="simple" xlink:href="http://www.mail-archive.com/sustainablelorgbiofuel@sustainablelists.org/msg36875.html">
(biofuel) Jatropha book - New IPGRI Series Promotes Underutilized Crops.</weblink></entry>
</reflist>
</p>

</sec>
<sec>
<st>
 External links </st>


<p>

<list>
<entry level="1" type="bullet">

 "<weblink xlink:type="simple" xlink:href="http://www.nytimes.com/2007/09/09/world/africa/09biofuel.html?_r=1&amp;oref=slogin">
Mali’s Farmers Discover a Weed’s Potential Power</weblink>", New York Times&#32;(September 9, 2007).&#32;Retrieved on <link>
2007-09-09</link>.&nbsp;</entry>
<entry level="1" type="bullet">

 Integrated Taxonomic Information System (ITIS) <weblink xlink:type="simple" xlink:href="http://www.cbif.gc.ca/pls/itisca/next?taxa=&amp;p_format=&amp;p_ifx=&amp;p_lang=en&amp;v_tsn=28335">
Jatropha Curcas</weblink> </entry>
<entry level="1" type="bullet">

 <weblink xlink:type="simple" xlink:href="http://www.underutilized-species.org/Documents/PUBLICATIONS/jatropha_curcas_africa.pdf">
“Jaropha curcas l. in Africa - Assessment of the impact of the dissemination of “the Jatropha System” on the ecology of the rural area and the social and economic situation of the rural population (target group) in selected countries in Africa”</weblink>. Annexe 7 of this paper presents an “Economic analysis of JCL utilization in Tanzania - Economy of Jatropha Utilization in Tanzania. Data from Kakute, 2003”, covering small-scale economic data on the collection of seeds, oil making and soap making. </entry>
</list>
</p>

<p>

<table style=";" class="navbox" cellspacing="0">
<row>
<col style="padding:2px;">
<table style="width:100%;background:transparent;color:inherit;;" class="nowraplinks collapsible autocollapse " cellspacing="0">
<row>
<header colspan="3" style=";" class="navbox-title">
<link xlink:type="simple" xlink:href="../537/1713537.xml">
Bioenergy</link></header>
</row>
<row style="height:2px;">

</row>
<row>
<col style=";;" class="navbox-group">

Biofuels|Biofuels</col>
<col style="text-align:left;border-left:2px solid #fdfdfd;width:100%;padding:0px;;;" class="navbox-list navbox-odd">
<link xlink:type="simple" xlink:href="../946/14205946.xml">
Algae fuel</link> • <link xlink:type="simple" xlink:href="../470/607470.xml">
Bagasse</link> • <link xlink:type="simple" xlink:href="../137/4783137.xml">
Babassu oil</link> • <point wordnetid="108620061" confidence="0.8">
<beginning wordnetid="108507558" confidence="0.8">
<location wordnetid="100027167" confidence="0.8">
<link xlink:type="simple" xlink:href="../241/6027241.xml">
Biobutanol</link></location>
</beginning>
</point>
 • <equivalent wordnetid="105695554" confidence="0.8">
<substitute wordnetid="105696425" confidence="0.8">
<link xlink:type="simple" xlink:href="../551/188551.xml">
Biodiesel</link></substitute>
</equivalent>
 • <artifact wordnetid="100021939" confidence="0.8">
<merchandise wordnetid="103748886" confidence="0.8">
<commodity wordnetid="103076708" confidence="0.8">
<link xlink:type="simple" xlink:href="../838/54838.xml">
Biogas</link></commodity>
</merchandise>
</artifact>
 • <link xlink:type="simple" xlink:href="../731/14761731.xml">
Biogasoline</link> • <link xlink:type="simple" xlink:href="../016/1391016.xml">
Cellulosic ethanol</link> • <artifact wordnetid="100021939" confidence="0.8">
<merchandise wordnetid="103748886" confidence="0.8">
<commodity wordnetid="103076708" confidence="0.8">
<link xlink:type="simple" xlink:href="../623/608623.xml">
Ethanol fuel</link></commodity>
</merchandise>
</artifact>
 • <link xlink:type="simple" xlink:href="../720/3588720.xml">
Vegetable oil</link></col>
<col style="width:0%;padding:0px 0px 0px 2px;" rowspan="9">
<image width="120px" src="Sugar_cane_leaves.jpg">
</image>
</col>
</row>
<row style="height:2px">

</row>
<row>
<col style=";;" class="navbox-group">

Energy crops|Energy crops</col>
<col style="text-align:left;border-left:2px solid #fdfdfd;width:100%;padding:0px;;;" class="navbox-list navbox-even">
<link xlink:type="simple" xlink:href="../238/493238.xml">
Chinese tallow</link> • <link xlink:type="simple" xlink:href="../313/963313.xml">
Hemp</link> • <link xlink:type="simple" xlink:href="../397/20397.xml">
Maize</link> • <link xlink:type="simple" xlink:href="../545/219545.xml">
Rapeseed</link> • <group_action wordnetid="101080366" confidence="0.8">
<commercial_enterprise wordnetid="101094725" confidence="0.8">
<transaction wordnetid="101106808" confidence="0.8">
<event wordnetid="100029378" confidence="0.8">
<output wordnetid="100914632" confidence="0.8">
<industry wordnetid="100923444" confidence="0.8">
<act wordnetid="100030358" confidence="0.8">
<psychological_feature wordnetid="100023100" confidence="0.8">
<production wordnetid="100913705" confidence="0.8">
<crop wordnetid="113085864" confidence="0.8">
<commerce wordnetid="101090446" confidence="0.8">
<link xlink:type="simple" xlink:href="../231/6647231.xml">
Sorghum bicolor</link></commerce>
</crop>
</production>
</psychological_feature>
</act>
</industry>
</output>
</event>
</transaction>
</commercial_enterprise>
</group_action>
 • <link xlink:type="simple" xlink:href="../784/62784.xml">
Soybean</link> • <link xlink:type="simple" xlink:href="../107/865107.xml">
Stover</link> • <link xlink:type="simple" xlink:href="../594/46594.xml">
Straw</link> • <link xlink:type="simple" xlink:href="../779/13873779.xml">
Sugarcane</link> • <link xlink:type="simple" xlink:href="../622/57622.xml">
Sunflower</link></col>
</row>
<row style="height:2px">

</row>
<row>
<col style=";;" class="navbox-group">

Non food crops|Non food energy crops</col>
<col style="text-align:left;border-left:2px solid #fdfdfd;width:100%;padding:0px;;;" class="navbox-list navbox-odd">
<group_action wordnetid="101080366" confidence="0.8">
<commercial_enterprise wordnetid="101094725" confidence="0.8">
<transaction wordnetid="101106808" confidence="0.8">
<event wordnetid="100029378" confidence="0.8">
<output wordnetid="100914632" confidence="0.8">
<industry wordnetid="100923444" confidence="0.8">
<act wordnetid="100030358" confidence="0.8">
<psychological_feature wordnetid="100023100" confidence="0.8">
<production wordnetid="100913705" confidence="0.8">
<crop wordnetid="113085864" confidence="0.8">
<commerce wordnetid="101090446" confidence="0.8">
<link xlink:type="simple" xlink:href="../987/58987.xml">
Arundo</link></commerce>
</crop>
</production>
</psychological_feature>
</act>
</industry>
</output>
</event>
</transaction>
</commercial_enterprise>
</group_action>
 • <group_action wordnetid="101080366" confidence="0.8">
<commercial_enterprise wordnetid="101094725" confidence="0.8">
<transaction wordnetid="101106808" confidence="0.8">
<event wordnetid="100029378" confidence="0.8">
<output wordnetid="100914632" confidence="0.8">
<industry wordnetid="100923444" confidence="0.8">
<act wordnetid="100030358" confidence="0.8">
<psychological_feature wordnetid="100023100" confidence="0.8">
<production wordnetid="100913705" confidence="0.8">
<crop wordnetid="113085864" confidence="0.8">
<commerce wordnetid="101090446" confidence="0.8">
<link xlink:type="simple" xlink:href="../543/4476543.xml">
Energy forestry</link></commerce>
</crop>
</production>
</psychological_feature>
</act>
</industry>
</output>
</event>
</transaction>
</commercial_enterprise>
</group_action>
 • <group_action wordnetid="101080366" confidence="0.8">
<commercial_enterprise wordnetid="101094725" confidence="0.8">
<transaction wordnetid="101106808" confidence="0.8">
<event wordnetid="100029378" confidence="0.8">
<output wordnetid="100914632" confidence="0.8">
<industry wordnetid="100923444" confidence="0.8">
<act wordnetid="100030358" confidence="0.8">
<psychological_feature wordnetid="100023100" confidence="0.8">
<production wordnetid="100913705" confidence="0.8">
<crop wordnetid="113085864" confidence="0.8">
<commerce wordnetid="101090446" confidence="0.8">
<link xlink:type="simple" xlink:href="../383/10811383.xml">
Jatropha curcas</link></commerce>
</crop>
</production>
</psychological_feature>
</act>
</industry>
</output>
</event>
</transaction>
</commercial_enterprise>
</group_action>
 • <group_action wordnetid="101080366" confidence="0.8">
<commercial_enterprise wordnetid="101094725" confidence="0.8">
<transaction wordnetid="101106808" confidence="0.8">
<event wordnetid="100029378" confidence="0.8">
<output wordnetid="100914632" confidence="0.8">
<industry wordnetid="100923444" confidence="0.8">
<act wordnetid="100030358" confidence="0.8">
<psychological_feature wordnetid="100023100" confidence="0.8">
<production wordnetid="100913705" confidence="0.8">
<crop wordnetid="113085864" confidence="0.8">
<commerce wordnetid="101090446" confidence="0.8">
<link xlink:type="simple" xlink:href="../316/8202316.xml">
Miscanthus giganteus</link></commerce>
</crop>
</production>
</psychological_feature>
</act>
</industry>
</output>
</event>
</transaction>
</commercial_enterprise>
</group_action>
 • <group_action wordnetid="101080366" confidence="0.8">
<commercial_enterprise wordnetid="101094725" confidence="0.8">
<transaction wordnetid="101106808" confidence="0.8">
<event wordnetid="100029378" confidence="0.8">
<output wordnetid="100914632" confidence="0.8">
<industry wordnetid="100923444" confidence="0.8">
<act wordnetid="100030358" confidence="0.8">
<psychological_feature wordnetid="100023100" confidence="0.8">
<production wordnetid="100913705" confidence="0.8">
<crop wordnetid="113085864" confidence="0.8">
<commerce wordnetid="101090446" confidence="0.8">
<link xlink:type="simple" xlink:href="../118/897118.xml">
Switchgrass</link></commerce>
</crop>
</production>
</psychological_feature>
</act>
</industry>
</output>
</event>
</transaction>
</commercial_enterprise>
</group_action>
 • <point wordnetid="108620061" confidence="0.8">
<beginning wordnetid="108507558" confidence="0.8">
<location wordnetid="100027167" confidence="0.8">
<link xlink:type="simple" xlink:href="../277/580277.xml">
Wood fuel</link></location>
</beginning>
</point>
</col>
</row>
<row style="height:2px">

</row>
<row>
<col style=";;" class="navbox-group">
Technology</col>
<col style="text-align:left;border-left:2px solid #fdfdfd;width:100%;padding:0px;;;" class="navbox-list navbox-even">
<link xlink:type="simple" xlink:href="../341/5634341.xml">
Bioconversion</link> • <link xlink:type="simple" xlink:href="../491/9774491.xml">
Biomass heating systems</link> • <occupation wordnetid="100582388" confidence="0.8">
<application wordnetid="100949134" confidence="0.8">
<technology wordnetid="100949619" confidence="0.8">
<event wordnetid="100029378" confidence="0.8">
<profession wordnetid="100609953" confidence="0.8">
<use wordnetid="100947128" confidence="0.8">
<act wordnetid="100030358" confidence="0.8">
<psychological_feature wordnetid="100023100" confidence="0.8">
<activity wordnetid="100407535" confidence="0.8">
<link xlink:type="simple" xlink:href="../397/1637397.xml">
Biorefinery</link></activity>
</psychological_feature>
</act>
</use>
</profession>
</event>
</technology>
</application>
</occupation>
 • <link xlink:type="simple" xlink:href="../762/1284762.xml">
Fischer-Tropsch process</link> • <link xlink:type="simple" xlink:href="../611/643611.xml">
Industrial biotechnology</link> • <plant wordnetid="103956922" confidence="0.8">
<structure wordnetid="104341686" confidence="0.8">
<artifact wordnetid="100021939" confidence="0.8">
<factory wordnetid="103316406" confidence="0.8">
<building_complex wordnetid="102914991" confidence="0.8">
<link xlink:type="simple" xlink:href="../439/2822439.xml">
Pellet mill</link></building_complex>
</factory>
</artifact>
</structure>
</plant>
 • <link xlink:type="simple" xlink:href="../057/3216057.xml">
Pellet stove</link> • <link xlink:type="simple" xlink:href="../682/213682.xml">
Thermal depolymerization</link></col>
</row>
<row style="height:2px">

</row>
<row>
<col style=";;" class="navbox-group">
Concepts</col>
<col style="text-align:left;border-left:2px solid #fdfdfd;width:100%;padding:0px;;;" class="navbox-list navbox-odd">
<link xlink:type="simple" xlink:href="../180/11989180.xml">
Cellulosic ethanol commercialization</link> • <link xlink:type="simple" xlink:href="../339/5997339.xml">
Energy content of biofuel</link> • <link xlink:type="simple" xlink:href="../320/1228320.xml">
EROEI</link> • <link xlink:type="simple" xlink:href="../394/16006394.xml">
Food vs fuel</link> • <link xlink:type="simple" xlink:href="../836/17153836.xml">
Sustainable biofuel</link></col>
</row>
</table>
</col>
</row>
</table>
</p>







</sec>
</bdy>
</commerce>
</crop>
</production>
</psychological_feature>
</act>
</industry>
</output>
</event>
</transaction>
</commercial_enterprise>
</group_action>
</plant>
</article>
