<?xml version="1.0" encoding="UTF-8"?>
<!-- generated by CLiX/Wiki2XML [MPI-Inf, MMCI@UdS] $LastChangedRevision: 92 $ on 16.04.2009 18:05:50[mciao0825] -->
<!DOCTYPE article SYSTEM "../article.dtd">
<article xmlns:xlink="http://www.w3.org/1999/xlink">
<header>
<title>Compatibility mode</title>
<id>1083201</id>
<revision>
<id>187639190</id>
<timestamp>2008-01-29T05:28:12Z</timestamp>
<contributor>
<username>Kathleen.wright5</username>
<id>5228525</id>
</contributor>
</revision>
<categories>
<category>Windows software</category>
<category>Mac OS X software</category>
</categories>
</header>
<bdy>

A <b>compatibility mode</b> is a software mechanism in which a computer's <link xlink:type="simple" xlink:href="../194/22194.xml">
operating system</link> <link xlink:type="simple" xlink:href="../937/18943937.xml">
emulate</link>s an older <link xlink:type="simple" xlink:href="../218/5218.xml">
processor</link>, operating system, and/or <link xlink:type="simple" xlink:href="../196/81196.xml">
hardware platform</link> in order to allow <link xlink:type="simple" xlink:href="../563/241563.xml">
obsolete</link> <link xlink:type="simple" xlink:href="../309/5309.xml">
software</link> to remain compatible with the computer's newer <link xlink:type="simple" xlink:href="../615/13615.xml">
hardware</link> or software.<p>

This differs from a full-fledged <link xlink:type="simple" xlink:href="../937/18943937.xml">
emulator</link> in that an emulator typically creates a virtual hardware architecture on the host system, rather than simply translating the older system's function calls into calls that the host system can understand. </p>
<p>

Examples include Classic Mode in <link xlink:type="simple" xlink:href="../640/20640.xml">
Mac OS X</link> and <version wordnetid="107173585" confidence="0.9508927676800064">
<link xlink:type="simple" xlink:href="../879/33879.xml">
Windows XP's</link></version>
 compatibility mode, which both allow applications designed for older versions of the operating system to run.</p>




</bdy>
</article>
