<?xml version="1.0" encoding="UTF-8"?>
<!-- generated by CLiX/Wiki2XML [MPI-Inf, MMCI@UdS] $LastChangedRevision: 92 $ on 16.04.2009 18:06:47[mciao0826] -->
<!DOCTYPE article SYSTEM "../article.dtd">
<article xmlns:xlink="http://www.w3.org/1999/xlink">
<entity  confidence="0.9511911446218017" wordnetid="100001740">
<musician  confidence="0.9511911446218017" wordnetid="110340312">
<singer  confidence="0.9173553029164789" wordnetid="110599806">
<actress  confidence="0.9173553029164789" wordnetid="109767700">
<actor  confidence="0.9508927676800064" wordnetid="109765278">
<dancer  confidence="0.9173553029164789" wordnetid="109989502">
<header>
<title>Jasmine Guy</title>
<id>1087330</id>
<revision>
<id>242728589</id>
<timestamp>2008-10-03T12:04:14Z</timestamp>
<contributor>
<username>Duncharris</username>
<id>47291</id>
</contributor>
</revision>
<categories>
<category>American film actors</category>
<category>Americans of Portuguese descent</category>
<category>1964 births</category>
<category>Living people</category>
<category>American actor-singers</category>
<category>Multiracial actors</category>
<category>People from Boston, Massachusetts</category>
<category>Massachusetts actors</category>
<category>Afro-Portuguese people</category>
<category>People of mixed Black African-European ethnicity</category>
<category>American television actors</category>
<category>American rhythm and blues singers</category>
<category>African American actors</category>
<category>African American singers</category>
<category>American female singers</category>
<category>Multiracial musicians</category>
<category>American stage actors</category>
</categories>
</header>
<bdy>
<template>
<name>Infobox actor</name>
<parameters>

<image width="150px" src="Replace_this_image_female.svg">
<caption>

Replace this image female.svg
</caption>
</image>
<occupation>
<link xlink:type="simple" xlink:href="../753/753.xml">
Actress</link>, <link xlink:type="simple" xlink:href="../707/162707.xml">
singer</link>, <link xlink:type="simple" xlink:href="../917/48917.xml">
dancer</link></occupation>
<location>
<village wordnetid="108672738" confidence="0.9508927676800064">
<link xlink:type="simple" xlink:href="../309/4309.xml">
Boston, Massachusetts</link></village>
</location>
<spouse>
Terrence Duckette (1998–present)(filed for divorce) 1 Child</spouse>
<name>
Jasmine Guy</name>
<birthdate>
March 10, 1962 (1962-03-10) (age&nbsp;47)</birthdate>
<imagesize>
150px</imagesize>
<naacpimageawards>
<b><symbol wordnetid="106806469" confidence="0.8">
<award wordnetid="106696483" confidence="0.8">
<signal wordnetid="106791372" confidence="0.8">
<link xlink:type="simple" xlink:href="../122/476122.xml">
Outstanding Actress in a Comedy Series</link></signal>
</award>
</symbol>
</b>1990 <it><series wordnetid="108457976" confidence="0.9508927676800064">
<link xlink:type="simple" xlink:href="../471/589471.xml">
A Different World</link></series>
</it>1991 <it>A Different World</it>1992 <it>A Different World</it>1993 <it>A Different World</it>1994 <it>A Different World</it>1995 <it>A Different World''</it></naacpimageawards>
</parameters>
</template>


<p>

<b>Jasmine Guy</b> (born <link xlink:type="simple" xlink:href="../196/20196.xml">
March 10</link>, <link xlink:type="simple" xlink:href="../717/34717.xml">
1962</link> in <village wordnetid="108672738" confidence="0.9508927676800064">
<link xlink:type="simple" xlink:href="../309/4309.xml">
Boston, Massachusetts</link></village>
) is an <body wordnetid="107965085" confidence="0.8">
<social_group wordnetid="107950920" confidence="0.8">
<political_orientation wordnetid="106212839" confidence="0.8">
<colony wordnetid="108374049" confidence="0.8">
<state wordnetid="108168978" confidence="0.8">
<political_unit wordnetid="108359949" confidence="0.8">
<group wordnetid="100031264" confidence="0.8">
<democracy wordnetid="106217103" confidence="0.8">
<link xlink:type="simple" xlink:href="../750/3434750.xml">
American</link></democracy>
</group>
</political_unit>
</state>
</colony>
</political_orientation>
</social_group>
</body>
 <link xlink:type="simple" xlink:href="../753/753.xml">
actress</link>, <link xlink:type="simple" xlink:href="../707/162707.xml">
singer</link> and <link xlink:type="simple" xlink:href="../917/48917.xml">
dancer</link>.  She is most well known for her starring role as <fictional_character wordnetid="109587565" confidence="0.8">
<imaginary_being wordnetid="109483738" confidence="0.8">
<link xlink:type="simple" xlink:href="../887/1858887.xml">
Southern belle</link></imaginary_being>
</fictional_character>
 <fictional_character wordnetid="109587565" confidence="0.8">
<imaginary_being wordnetid="109483738" confidence="0.8">
<link xlink:type="simple" xlink:href="../798/5079798.xml">
Whitley Gilbert</link></imaginary_being>
</fictional_character>
 in the television series <it><series wordnetid="108457976" confidence="0.9508927676800064">
<link xlink:type="simple" xlink:href="../471/589471.xml">
A Different World</link></series>
</it>. </p>

<sec>
<st>
Biography</st>
<p>

Born to an <link xlink:type="simple" xlink:href="../ury/22nd_century.xml">
African-American</link> father and a white<ref xlink:type="simple" xlink:href="#xpointer(//reflist/entry[@id=%221%22])">1</ref>  <ethnic_group wordnetid="107967382" confidence="0.9508927676800064">
<link xlink:type="simple" xlink:href="../642/970642.xml">
Portuguese</link></ethnic_group>
 mother, Guy was raised in <village wordnetid="108672738" confidence="0.9508927676800064">
<link xlink:type="simple" xlink:href="../138/3138.xml">
Atlanta, Georgia</link></village>
, where she attended the former Northside Performing Arts High School (which merged with <school wordnetid="108276720" confidence="0.8">
<educational_institution wordnetid="108276342" confidence="0.8">
<institution wordnetid="108053576" confidence="0.8">
<link xlink:type="simple" xlink:href="../744/7103744.xml">
North Fulton High School</link></institution>
</educational_institution>
</school>
 to form <school wordnetid="108276720" confidence="0.9508927676800064">
<link xlink:type="simple" xlink:href="../728/1523728.xml">
North Atlanta High School</link></school>
). Her mother's name is Jaye Rudolph, and her father, the Reverend William Guy, was pastor of the historic Friendship Baptist Church in Atlanta, which served as an early home to <university wordnetid="108286163" confidence="0.9508927676800064">
<link xlink:type="simple" xlink:href="../823/363823.xml">
Morehouse College</link></university>
 and <university wordnetid="108286163" confidence="0.9508927676800064">
<link xlink:type="simple" xlink:href="../014/364014.xml">
Spelman College</link></university>
. (The latter school served as the setting for "Hillman College," the fictional school depicted in <it>A Different World.</it>) She later studied dance at <actor wordnetid="109765278" confidence="0.9508927676800064">
<choreographer wordnetid="109920283" confidence="0.9173553029164789">
<link xlink:type="simple" xlink:href="../643/497643.xml">
Alvin Ailey American Dance Center</link></choreographer>
</actor>
 in New York City in 1981.</p>
<p>

During the run of <it><link xlink:type="simple" xlink:href="../396/9614396.xml">
A Different World</link></it>, she released her self-titled debut album in 1990, which spawned three Billboard Top 100 hits: "Try Me", "Another Like My Lover", and "Just Want To Hold You." In the spring of 2006, Jasmine spoke to the graduating class at The <university wordnetid="108286163" confidence="0.9508927676800064">
<link xlink:type="simple" xlink:href="../510/89510.xml">
University of North Carolina at Chapel Hill</link></university>
 and revealed that she will record a second album. She commented that of all the entertainment industries, the music industry was the worst. She will sell her new album online herself and not through a major label, similar to the marketing strategy used by <person wordnetid="100007846" confidence="0.9508927676800064">
<artist wordnetid="109812338" confidence="0.9508927676800064">
<link xlink:type="simple" xlink:href="../317/57317.xml">
Prince</link></artist>
</person>
.</p>
<p>

She married Terrence Duckette in 1998. The couple has one child, a girl named Imani, born in 1999. On April 8,2008, PEOPLE magazine reported that the actress and her husband of nearly 10 years were divorcing due to irreconcilable differences.  </p>
<p>

Jasmine Guy was also a good friend of slain rapper Tupac Shakur, whom she met through her costar on "A Different World," Jada Pinkett (Smith). Guy collaborated with Shakur's mother, Afeni, to write a biography of her life as a former Black Panther. The book, <it>Afeni Shakur: Evolution of a Revolutionary,</it> was published in 2005 by Simon and Schuster and received critical acclaim for its poignancy.</p>

</sec>
<sec>
<st>
Television Roles</st>
<p>

Guy had a cameo role in an episode of <it><series wordnetid="108457976" confidence="0.9508927676800064">
<link xlink:type="simple" xlink:href="../046/167046.xml">
The Fresh Prince of Bel-Air</link></series>
</it> where she played one of <rapper wordnetid="110507482" confidence="0.9173553029164789">
<manufacturer wordnetid="110292316" confidence="0.9173553029164789">
<film_maker wordnetid="110088390" confidence="0.9173553029164789">
<actor wordnetid="109765278" confidence="0.9173553029164789">
<artist wordnetid="109812338" confidence="0.9508927676800064">
<link xlink:type="simple" xlink:href="../698/154698.xml">
Will Smith</link></artist>
</actor>
</film_maker>
</manufacturer>
</rapper>
's girlfriends; her character's name was Kayla and she was having problems in college and found that spending time with him made her situation even worse. In an appearance on <it><series wordnetid="108457976" confidence="0.9508927676800064">
<link xlink:type="simple" xlink:href="../259/682259.xml">
Living Single</link></series>
</it> (created by <it>A Different World</it> executive <physical_entity wordnetid="100001930" confidence="0.8">
<communicator wordnetid="109610660" confidence="0.8">
<person wordnetid="100007846" confidence="0.8">
<manufacturer wordnetid="110292316" confidence="0.8">
<maker wordnetid="110284064" confidence="0.8">
<causal_agent wordnetid="100007347" confidence="0.8">
<writer wordnetid="110794014" confidence="0.8">
<creator wordnetid="109614315" confidence="0.8">
<link xlink:type="simple" xlink:href="../682/5228682.xml">
Yvette Lee Bowser</link></creator>
</writer>
</causal_agent>
</maker>
</manufacturer>
</person>
</communicator>
</physical_entity>
), Guy played a psychologist who advised Khadijah when she began exhibiting symptoms of <link xlink:type="simple" xlink:href="../531/4531.xml">
bipolar disorder</link>. Guy appeared as Caitlin Mills on 3 episodes of <series wordnetid="108457976" confidence="0.9508927676800064">
<link xlink:type="simple" xlink:href="../320/171320.xml">
Melrose Place</link></series>
 as Jack Wagner's character love interest. She also made a cameo appearances on the <it><series wordnetid="108457976" confidence="0.9508927676800064">
<link xlink:type="simple" xlink:href="../782/657782.xml">
Moesha</link></series>
</it> spin-off <it><series wordnetid="108457976" confidence="0.9508927676800064">
<link xlink:type="simple" xlink:href="../572/656572.xml">
The Parkers</link></series>
</it>, and the <it><series wordnetid="108457976" confidence="0.9508927676800064">
<link xlink:type="simple" xlink:href="../681/494681.xml">
That's So Raven</link></series>
</it> episode "Checkin' Out" as a famous fashion photographer named Pistache. The actress had a starring role in <it><series wordnetid="108457976" confidence="0.9508927676800064">
<link xlink:type="simple" xlink:href="../652/440652.xml">
Dead Like Me</link></series>
</it> as <policeman wordnetid="110448983" confidence="0.9173553029164789">
<link>
Roxy Harvey</link></policeman>
. In the cartoon <series wordnetid="108457976" confidence="0.9508927676800064">
<link xlink:type="simple" xlink:href="../858/457858.xml">
Cyberchase</link></series>
, Guy has lent her voice to two characters: Ava, the queen of the <link xlink:type="simple" xlink:href="../858/457858.xml">
cybersite</link> Symmetria, and Ms. Fileshare the Cybrarian.  She also had the recurring role of Kathleen, a fallen angel in the CBS Network Drama <link xlink:type="simple" xlink:href="../590/510590.xml">
Touched By An Angel</link>.</p>

</sec>
<sec>
<st>
Film roles</st>
<p>

Early in the run of the TV series that made her famous, Guy took a major film role playing Dominique La Rue in 1989's <it><movie wordnetid="106613686" confidence="0.9508927676800064">
<link xlink:type="simple" xlink:href="../132/1681132.xml">
Harlem Nights</link></movie>
</it>, starring Eddie Murphy and Richard Pryor. In the film, Pryor's character, Harlem "Sugar" Ray, is the owner of an illegal casino, who contends with the pressures of vicious gangsters and corrupt policemen who want to see him go out of business in 1920s Harlem. Guy played the girlfriend of the group's nemesis, who set out to seduce and kill Murphy. Jasmine also had a role in the 1988 musical-drama film <it><movie wordnetid="106613686" confidence="0.9508927676800064">
<link xlink:type="simple" xlink:href="../281/2851281.xml">
School Daze</link></movie>
</it> as Dina a member of the light-skinned, straight-haired African American women of Gamma Ray (a women's auxiliary to the Gamma Phi Gamma fraternity) , written and directed by Spike Lee.  This movie stars Laurence Fishburne, Giancarlo Esposito, and Tisha Campbell. Jasmine has also provided the voice of Sawyer Cat in the Warner Bros. animated film <it><movie wordnetid="106613686" confidence="0.9508927676800064">
<link xlink:type="simple" xlink:href="../614/668614.xml">
Cats Don't Dance</link></movie>
</it>. She will also appear in the upcoming film, <it><movie wordnetid="106613686" confidence="0.9508927676800064">
<link xlink:type="simple" xlink:href="../734/12747734.xml">
Dead Like Me (film)</link></movie>
</it>.</p>

</sec>
<sec>
<st>
Stage</st>
<p>

Guy has performed in several <link xlink:type="simple" xlink:href="../252/725252.xml">
Broadway</link> shows, appearing as Crow in <musical wordnetid="107019172" confidence="0.9508927676800064">
<link xlink:type="simple" xlink:href="../934/418934.xml">
The Wiz</link></musical>
, Mickey in <it><musical wordnetid="107019172" confidence="0.9508927676800064">
<link xlink:type="simple" xlink:href="../641/9429641.xml">
Leader of the Pack</link></musical>
</it>, Betty Rizzo in <it><musical wordnetid="107019172" confidence="0.9508927676800064">
<link xlink:type="simple" xlink:href="../898/142898.xml">
Grease</link></musical>
</it> and Velma Kelly in <it><musical wordnetid="107019172" confidence="0.9508927676800064">
<link xlink:type="simple" xlink:href="../077/213077.xml">
Chicago</link></musical>
</it>.</p>

</sec>
<sec>
<st>
Radio</st>
<p>

The actress recorded a public service announcement for Deejay Ra's 'Hip-Hop Literacy' campaign, encouraging reading of books about <person wordnetid="100007846" confidence="0.9508927676800064">
<artist wordnetid="109812338" confidence="0.9508927676800064">
<link xlink:type="simple" xlink:href="../341/31341.xml">
Tupac Shakur</link></artist>
</person>
.</p>

</sec>
<sec>
<st>
Music</st>

<ss1>
<st>
Album</st>
<p>

<table class="wikitable">
<header align="left">
Album information</header>

<row bgcolor="#F0F8FF">
<col align="left">
<it><link>
Jasmine Guy</link></it>
<list>
<entry level="1" type="bullet">

 Released: Oct 16, 1990</entry>
<entry level="1" type="bullet">

 Label: <label wordnetid="107202579" confidence="0.9508927676800064">
<link xlink:type="simple" xlink:href="../933/935933.xml">
Warner Bros.</link></label>
</entry>
<entry level="1" type="bullet">

 Catalog Number: 26021</entry>
<entry level="1" type="bullet">

 Chart Peak: US Pop #143, R&amp;B #38, Heatseekers #32</entry>
<entry level="1" type="bullet">

 <link xlink:type="simple" xlink:href="../159/308159.xml">
RIAA Certification</link>: None</entry>
<entry level="1" type="bullet">

 Singles: "Try Me" "Another Like My Lover" "Just Want To Hold You" "Don't Want Money"</entry>
</list>
</col>
</row>
</table>
</p>

</ss1>
<ss1>
<st>
Singles</st>

<p>

<table class="wikitable">
<header align="left" valign="top">
Year</header>
<header align="left" valign="top">
Title</header>
<header align="left" valign="top">
Album</header>
<header width="40" align="center" valign="top">
<chart wordnetid="106999802" confidence="0.8">
<visual_communication wordnetid="106873252" confidence="0.8">
<link xlink:type="simple" xlink:href="../161/423161.xml">
US</link></visual_communication>
</chart>
</header>
<header width="60" align="center" valign="top">
<link xlink:type="simple" xlink:href="../292/13745292.xml">
US R&amp;B</link></header>
<row>
<col align="left" valign="top">
1990</col>
<col align="left" valign="top">
"Try Me"</col>
<col align="left" valign="top">
<it>Jasmine Guy''</it></col>
<col align="center" valign="top">
-</col>
<col align="center" valign="top">
14</col>
</row>
<row>
<col align="left" valign="top">
1991</col>
<col align="left" valign="top">
"Another Like My Lover"</col>
<col align="left" valign="top">
<it>Jasmine Guy''</it></col>
<col align="center" valign="top">
66</col>
<col align="center" valign="top">
9</col>
</row>
<row>
<col align="left" valign="top">
1991</col>
<col align="left" valign="top">
"Just Want To Hold You (with <artist wordnetid="109812338" confidence="0.9508927676800064">
<link xlink:type="simple" xlink:href="../361/738361.xml">
James Ingram</link></artist>
)"</col>
<col align="left" valign="top">
<it>Jasmine Guy''</it></col>
<col align="center" valign="top">
34</col>
<col align="center" valign="top">
3</col>
</row>
<row>
<col align="left" valign="top">
1991</col>
<col align="left" valign="top">
"Don't Want Money"</col>
<col align="left" valign="top">
<it>Jasmine Guy''</it></col>
<col align="center" valign="top">
-</col>
<col align="center" valign="top">
-</col>
</row>
</table>
</p>

</ss1>
</sec>
<sec>
<st>
References</st>

<p>

<reflist>
<entry id="1">
Thompson, Kevin D..&#32;"<weblink xlink:type="simple" xlink:href="http://209.85.173.104/search?q=cache:0Rc8T6coTEcJ:www.essence.com/essence/themix/entertainment/0,16109,1828035,00.html+http://www.essence.com/essence/themix/entertainment/0,16109,1828035,00.html&amp;hl=en&amp;ct=clnk&amp;cd=1&amp;gl=us">
Jasmine Guy: Flashback Friday - The star of "A Different World" on being Whitley, her impending divorce, and growing up biracial</weblink>".&#32;  <work wordnetid="104599396" confidence="0.8">
<product wordnetid="104007894" confidence="0.8">
<magazine wordnetid="106595351" confidence="0.8">
<print_media wordnetid="106263609" confidence="0.8">
<creation wordnetid="103129123" confidence="0.8">
<press wordnetid="106263369" confidence="0.8">
<artifact wordnetid="100021939" confidence="0.8">
<instrumentality wordnetid="103575240" confidence="0.8">
<medium wordnetid="106254669" confidence="0.8">
<publication wordnetid="106589574" confidence="0.8">
<link xlink:type="simple" xlink:href="../391/1773391.xml">
Essence</link></publication>
</medium>
</instrumentality>
</artifact>
</press>
</creation>
</print_media>
</magazine>
</product>
</work>
.</entry>
</reflist>
</p>

</sec>
<sec>
<st>
External links</st>
<p>

<list>
<entry level="1" type="bullet">

 <weblink xlink:type="simple" xlink:href="http://www.imdb.com/name/nm0004982/">
Jasmine Guy</weblink> at the <web_site wordnetid="106359193" confidence="0.9508927676800064">
<link xlink:type="simple" xlink:href="../554/2855554.xml">
Internet Movie Database</link></web_site>
</entry>
<entry level="1" type="bullet">

 <weblink xlink:type="simple" xlink:href="http://www.tv.com/person/4003/summary.html">
Jasmine Guy</weblink> at <web_site wordnetid="106359193" confidence="0.9508927676800064">
<link xlink:type="simple" xlink:href="../055/2026055.xml">
TV.com</link></web_site>
</entry>
<entry level="1" type="bullet">

 <weblink xlink:type="simple" xlink:href="http://www.ibdb.com/person.asp?ID=77525">
Jasmine Guy</weblink> at the <possession wordnetid="100032613" confidence="0.8">
<property wordnetid="113244109" confidence="0.8">
<link xlink:type="simple" xlink:href="../348/1037348.xml">
Internet Broadway Database</link></property>
</possession>
</entry>
<entry level="1" type="bullet">

 <weblink xlink:type="simple" xlink:href="http://movies.yahoo.com/movie/contributor/1800020881">
Jasmine Guy</weblink> at <web_site wordnetid="106359193" confidence="0.9508927676800064">
<link xlink:type="simple" xlink:href="../907/908907.xml">
Yahoo! Movies</link></web_site>
 </entry>
<entry level="1" type="bullet">

 <weblink xlink:type="simple" xlink:href="http://www.jasmineguy.org/">
Official site</weblink></entry>
</list>
</p>



</sec>
</bdy>
</dancer>
</actor>
</actress>
</singer>
</musician>
</entity>
</article>
