<?xml version="1.0" encoding="UTF-8"?>
<!-- generated by CLiX/Wiki2XML [MPI-Inf, MMCI@UdS] $LastChangedRevision: 92 $ on 17.04.2009 00:34:12[mciao0827] -->
<!DOCTYPE article SYSTEM "../article.dtd">
<article xmlns:xlink="http://www.w3.org/1999/xlink">
<physical_entity  confidence="0.8" wordnetid="100001930">
<person  confidence="0.8" wordnetid="100007846">
<entity  confidence="0.9511911446218017" wordnetid="100001740">
<intellectual  confidence="0.8" wordnetid="109621545">
<alumnus  confidence="0.8" wordnetid="109786338">
<causal_agent  confidence="0.8" wordnetid="100007347">
<artist  confidence="0.8" wordnetid="109812338">
<scholar  confidence="0.8" wordnetid="110557854">
<creator  confidence="0.8" wordnetid="109614315">
<header>
<title>Mark Napier (artist)</title>
<id>10910742</id>
<revision>
<id>238127372</id>
<timestamp>2008-09-13T11:38:33Z</timestamp>
<contributor>
<username>Lightbot</username>
<id>7178666</id>
</contributor>
</revision>
<categories>
<category>American artists</category>
<category>Syracuse University alumni</category>
<category>1961 births</category>
<category>Living people</category>
<category>Net.artists</category>
<category>New York artists</category>
<category>People from Newark, New Jersey</category>
<category>Digital artists</category>
</categories>
</header>
<bdy>

<b>Mark Napier</b> (b 1961) is an early pioneer of <link xlink:type="simple" xlink:href="../463/977463.xml">
net.art</link> in the United States, known for creating <link xlink:type="simple" xlink:href="../528/644528.xml">
interactive</link> online artwork that challenged traditional definitions of art.  He is author of <weblink xlink:type="simple" xlink:href="http://potatoland.org">
potatoland.org</weblink>, his online studio where many of his net artworks can be found.
<sec>
<st>
Education</st>
<p>

Mark Napier was born in <region wordnetid="108630985" confidence="0.8">
<vicinity wordnetid="108641113" confidence="0.8">
<social_group wordnetid="107950920" confidence="0.8">
<area wordnetid="108497294" confidence="0.8">
<location wordnetid="100027167" confidence="0.8">
<gathering wordnetid="107975026" confidence="0.8">
<community wordnetid="108223802" confidence="0.8">
<group wordnetid="100031264" confidence="0.8">
<section wordnetid="108648322" confidence="0.8">
<link xlink:type="simple" xlink:href="../295/1375295.xml">
Springfield, New Jersey</link></section>
</group>
</community>
</gathering>
</location>
</area>
</social_group>
</vicinity>
</region>
 in 1961. He graduated in 1984 with a Bachelor's degree in Fine Arts from <university wordnetid="108286163" confidence="0.9508927676800064">
<link xlink:type="simple" xlink:href="../353/29353.xml">
Syracuse University</link></university>
.</p>

</sec>
<sec>
<st>
Life and Work</st>

<p>

Trained as a <link xlink:type="simple" xlink:href="../193/18622193.xml">
painter</link>, Napier worked as a self taught <link xlink:type="simple" xlink:href="../716/23716.xml">
programmer</link> in <region wordnetid="108630985" confidence="0.8">
<administrative_district wordnetid="108491826" confidence="0.8">
<location wordnetid="100027167" confidence="0.8">
<district wordnetid="108552138" confidence="0.8">
<country wordnetid="108544813" confidence="0.8">
<link xlink:type="simple" xlink:href="../131/8210131.xml">
New York</link></country>
</district>
</location>
</administrative_district>
</region>
's financial markets till 1995, when a friend introduced him to the web.  With <person wordnetid="100007846" confidence="0.9638700866880419">
<link xlink:type="simple" xlink:href="../963/569963.xml">
Levi Asher</link></person>
, Napier collaborated on his first website and began several experiments with <link xlink:type="simple" xlink:href="../460/13460.xml">
hypertext</link> in which he explored juxtaposing meanings and in pop culture symbols.  In one definitive site, <it>The Distorted Barbie</it>, Napier created a family of Photoshopped <fictional_character wordnetid="109587565" confidence="0.9508927676800064">
<link xlink:type="simple" xlink:href="../328/164328.xml">
Barbie</link></fictional_character>
 also-rans that riffed on the "sacred cash-cow" status of the capitalist icon.  <company wordnetid="108058098" confidence="0.9508927676800064">
<link xlink:type="simple" xlink:href="../642/20642.xml">
Mattel</link></company>
 was not amused and threatened Napier with a <link xlink:type="simple" xlink:href="../954/477954.xml">
cease-and-desist</link> letter, which prompted a wholesale copying of the site by enraged fans.  </p>
<p>

In 1997, shortly after the <it>Distorted Barbie</it> debacle, Napier opened potatoland.org, an online studio for <artifact wordnetid="100021939" confidence="0.8">
<instrumentality wordnetid="103575240" confidence="0.8">
<medium wordnetid="106254669" confidence="0.8">
<link xlink:type="simple" xlink:href="../121/148121.xml">
interactive work</link></medium>
</instrumentality>
</artifact>
 where he explored <link xlink:type="simple" xlink:href="../506/288506.xml">
software</link> as an art medium with such pieces as <it>Digital Landfill</it> and <link>
Internet shredder 1.0</link> (1998).  Both pieces were included in the seminal net_condition show at <link xlink:type="simple" xlink:href="../391/1062391.xml">
ZKM</link> in <location wordnetid="100027167" confidence="0.9508927676800064">
<link xlink:type="simple" xlink:href="../036/105036.xml">
Karlsruhe</link></location>
, and attracted critical attention: <it>Shredder</it> was shown at <fundamental_quantity wordnetid="113575869" confidence="0.8">
<time_period wordnetid="115113229" confidence="0.8">
<festival wordnetid="115162388" confidence="0.8">
<link xlink:type="simple" xlink:href="../527/640527.xml">
Ars Electronica</link></festival>
</time_period>
</fundamental_quantity>
 and <it>Digital Landfill</it> was written up in the <link>
Village Voice</link>.  Over the next five years Napier explored the networked software environment, creating work that challenged the definition of the art object.  The salient features of these pieces: The artwork can be altered by viewer, it <technique wordnetid="105665146" confidence="0.8">
<genre wordnetid="105845332" confidence="0.8">
<idea wordnetid="105833840" confidence="0.8">
<concept wordnetid="105835747" confidence="0.8">
<category wordnetid="105838765" confidence="0.8">
<know-how wordnetid="105616786" confidence="0.8">
<method wordnetid="105660268" confidence="0.8">
<kind wordnetid="105839024" confidence="0.8">
<link xlink:type="simple" xlink:href="../466/250466.xml">
responds</link></kind>
</method>
</know-how>
</category>
</concept>
</idea>
</genre>
</technique>
 to actions from the visitor and typically relies on visitor actions to enact the work.  It can change, possibly unpredictably, over time.  The art often appropriates other network property to use as raw material ie. websites, flags, images.  The art is "massively public": it is accessible to and can be altered by anybody that has access to the network.</p>
<p>

These pieces exist in part as <link xlink:type="simple" xlink:href="../515/224515.xml">
performances</link>, in part as places that a viewer visits, in part as compositions, like music, that unfold differently when played under different circumstances.  The overriding experience is that the art object is disembodied, existing in many places at once, with many authors contributing to the piece, with many appearances, over time, with no clear end point.  The artwork is in the the <link xlink:type="simple" xlink:href="../775/775.xml">
algorithm</link>, the process, which manifests itself in an unending series of appearances on the screen.</p>
<p>

During this time Napier produced <it>Riot</it>, an alternative <link xlink:type="simple" xlink:href="../173/33173.xml">
browser</link> shown in the <link xlink:type="simple" xlink:href="../198/1975198.xml">
Whitney Biennial</link> (2002), <it>Feed</it>, commissioned by <link xlink:type="simple" xlink:href="../118/148118.xml">
SFMOMA</link> and shown in the 010101 show at SFMOMA (2001), and <it><link xlink:type="simple" xlink:href="../985/8525985.xml">
net.flag</link></it>, commissioned by the <link xlink:type="simple" xlink:href="../980/79980.xml">
Guggenheim Museum</link>.  In 2002 net.flag and <link xlink:type="simple" xlink:href="../715/424715.xml">
John Simon</link>'s <it>Unfolding Object</it> became the first network based artworks to be acquired by a major museum.</p>
<p>

These pieces turn the structure of the software/network environment inside out, <link xlink:type="simple" xlink:href="../192/13192.xml">
hacking</link> the inner workings of the virtual space, and often collide physical metaphors with the insolidity of the net environment, ie. shredding (<it>Shredder</it>), decaying (<it>Digital Landfill</it>), breaking down neighborhoods (<it>Riot</it>), creating a flag (<it><link xlink:type="simple" xlink:href="../985/8525985.xml">
net.flag</link></it>).  By hacking the http <link xlink:type="simple" xlink:href="../615/23615.xml">
protocol</link> he turns the web into an <link xlink:type="simple" xlink:href="../847/147847.xml">
abstact expressionist</link> painting or a meditative <link xlink:type="simple" xlink:href="../789/855789.xml">
color field</link>.  Matt Mirapaul writing in the <link xlink:type="simple" xlink:href="../680/30680.xml">
New York Times</link> described <it>Feed</it> as "a digital <link xlink:type="simple" xlink:href="../488/329488.xml">
action painting</link>, albeit with actual action."</p>
<p>

This repurposing of the matter of the web continues in <it>Black and White</it> (2003), a transitional piece in which Napier reads the text of the <message wordnetid="106598915" confidence="0.8">
<text wordnetid="106387980" confidence="0.8">
<subject wordnetid="106599788" confidence="0.8">
<link xlink:type="simple" xlink:href="../326/22326.xml">
Old Testament</link></subject>
</text>
</message>
, <text wordnetid="106387980" confidence="0.8">
<link xlink:type="simple" xlink:href="../433/21433.xml">
New Testament</link></text>
 and <link xlink:type="simple" xlink:href="../922/36922.xml">
Koran</link>, as a stream of zeroes and ones, then treats the stream of <link xlink:type="simple" xlink:href="../702/920702.xml">
binary data</link> as two forces that drive a black and white line on the screen.  The lines are propelled by the 0 and 1 values from the data, and are mutually attracted to one another, creating a swirling, orbiting dance as the black and white points seek equilibrium.  The Black and White algorithm translates writing from a form that is meaningful to humans into a form that is equally precise, but that can only be understood as a <link xlink:type="simple" xlink:href="../126/404126.xml">
gestalt</link>: a moment of insight that points to experiences that cannot be transcribed into text.</p>
<p>

In the period following 2003, Napier explores a more private side of software, making meditative pieces and drawing on the history of painting for inspiration.  In three solo shows at <link xlink:type="simple" xlink:href="../502/9262502.xml">
bitforms gallery</link>, nyc, Napier leaves the browser and moves towards a more tactile <link xlink:type="simple" xlink:href="../528/644528.xml">
interactivity</link>, showing work that is graphically rich and minimally interactive.  Still addressing the expression of power in the global network, Napier turns to the <skyscraper wordnetid="104233124" confidence="0.9508927676800064">
<link xlink:type="simple" xlink:href="../736/9736.xml">
Empire State Building</link></skyscraper>
 as a symbol of <link xlink:type="simple" xlink:href="../748/21748.xml">
nationalism</link>, <link xlink:type="simple" xlink:href="../357/92357.xml">
military</link> and economic might.  By <link xlink:type="simple" xlink:href="../342/30342.xml">
transliterating</link> the monument into software, Napier creates a contradiction: a soft, malleable, bouncing skyscraper.  Flexible where the original is rigid, small where the original is huge, at once delicate and unbreakable, Napier's skyscraper collides the worlds of steel with the world of software, and reveals the anxiety of transitional time.  </p>
<p>

These pieces, with names like <it>KingKong</it>, <it>Cyclops Birth</it> and <it>Smoke</it>, deal with the expression of power in the <link xlink:type="simple" xlink:href="../632/84632.xml">
age of information</link>. The seeming permanence of <link xlink:type="simple" xlink:href="../058/27058.xml">
steel</link>, the formative material of the <process wordnetid="105701363" confidence="0.8">
<thinking wordnetid="105770926" confidence="0.8">
<explanation wordnetid="105793000" confidence="0.8">
<theory wordnetid="105989479" confidence="0.8">
<higher_cognitive_process wordnetid="105770664" confidence="0.8">
<link xlink:type="simple" xlink:href="../914/14914.xml">
Industrial Revolution</link></higher_cognitive_process>
</theory>
</explanation>
</thinking>
</process>
, appears almost quaint as we navigate an environment that is increasingly made of <link xlink:type="simple" xlink:href="../3$00/Radeon_R$300.xml">
electricity</link>, <link xlink:type="simple" xlink:href="../716/19716.xml">
magnetism</link> and <link xlink:type="simple" xlink:href="../939/17939.xml">
light</link>.</p>
<p>

As they comment on the condition of human media in transition, these pieces also upset the conventions of visual art, long dominated by permanent unique objects.  By creating virtual "objects" Napier's work exists in a space that is visible, yet forever just out of reach.  These objects teeter on the edge of solidity and tempt the viewer to freeze them, hold them, to return them to the familiar and comfortably solid world.</p>

</sec>
<sec>
<st>
Notable projects</st>

<p>

<list>
<entry level="1" type="bullet">

 <it>The Distorted Barbie</it> (1996)</entry>
<entry level="1" type="bullet">

 <it>Digital Landfill</it> (1998) </entry>
<entry level="1" type="bullet">

 <it><software wordnetid="106566077" confidence="0.9508927676800064">
<link xlink:type="simple" xlink:href="../651/17315651.xml">
Shredder 1.0</link></software>
</it> (1998) </entry>
<entry level="1" type="bullet">

 <it>Riot</it> (1999)</entry>
<entry level="1" type="bullet">

 <it>©Bots</it> (2000)</entry>
<entry level="1" type="bullet">

 <it>net.flag</it> (2002)</entry>
</list>
</p>

</sec>
<sec>
<st>
References</st>
<p>

<list>
<entry level="1" type="bullet">

 Interview with Mark Napier, by with Tilman Baumgaertel <weblink xlink:type="simple" xlink:href="http://marknapier.com/presskit/articles/tilman_interview_2001/tilman_interview_2001.htm">
http://marknapier.com/presskit/articles/tilman_interview_2001/tilman_interview_2001.htm</weblink></entry>
<entry level="1" type="bullet">

 Interview with Mark Napier, by Jon Ippolito, January 2002 <weblink xlink:type="simple" xlink:href="http://marknapier.com/presskit/articles/ippolito_interview/ippolito_netflag_interview.htm">
http://marknapier.com/presskit/articles/ippolito_interview/ippolito_netflag_interview.htm</weblink></entry>
<entry level="1" type="bullet">

 Interview with Mark Napier, by Andreas Broegger <weblink xlink:type="simple" xlink:href="http://marknapier.com/presskit/articles/hvedekorn_Broegger_Interview/aestheticsofprogramming.html">
http://marknapier.com/presskit/articles/hvedekorn_Broegger_Interview/aestheticsofprogramming.html</weblink></entry>
<entry level="1" type="bullet">

 010101: Art in Technological Times (catalog), pp. 112-113</entry>
<entry level="1" type="bullet">

 Tilman Baumgartel, net.art 2.0, Kunst Nurnberg, pp. 182-191</entry>
<entry level="1" type="bullet">

 Christiane Paul, Digital Art, Thames &amp; Hudson Ltd</entry>
<entry level="1" type="bullet">

 Ebon Fisher, Wigglism Leonardo Journal Vol. 40, Number I, p.40 </entry>
<entry level="1" type="bullet">

 New Media Art, by <physical_entity wordnetid="100001930" confidence="0.8">
<curator wordnetid="109983889" confidence="0.8">
<person wordnetid="100007846" confidence="0.8">
<preserver wordnetid="110466918" confidence="0.8">
<intellectual wordnetid="109621545" confidence="0.8">
<adult wordnetid="109605289" confidence="0.8">
<professional wordnetid="110480253" confidence="0.8">
<educator wordnetid="110045713" confidence="0.8">
<creator wordnetid="109614315" confidence="0.8">
<custodian wordnetid="109984298" confidence="0.8">
<alumnus wordnetid="109786338" confidence="0.8">
<academician wordnetid="109759069" confidence="0.8">
<causal_agent wordnetid="100007347" confidence="0.8">
<defender wordnetid="109614684" confidence="0.8">
<artist wordnetid="109812338" confidence="0.8">
<historian wordnetid="110177150" confidence="0.8">
<scholar wordnetid="110557854" confidence="0.8">
<link xlink:type="simple" xlink:href="../275/15450275.xml">
Mark Tribe</link></scholar>
</historian>
</artist>
</defender>
</causal_agent>
</academician>
</alumnus>
</custodian>
</creator>
</educator>
</professional>
</adult>
</intellectual>
</preserver>
</person>
</curator>
</physical_entity>
 and Reena Jana, Taschen  p. 70 <weblink xlink:type="simple" xlink:href="http://www.taschen.com/pages/en/catalogue/books/art/all/facts/03684.htm">
http://www.taschen.com/pages/en/catalogue/books/art/all/facts/03684.htm</weblink></entry>
<entry level="1" type="bullet">

 From Steel to Software, by Lauren Cornell, <weblink xlink:type="simple" xlink:href="http://rhizome.org/news/?timestamp=20070509">
http://rhizome.org/news/?timestamp=20070509</weblink></entry>
</list>
</p>

</sec>
<sec>
<st>
External links</st>
<p>

<list>
<entry level="1" type="bullet">

 <weblink xlink:type="simple" xlink:href="http://potatoland.org">
Napier's website, featuring some of his artwork</weblink></entry>
<entry level="1" type="bullet">

 <weblink xlink:type="simple" xlink:href="http://users.rcn.com/napier.interport/barbie/barbie.html">
Napier's earlier website, featuring his controversial Barbie pieces</weblink></entry>
<entry level="1" type="bullet">

 <weblink xlink:type="simple" xlink:href="http://cyber.law.harvard.edu/property00/respect/csbarbie.html">
A Harvard page discussing the legal standpoints of the Barbie controversy</weblink></entry>
</list>
</p>


</sec>
</bdy>
</creator>
</scholar>
</artist>
</causal_agent>
</alumnus>
</intellectual>
</entity>
</person>
</physical_entity>
</article>
