<?xml version="1.0" encoding="UTF-8"?>
<!-- generated by CLiX/Wiki2XML [MPI-Inf, MMCI@UdS] $LastChangedRevision: 92 $ on 17.04.2009 00:29:23[mciao0825] -->
<!DOCTYPE article SYSTEM "../article.dtd">
<article xmlns:xlink="http://www.w3.org/1999/xlink">
<art  confidence="0.9511911446218017" wordnetid="102743547">
<group  confidence="0.9511911446218017" wordnetid="100031264">
<header>
<title>International Association of Scientific, Technical, and Medical Publishers</title>
<id>10920903</id>
<revision>
<id>203977610</id>
<timestamp>2008-04-07T13:17:32Z</timestamp>
<contributor>
<username>Mjk3ntr</username>
<id>4541160</id>
</contributor>
</revision>
<categories>
<category>Wikipedia articles needing style editing from December 2007</category>
<category>Orphaned articles from March 2008</category>
<category>All articles needing style editing</category>
<category>Arts and media trade groups</category>
<category>Industry trade groups</category>
<category>All orphaned articles</category>
</categories>
</header>
<bdy>
<p>

<table class="metadata plainlinks ambox ">
<row>
<col>

ambox-style" style=""</col>
</row>
<row>
<col class="mbox-image"><p>

<image width="44px" src="Wiki_letter_w.svg">
</image>
</p>
</col>
<col style="" class="mbox-text">
 <b>This article is  as few or no other articles <weblink xlink:type="simple" xlink:href="http://localhost:18088/wiki/index.php?title=Special:Whatlinkshere&amp;target=International_Association_of_Scientific%2C_Technical%2C_and_Medical_Publishers&amp;namespace=0">
link to it</weblink>.</b>
Please help  in articles on <weblink xlink:type="simple" xlink:href="http://www.google.com/search?hl=en&amp;as_qdr=all&amp;q=+site%3Aen.wikipedia.org+%22International+Association+of+Scientific%2C+Technical%2C+and+Medical+Publishers%22">
related topics</weblink>. <it>(March 2008)''</it></col>
</row>
</table>
</p>

<p>

<table class="metadata plainlinks ambox ">
<row>
<col>

ambox-content" style=""</col>
</row>
<row>
<col class="mbox-image"><p>

<image width="40x40px" src="Ambox_content.png">
</image>
</p>
</col>
<col style="" class="mbox-text">
 <b>This article or section is written like .</b>
Please help <weblink xlink:type="simple" xlink:href="http://localhost:18088/wiki/index.php?title=International_Association_of_Scientific%2C_Technical%2C_and_Medical_Publishers&amp;action=edit">
rewrite this article</weblink> from a . For <b>blatant</b> advertising that would require a fundamental rewrite to become encyclopedic, use  to mark for .&nbsp;<it>(December 2007)''</it></col>
</row>
</table>

</p>
<p>

The <b>International Association of Scientific, Technical and Medical Publishers</b> (STM) is an international organization of approximately 100 scientific, technical and medical <link xlink:type="simple" xlink:href="../761/68761.xml">
publisher</link>s collectively responsible for nearly 66% of the annually published journals literature and tens of thousands of monographs and references works. </p>
<p>

STM aims and objectives focus on assisting publishers and authors in disseminating their research in the disciplines of <link xlink:type="simple" xlink:href="../700/26700.xml">
science</link>, <link xlink:type="simple" xlink:href="../816/29816.xml">
technology</link>, and <link xlink:type="simple" xlink:href="../957/18957.xml">
medicine</link>.  In a broader context, they are focused on helping organizations in electronic and digital arenas, to improve the distribution, storage and retrieval of scientific, technical, and medical information. They also work with other important publishing entities including the <link xlink:type="simple" xlink:href="../379/10895379.xml">
International Publishers Association</link> (IPA), and governmental and professional bodies who have concerns for publishing issues at hand.</p>
<p>

STM members are notified by regular newsletters about information concerning happenings globally which have the potential to affect their business.  STM also offers training courses and information-sharing meetings for both members and non-members.</p>
<p>

STM holds an annual conference, which is held one day preceding the <diversion wordnetid="100426928" confidence="0.8">
<event wordnetid="100029378" confidence="0.8">
<show wordnetid="100520257" confidence="0.8">
<act wordnetid="100030358" confidence="0.8">
<psychological_feature wordnetid="100023100" confidence="0.8">
<entertainment wordnetid="100429048" confidence="0.8">
<activity wordnetid="100407535" confidence="0.8">
<link xlink:type="simple" xlink:href="../326/1560326.xml">
Frankfurt Book Fair</link></activity>
</entertainment>
</psychological_feature>
</act>
</show>
</event>
</diversion>
.</p>

<sec>
<st>
External links</st>
<p>

<list>
<entry level="1" type="bullet">

<weblink xlink:type="simple" xlink:href="http://www.stm-assoc.org/">
Official site</weblink></entry>
</list>
</p>

</sec>
</bdy>
</group>
</art>
</article>
