<?xml version="1.0" encoding="UTF-8"?>
<!-- generated by CLiX/Wiki2XML [MPI-Inf, MMCI@UdS] $LastChangedRevision: 92 $ on 17.04.2009 00:34:41[mciao0827] -->
<!DOCTYPE article SYSTEM "../article.dtd">
<article xmlns:xlink="http://www.w3.org/1999/xlink">
<structure  confidence="0.8" wordnetid="104341686">
<building  confidence="0.8" wordnetid="102913152">
<artifact  confidence="0.8" wordnetid="100021939">
<grapevine  confidence="0.9511911446218017" wordnetid="107223635">
<header>
<title>South Wales Gas Pipeline</title>
<id>10929692</id>
<revision>
<id>191974567</id>
<timestamp>2008-02-17T01:51:09Z</timestamp>
<contributor>
<username>Mm40</username>
<id>6397795</id>
</contributor>
</revision>
<categories>
<category>Environment of Pembrokeshire</category>
<category>Buildings and structures in Wales</category>
<category>Environment of Brecknock</category>
<category>Natural gas pipelines in Europe</category>
<category>Buildings and structures in Pembrokeshire</category>
<category>Environment of Wales</category>
<category>Gas infrastructure of the United Kingdom</category>
</categories>
</header>
<bdy>

The <b>South Wales Gas Pipeline</b> (also known as the <b>Milford Haven pipeline</b>) is the UK’s largest high-pressure gas pipeline. The 197 mile (316 km) pipeline passing through Wales is built for the <link xlink:type="simple" xlink:href="../053/867053.xml">
National Grid UK</link> and will link <link xlink:type="simple" xlink:href="../128/832128.xml">
liquid natural gas</link> (LNG) terminals at <site wordnetid="108651247" confidence="0.9508927676800064">
<link xlink:type="simple" xlink:href="../847/634847.xml">
Milford Haven</link></site>
, <region wordnetid="108630985" confidence="0.8">
<region wordnetid="108630039" confidence="0.8">
<area wordnetid="108497294" confidence="0.8">
<location wordnetid="100027167" confidence="0.8">
<county wordnetid="108546183" confidence="0.8">
<link xlink:type="simple" xlink:href="../250/113250.xml">
Pembrokeshire</link></county>
</location>
</area>
</region>
</region>
 with the national gas network at <link>
Tirley</link>, <link xlink:type="simple" xlink:href="../751/47751.xml">
Gloucestershire</link>. <p>

Expected to cost around £700 million, the pipeline will, according to the National Grid, be expected to transport around 20% of the gas needed to meet UK consumption in future. Construction of the pipeline is estimated to take approximately three years, aiming to end in October 2007. <ref xlink:type="simple" xlink:href="#xpointer(//reflist/entry[@id=%221%22])">1</ref> Environmental controversy surrounds the decision to build it, especially through the Brecon Beacons where the national park authority called it a “huge blow”. <ref xlink:type="simple" xlink:href="#xpointer(//reflist/entry[@id=%222%22])">2</ref></p>
<p>

<village wordnetid="108672738" confidence="0.9508927676800064">
<link xlink:type="simple" xlink:href="../394/46394.xml">
Swansea</link></village>
's <link>
Studio8</link> parodied a <network wordnetid="108434259" confidence="0.9508927676800064">
<link xlink:type="simple" xlink:href="../654/19344654.xml">
BBC</link></network>
 Panorama report entitled "Pipeline Paranoia" in 2006, accusing the pipeline of being a vessel for transporting French citizens to Wales. <weblink xlink:type="simple" xlink:href="http://www.youtube.com/watch?v=SXLD0WSGIE0">
Studio8 Video</weblink></p>

<sec>
<st>
Planning and significance</st>
<p>

Ruled a national energy security issue by the government, the pipeline's significance lies in the UK’s move from being a net exporter to a net importer of energy as the <ocean wordnetid="109376198" confidence="0.9508927676800064">
<link xlink:type="simple" xlink:href="../179/21179.xml">
North Sea</link></ocean>
 oil and gas fields are used up. As National Grid states: "The reality is that the offshore fields are decreasing in output and demand for gas from homes and businesses is growing at such a rate, that analysis shows that the UK will become increasingly dependent upon imported gas over the coming years." <ref xlink:type="simple" xlink:href="#xpointer(//reflist/entry[@id=%223%22])">3</ref>
This depletion was predicted by <link xlink:type="simple" xlink:href="../621/601621.xml">
Hubbert peak theory</link>. As a result, the <link xlink:type="simple" xlink:href="../777/5327777.xml">
energy policy of the United Kingdom</link> is likely to become an increasingly important issue and importation of liquid natural gas from the Middle East will help diversify UK energy supplies otherwise dependent on a few suppliers such as <country wordnetid="108544813" confidence="0.9508927676800064">
<link xlink:type="simple" xlink:href="../391/25391.xml">
Russia</link></country>
. </p>
<p>

This energy security concern accounts for the great rapidity in planning of the pipeline route, starting in 2003, as existing South Wales pipelines were too small to transport the gas needed from the planned terminals. An alternative subsea route using similar technology to the <gossip wordnetid="107223170" confidence="0.8">
<grapevine wordnetid="107223635" confidence="0.8">
<event wordnetid="100029378" confidence="0.8">
<informing wordnetid="107212190" confidence="0.8">
<report wordnetid="107217924" confidence="0.8">
<act wordnetid="100030358" confidence="0.8">
<psychological_feature wordnetid="100023100" confidence="0.8">
<speech_act wordnetid="107160883" confidence="0.8">
<link xlink:type="simple" xlink:href="../490/7069490.xml">
Langeled pipeline</link></speech_act>
</psychological_feature>
</act>
</report>
</informing>
</event>
</grapevine>
</gossip>
, which was being planned and built at the same time, was ruled out for expense reasons. Critics have suggested that the money on the pipeline and terminals would be better spent on renewable energy sources which will provide permanent energy security and will also prevent <link xlink:type="simple" xlink:href="../951/5042951.xml">
global warming</link>. <ref xlink:type="simple" xlink:href="#xpointer(//reflist/entry[@id=%224%22])">4</ref></p>
<p>

National Grid claims that the project also has significant benefits for the Welsh economy: "The pipeline means for the first time, South Wales will be at the ‘front end’ rather than the ‘tail end’ of the UK gas transmission network. At present, gas flows west into Wales from England."
It also states that the project will "secure Wales’ energy supply for many years to come, and will allow further economic development in South Wales." <ref xlink:type="simple" xlink:href="#xpointer(//reflist/entry[@id=%225%22])">5</ref></p>
<p>

An immediate benefit has accrued to farmers over whose land the pipeline has been constructed. They have received compensation often amounting, in these days of low incomes especially for hill farmers, to several years' net income. </p>

<ss1>
<st>
Environmental concerns</st>
<p>
 
In Milford Haven concerns have focused on the possibility of collision between LNG tankers and oil tankers in one of the UK's busiest ports, as well as the danger that the terminals will be a target for terrorism.<ref xlink:type="simple" xlink:href="#xpointer(//reflist/entry[@id=%226%22])">6</ref> A 16-mile section of the pipeline will pass through part of the <link xlink:type="simple" xlink:href="../814/91814.xml">
Brecon Beacons National Park</link> in South Wales, despite repeated objections from the National Park Authority.<ref xlink:type="simple" xlink:href="#xpointer(//reflist/entry[@id=%227%22])">7</ref> <ref xlink:type="simple" xlink:href="#xpointer(//reflist/entry[@id=%228%22])">8</ref> The park contains some of the most sensitive environmental areas in the UK, including Fforest Fawr Geopark, awarded World Heritage status by UNESCO, and special areas of conservation like the Usk and Wye Valleys. It was allowed within the Brecon Beacons National Park as it was ruled a “critical” part of future energy needs on <link xlink:type="simple" xlink:href="../063/11063.xml">
February 7</link>, <link xlink:type="simple" xlink:href="../165/36165.xml">
2007</link> by the <link xlink:type="simple" xlink:href="../272/304272.xml">
Department of Trade and Industry</link>.<ref xlink:type="simple" xlink:href="#xpointer(//reflist/entry[@id=%229%22])">9</ref></p>
<p>

The route includes unstable areas such as <site wordnetid="108651247" confidence="0.9508927676800064">
<link xlink:type="simple" xlink:href="../410/5783410.xml">
Trebanos</link></site>
, liable to landslide and earthquake due to extensive historic mineworkings, which are deemed too dangerous for mains gas to be piped to local homes. Originally the pipeline area was to be cleared using explosives despite the fact that government regulations required authorization for any blasting in such a geologically sensitive area. Local people raised concerns and permission was denied in November 2006, but the pipeline was still laid in this uncertain area. As one local said: "If there was a shift or a landslip again, my fear is that the pipe would fracture, and we'd get an enormous gas leak." National Grid claims that the pipeline will be secure. <ref xlink:type="simple" xlink:href="#xpointer(//reflist/entry[@id=%2210%22])">10</ref> An undiscovered <link xlink:type="simple" xlink:href="../898/25898.xml">
Roman road</link> was found during the building of the pipeline near Brecon and was partially destroyed as a result.<ref xlink:type="simple" xlink:href="#xpointer(//reflist/entry[@id=%2211%22])">11</ref></p>

</ss1>
<ss1>
<st>
Protest</st>
<p>
 
The environmental consequences of the pipeline and the perceived lack of local consultation have led to considerable protest. Protests are organised by local groups along with <link>
Safe Haven Network</link>, supported by climate change action group <link>
Rising Tide UK</link>. Work was delayed by protest in November 2006 at <site wordnetid="108651247" confidence="0.9508927676800064">
<link xlink:type="simple" xlink:href="../410/5783410.xml">
Trebanos</link></site>
. Other protests and camps have occurred at <site wordnetid="108651247" confidence="0.9508927676800064">
<link xlink:type="simple" xlink:href="../847/634847.xml">
Milford Haven</link></site>
, <link>
Cilfrew</link>, <ward wordnetid="110767020" confidence="0.9508927676800064">
<link xlink:type="simple" xlink:href="../481/5642481.xml">
Alltwen</link></ward>
, and <site wordnetid="108651247" confidence="0.9508927676800064">
<link xlink:type="simple" xlink:href="../631/250631.xml">
Brecon</link></site>
, with locals and activists regularly disrupting work. There are strong similarities to the concerns raised by the anti-pipeline protest movement at <site wordnetid="108651247" confidence="0.9508927676800064">
<link xlink:type="simple" xlink:href="../830/5830.xml">
County Mayo</link></site>
, <island wordnetid="109316454" confidence="0.9508927676800064">
<link xlink:type="simple" xlink:href="../575/147575.xml">
Ireland</link></island>
 organized by <link xlink:type="simple" xlink:href="../027/7267027.xml">
Shell To Sea</link>. The tactics used are similar to those used in similar <body wordnetid="107965085" confidence="0.8">
<social_group wordnetid="107950920" confidence="0.8">
<objection wordnetid="107208338" confidence="0.8">
<event wordnetid="100029378" confidence="0.8">
<protest wordnetid="107210225" confidence="0.8">
<group wordnetid="100031264" confidence="0.8">
<act wordnetid="100030358" confidence="0.8">
<psychological_feature wordnetid="100023100" confidence="0.8">
<speech_act wordnetid="107160883" confidence="0.8">
<administration wordnetid="108164585" confidence="0.8">
<link xlink:type="simple" xlink:href="../197/4105197.xml">
environmental direct action</link></administration>
</speech_act>
</psychological_feature>
</act>
</group>
</protest>
</event>
</objection>
</social_group>
</body>
 protests. <ref xlink:type="simple" xlink:href="#xpointer(//reflist/entry[@id=%2212%22])">12</ref></p>
<p>

The opposition is also supported by a perception by local Welsh people that a pipeline like this would not be permitted in England, raising echoes of the infamous drowning of <region wordnetid="108630985" confidence="0.8">
<administrative_district wordnetid="108491826" confidence="0.8">
<village wordnetid="108672738" confidence="0.8">
<location wordnetid="100027167" confidence="0.8">
<municipality wordnetid="108626283" confidence="0.8">
<settlement wordnetid="108672562" confidence="0.8">
<geographical_area wordnetid="108574314" confidence="0.8">
<district wordnetid="108552138" confidence="0.8">
<urban_area wordnetid="108675967" confidence="0.8">
<city wordnetid="108524735" confidence="0.8">
<link xlink:type="simple" xlink:href="../778/2884778.xml">
Capel Celyn</link></city>
</urban_area>
</district>
</geographical_area>
</settlement>
</municipality>
</location>
</village>
</administrative_district>
</region>
 for a reservoir. Local councils such as <local_authority wordnetid="108482577" confidence="0.8">
<administrative_unit wordnetid="108077292" confidence="0.8">
<agency wordnetid="108337324" confidence="0.8">
<link xlink:type="simple" xlink:href="../384/4903384.xml">
Neath Port Talbot County Borough Council</link></agency>
</administrative_unit>
</local_authority>
 have been pressured to speed up planning permission. Planning decisions were pushed through, as in the case of the Cilfrew Pressure Reduction Installation which was approved only by excluding certain protesting councillors from the vote, a process deemed illegal by a high court judge saying "it is a wonder that anybody votes on anything".<ref xlink:type="simple" xlink:href="#xpointer(//reflist/entry[@id=%2213%22])">13</ref> The result of this decision led the National Grid to declare a <link xlink:type="simple" xlink:href="../128/709128.xml">
force majeure</link> notice in April 2007 to avoid any responsibility for any delays in gas delivery. <ref xlink:type="simple" xlink:href="#xpointer(//reflist/entry[@id=%2214%22])">14</ref> In June 2007 a High Court ruling meant the Brecon protest camp featuring tree houses and tunnels open since January was closed down with a number of protestors arrested and substantial local disruption to roads. <ref xlink:type="simple" xlink:href="#xpointer(//reflist/entry[@id=%2215%22])">15</ref> In <link>
Peterstow</link> <control wordnetid="105196375" confidence="0.8">
<authority wordnetid="105196582" confidence="0.8">
<power wordnetid="105190804" confidence="0.8">
<link xlink:type="simple" xlink:href="../837/399837.xml">
Herefordshire</link></power>
</authority>
</control>
 protestors managed to force the National Grid to choose another site that was more expensive but more enviromentaly friendly for their installation. <ref xlink:type="simple" xlink:href="#xpointer(//reflist/entry[@id=%2216%22])">16</ref></p>

</ss1>
</sec>
<sec>
<st>
Technical description and route</st>
<p>

The pipeline will be operated at a higher pressure than all other gas pipelines in the UK: 94 <link xlink:type="simple" xlink:href="../631/362631.xml">
barg</link> (1364 psi) instead of 85 barg (1231 psi). This pressure is higher than most standard pipelines worldwide and will increase the chance of pipe leak and corrosion, though other such high-pressure pipelines have been successfully run in Germany, for example.<ref xlink:type="simple" xlink:href="#xpointer(//reflist/entry[@id=%2217%22])">17</ref> It is buried 1.2 metres underground for most of the route. National Grid states that after the pipe is buried the large amount of vegetation, subsoil and topsoil removed covering the width of a dual carriageway will be replaced, levelled and cultivated to restore the land to its original condition. They consult and use a wide range of environmental experts to help restore the environment.
<ref xlink:type="simple" xlink:href="#xpointer(//reflist/entry[@id=%2218%22])">18</ref></p>

<ss1>
<st>
Milford Haven Terminals</st>
<p>

Beginning at <link>
Herbrandston</link>, west of <site wordnetid="108651247" confidence="0.9508927676800064">
<link xlink:type="simple" xlink:href="../847/634847.xml">
Milford Haven</link></site>
, the pipeline connects to <link>
South Hook LNG</link> which will be the biggest LNG terminal in the world and is a joint project between <company wordnetid="108058098" confidence="0.9508927676800064">
<link xlink:type="simple" xlink:href="../570/11292570.xml">
Qatar Petroleum</link></company>
 and <company wordnetid="108058098" confidence="0.9508927676800064">
<link xlink:type="simple" xlink:href="../197/18848197.xml">
ExxonMobil</link></company>
. It then runs to near Waterston, the site of a second, smaller terminal, <link>
Dragon LNG</link>, which is run by a consortium in which <company wordnetid="108058098" confidence="0.9508927676800064">
<link xlink:type="simple" xlink:href="../772/1771772.xml">
BG Group</link></company>
 is the major partner.<ref xlink:type="simple" xlink:href="#xpointer(//reflist/entry[@id=%2219%22])">19</ref></p>

</ss1>
<ss1>
<st>
Milford Haven - Aberdulais section</st>
<p>

Pipeline routing was planned January 2004 to March 2005; while consent and land acquisition took from March 2005 to spring 2006. Construction began on this 120 km (75 mile) section on March 2006. The pipeline diameter is 1220 mm (48 inches). It runs to <ward wordnetid="110767020" confidence="0.9508927676800064">
<link xlink:type="simple" xlink:href="../945/679945.xml">
Aberdulais</link></ward>
 where, at the <link>
Cilfrew</link> Pressure Reduction Installation, pressure will be reduced so that gas can flow into the existing pipeline network serving south Wales. The contractor is Nacap Land &amp; Marine Joint Venture. <ref xlink:type="simple" xlink:href="#xpointer(//reflist/entry[@id=%2220%22])">20</ref></p>

</ss1>
<ss1>
<st>
Felindre - Tirley section</st>
<p>

Starting from a new compressor station at <region wordnetid="108630985" confidence="0.8">
<village wordnetid="108672738" confidence="0.8">
<location wordnetid="100027167" confidence="0.8">
<settlement wordnetid="108672562" confidence="0.8">
<geographical_area wordnetid="108574314" confidence="0.8">
<link xlink:type="simple" xlink:href="../455/2592455.xml">
Felindre</link></geographical_area>
</settlement>
</location>
</village>
</region>
 near <village wordnetid="108672738" confidence="0.9508927676800064">
<link xlink:type="simple" xlink:href="../394/46394.xml">
Swansea</link></village>
 the pipeline runs to a new Pressure Reduction installation at Corse near <link>
Tirley</link>, <link xlink:type="simple" xlink:href="../751/47751.xml">
Gloucestershire</link> where it connects with the existing gas pipeline network. This 122 mile (196&nbsp;km) section will pass through 16 miles of the <link xlink:type="simple" xlink:href="../814/91814.xml">
Brecon Beacons National Park</link>. Pipeline routeing and environmental impact assessment took place from October 2004 to summer 2006; while consent and land acquisition took from winter 2005 to February 2007. The pipeline diameter is 1220&nbsp;mm (48 inches). Construction began on this section on February 2007. The contactor for the Felindre to Brecon section is Nacap Land &amp; Marine Joint Venture and for Brecon to Tirley section <link>
Murphy Pipelines Ltd</link>.</p>
<p>

The contentious nature of this section led to consultations with key statutory bodies, such as the <body wordnetid="105216365" confidence="0.8">
<natural_object wordnetid="100019128" confidence="0.8">
<link xlink:type="simple" xlink:href="../247/113247.xml">
Countryside Council for Wales</link></natural_object>
</body>
, <body wordnetid="105216365" confidence="0.8">
<natural_object wordnetid="100019128" confidence="0.8">
<link xlink:type="simple" xlink:href="../339/103339.xml">
English Nature</link></natural_object>
</body>
, the <link xlink:type="simple" xlink:href="../814/91814.xml">
Brecon Beacons National Park</link>, the <body wordnetid="107965085" confidence="0.8">
<social_group wordnetid="107950920" confidence="0.8">
<administrative_unit wordnetid="108077292" confidence="0.8">
<agency wordnetid="108337324" confidence="0.8">
<group wordnetid="100031264" confidence="0.8">
<administration wordnetid="108164585" confidence="0.8">
<link xlink:type="simple" xlink:href="../059/529059.xml">
Environment Agency</link></administration>
</group>
</agency>
</administrative_unit>
</social_group>
</body>
, the <link xlink:type="simple" xlink:href="../316/330316.xml">
Welsh Assembly Government</link> and <link>
Blaenavon World Heritage Partnership</link>. <ref xlink:type="simple" xlink:href="#xpointer(//reflist/entry[@id=%2221%22])">21</ref></p>

</ss1>
</sec>
<sec>
<st>
See also</st>
<p>

<list>
<entry level="1" type="bullet">

<invention wordnetid="105633385" confidence="0.8">
<gossip wordnetid="107223170" confidence="0.8">
<grapevine wordnetid="107223635" confidence="0.8">
<event wordnetid="100029378" confidence="0.8">
<informing wordnetid="107212190" confidence="0.8">
<report wordnetid="107217924" confidence="0.8">
<act wordnetid="100030358" confidence="0.8">
<psychological_feature wordnetid="100023100" confidence="0.8">
<speech_act wordnetid="107160883" confidence="0.8">
<link xlink:type="simple" xlink:href="../111/51111.xml">
Pipeline transport</link></speech_act>
</psychological_feature>
</act>
</report>
</informing>
</event>
</grapevine>
</gossip>
</invention>
</entry>
<entry level="1" type="bullet">

<link xlink:type="simple" xlink:href="../131/22131.xml">
Natural gas</link></entry>
<entry level="1" type="bullet">

<link xlink:type="simple" xlink:href="../545/5213545.xml">
Energy use and conservation in the United Kingdom</link></entry>
<entry level="1" type="bullet">

<company wordnetid="108058098" confidence="0.9508927676800064">
<link xlink:type="simple" xlink:href="../679/2654679.xml">
Transco</link></company>
</entry>
</list>
</p>

</sec>
<sec>
<st>
References</st>

<p>

<reflist>
<entry id="1">
 <weblink xlink:type="simple" xlink:href="http://icwales.icnetwork.co.uk/0100news/features/tm_headline=we-know-what-the-pipeline-protesters-are-thinking--but-how-about-everybody-else-&amp;method=full&amp;objectid=18094790&amp;siteid=50082-name_page.html">
Western Mail - Difference of opinion over gas pipeline</weblink> </entry>
<entry id="2">
 <weblink xlink:type="simple" xlink:href="http://www.breconbeacons.org/Pipeline%20Consent">
Controversial National Grid Pipeline given the go ahead!</weblink> Brecon Beacons National Park Authority </entry>
<entry id="3">
 <weblink xlink:type="simple" xlink:href="http://www.nationalgrid.com/uk/Gas/Pipelines/milfordhaven">
National Grid: Milford Haven Pipeline</weblink> </entry>
<entry id="4">
 <weblink xlink:type="simple" xlink:href="http://www.indymedia.org.uk/en/2007/01/360463.html">
UK Indymedia - Resistance Builds up Against Welsh Gas Pipeline</weblink> </entry>
<entry id="5">
 <weblink xlink:type="simple" xlink:href="http://icwales.icnetwork.co.uk/0100news/features/tm_headline=we-know-what-the-pipeline-protesters-are-thinking--but-how-about-everybody-else-&amp;method=full&amp;objectid=18094790&amp;siteid=50082-name_page.html">
Western Mail - Difference of opinion over gas pipeline</weblink> </entry>
<entry id="6">
 <weblink xlink:type="simple" xlink:href="http://www.guardian.co.uk/country/article/0,,2066759,00.html">
<it>The Guardian</it> - How green was my valley</weblink> </entry>
<entry id="7">
 <weblink xlink:type="simple" xlink:href="http://www.breconbeacons.org/Pipeline%20Consent">
Controversial National Grid Pipeline given the go ahead!</weblink> </entry>
<entry id="8">
 <weblink xlink:type="simple" xlink:href="http://www.breconbeacons.org/final%20es_response%20BBNPA_October%2030.pdf">
 Brecon Beacons National Park Authority - Response to Grid Environmental Statement, October 2006</weblink> </entry>
<entry id="9">
 <weblink xlink:type="simple" xlink:href="http://www.gnn.gov.uk/environment/fullDetail.asp?ReleaseID=262409&amp;NewsAreaID=2&amp;NavigatedFromDepartment=False">
DTI - Environmental conditions placed on South Wales pipeline</weblink> </entry>
<entry id="10">
 <weblink xlink:type="simple" xlink:href="http://www.guardian.co.uk/country/article/0,,2066759,00.html">
The Guardian - How green was my valley</weblink> </entry>
<entry id="11">
<weblink xlink:type="simple" xlink:href="http://news.bbc.co.uk/1/hi/wales/south_west/6727937.stm">
BBC News - Roman road found at gas pipeline</weblink> </entry>
<entry id="12">
 <weblink xlink:type="simple" xlink:href="http://www.indymedia.org.uk/en/2007/01/360463.html">
UK Indymedia - Resistance Builds up Against Welsh Gas Pipeline</weblink> </entry>
<entry id="13">
 <weblink xlink:type="simple" xlink:href="http://www.guardian.co.uk/country/article/0,,2066759,00.html">
The Guardian - How green was my valley</weblink> </entry>
<entry id="14">
 <weblink xlink:type="simple" xlink:href="http://www.nationalgrid.com/uk/Media+Centre/PressReleases/10_04_07.htm">
National Grid: Force Majeure press release</weblink> </entry>
<entry id="15">
 <weblink xlink:type="simple" xlink:href="http://news.bbc.co.uk/1/hi/wales/6766861.stm">
BBC News - Six arrests in gas pipe eviction </weblink> </entry>
<entry id="17">
 <weblink xlink:type="simple" xlink:href="http://www.platts.com/Natural%20Gas/News/8002630.xml?S=printer&amp;src=rssheadlines0">
UK's Health and Safety Executive reviews Welsh gas pipeline safety</weblink> </entry>
<entry id="16">
 <weblink xlink:type="simple" xlink:href="http://www.herefordtimes.com/news/herefordnewslatest/display.var.1470232.0.protest_pays_off.php">
Hereford Times Protest pays off</weblink> </entry>
<entry id="19">
 <weblink xlink:type="simple" xlink:href="http://www.nationalgrid.com/uk/Gas/Pipelines/milfordhaven/fs2/">
National Grid: Milford Haven - Aberdulais section</weblink> </entry>
<entry id="18">
 <weblink xlink:type="simple" xlink:href="http://www.nationalgrid.com/uk/Gas/Pipelines/milfordhaven/fs3/">
National Grid: Environmental Planning</weblink>  </entry>
<entry id="21">
 <weblink xlink:type="simple" xlink:href="http://www.nationalgrid.com/uk/Gas/Pipelines/milfordhaven/fs5/">
National Grid: Felindre - Tirley section</weblink> </entry>
<entry id="20">
 <weblink xlink:type="simple" xlink:href="http://www.nationalgrid.com/uk/Gas/Pipelines/milfordhaven/fs2/">
National Grid: Milford Haven - Aberdulais section</weblink> </entry>
</reflist>
</p>

</sec>
<sec>
<st>
External links</st>
<p>

<list>
<entry level="1" type="bullet">

<weblink xlink:type="simple" xlink:href="http://www.nationalgrid.com/uk/Gas/Pipelines/milfordhaven">
National Grid: Milford Haven Gas Connection Projects</weblink></entry>
<entry level="1" type="bullet">

<weblink xlink:type="simple" xlink:href="http://www.breconbeacons.org/final%20es_response%20BBNPA_October%2030.pdf">
 Brecon Beacons National Park Authority - Response to National Grid Environmental Statement on Pipeline, October 2006</weblink></entry>
<entry level="1" type="bullet">

 BBC <weblink xlink:type="simple" xlink:href="http://nnews.bbc.co.uk/1/hi/wales/south_west/5181336.stm">
New pipeline 'will aid industry'</weblink>.</entry>
<entry level="1" type="bullet">

 <weblink xlink:type="simple" xlink:href="http://www.fightthepipe.co.uk/">
Fight the Pipe: The main protest web page based in Brecon lots of details.</weblink></entry>
<entry level="1" type="bullet">

 <weblink xlink:type="simple" xlink:href="http://www.indymedia.org.uk/en/2007/01/360463.html">
UK Indymedia - Resistance Builds up Against Welsh Gas Pipeline (Pictures of pipeline workings)</weblink></entry>
<entry level="1" type="bullet">

 <weblink xlink:type="simple" xlink:href="http://icwales.icnetwork.co.uk/0100news/features/tm_headline=we-know-what-the-pipeline-protesters-are-thinking--but-how-about-everybody-else-&amp;method=full&amp;objectid=18094790&amp;siteid=50082-name_page.html">
Western Mail - Difference of opinion over gas pipeline. Includes project timeline.</weblink></entry>
<entry level="1" type="bullet">

<weblink xlink:type="simple" xlink:href="http://www.youtube.com/watch?v=SXLD0WSGIE0">
Studio8's Pipeline Paranoia</weblink></entry>
</list>
</p>

</sec>
</bdy>
</grapevine>
</artifact>
</building>
</structure>
</article>
