<?xml version="1.0" encoding="UTF-8"?>
<!-- generated by CLiX/Wiki2XML [MPI-Inf, MMCI@UdS] $LastChangedRevision: 92 $ on 16.04.2009 18:06:35[mciao0825] -->
<!DOCTYPE article SYSTEM "../article.dtd">
<article xmlns:xlink="http://www.w3.org/1999/xlink">
<system  confidence="0.8" wordnetid="104377057">
<artifact  confidence="0.8" wordnetid="100021939">
<instrumentality  confidence="0.8" wordnetid="103575240">
<header>
<title>Database theory</title>
<id>1093623</id>
<revision>
<id>233865882</id>
<timestamp>2008-08-24T04:13:32Z</timestamp>
<contributor>
<username>Michael Hardy</username>
<id>4626</id>
</contributor>
</revision>
<categories>
<category>Database management systems</category>
<category>Database theory</category>
</categories>
</header>
<bdy>

<b>Database theory</b> encapsulates a broad range of topics related to the study and research of the theoretical realm of <link xlink:type="simple" xlink:href="../377/8377.xml">
database</link>s and <link xlink:type="simple" xlink:href="../513/8513.xml">
database management system</link>s.<p>

Theoretical aspects of data management include, among other areas, the foundations of query languages, <link xlink:type="simple" xlink:href="../543/7543.xml">
computational complexity</link> and <link xlink:type="simple" xlink:href="../465/4669465.xml">
expressive power</link> of queries, <link xlink:type="simple" xlink:href="../596/1773596.xml">
finite model theory</link>, database design theory, <link xlink:type="simple" xlink:href="../801/18943801.xml">
dependency theory</link>, foundations of <link xlink:type="simple" xlink:href="../356/217356.xml">
concurrency control</link> and <link>
database recovery</link>, <link xlink:type="simple" xlink:href="../069/1971069.xml">
deductive database</link>s, <link xlink:type="simple" xlink:href="../471/1252471.xml">
temporal</link> and <link xlink:type="simple" xlink:href="../551/4533551.xml">
spatial database</link>s, <link xlink:type="simple" xlink:href="../344/8446344.xml">
real time database</link>s, managing uncertain data and <link xlink:type="simple" xlink:href="../927/18943927.xml">
probabilistic database</link>s, and Web data.</p>
<p>

Most research work has traditionally been based on the <link xlink:type="simple" xlink:href="../220/26220.xml">
relational model</link>, since this model is usually considered the simplest and most foundational model of interest. Corresponding results for other data models, such as object-oriented or <link xlink:type="simple" xlink:href="../874/5876874.xml">
semi-structured model</link>s, or, more recently, graph data models and <format wordnetid="106636806" confidence="0.9508927676800064">
<link xlink:type="simple" xlink:href="../138/34138.xml">
XML</link></format>
, are often derivable from those for the relational model.</p>
<p>

A central focus of database theory is on understanding the complexity and power of query languages and their connection to <link xlink:type="simple" xlink:href="../225/3729225.xml">
logic</link>. Starting from relational algebra and first-order logic (which are equivalent by <link xlink:type="simple" xlink:href="../634/18900634.xml">
Codd's theorem</link>) and the insight that important queries such as <link>
graph reachability</link> are not expressible in this language, more powerful language based on <link xlink:type="simple" xlink:href="../de)/17927_(Z$I$P$_code).xml">
logic programming</link> and <link>
fixpoint logic</link> such as <link xlink:type="simple" xlink:href="../357/968357.xml">
datalog</link> were studied. Another focus was on the foundations of <link xlink:type="simple" xlink:href="../761/3480761.xml">
query optimization</link> and <link xlink:type="simple" xlink:href="../372/4780372.xml">
data integration</link>. Here most work studied <link>
conjunctive queries</link>, which admit query optimization even under constraints using the <link xlink:type="simple" xlink:href="../673/18943673.xml">
chase</link> algorithm.</p>
<p>

The main research conferences in the area are the <link xlink:type="simple" xlink:href="../287/18909287.xml">
ACM Symposium on Principles of Database Systems</link> (PODS) and the <link>
International Conference on Database Theory</link> (ICDT).</p>


<sec>
<st>
References</st>

<p>

<list>
<entry level="1" type="bullet">

 <link xlink:type="simple" xlink:href="../086/18901086.xml">
Serge Abiteboul</link>, <link>
Richard B. Hull</link>, <link>
Victor Vianu</link>: Foundations of Databases. Addison-Wesley, 1995.</entry>
</list>
</p>
<p>

<list>
<entry level="1" type="bullet">

 <link xlink:type="simple" xlink:href="../084/18928084.xml">
David Maier</link>, The Theory of Relational Databases. Copyright 1983 David Maier. Available at http://web.cecs.pdx.edu/~maier/TheoryBook/TRD.html</entry>
</list>
</p>

</sec>
<sec>
<st>
See also</st>

<p>

<list>
<entry level="1" type="bullet">

 <link xlink:type="simple" xlink:href="../276/13477276.xml">
Conjunctive query</link></entry>
<entry level="1" type="bullet">

 <link xlink:type="simple" xlink:href="../465/4669465.xml">
Expressive power</link></entry>
</list>
</p>



</sec>
</bdy>
</instrumentality>
</artifact>
</system>
</article>
