<?xml version="1.0" encoding="UTF-8"?>
<!-- generated by CLiX/Wiki2XML [MPI-Inf, MMCI@UdS] $LastChangedRevision: 92 $ on 16.04.2009 18:08:17[mciao0828] -->
<!DOCTYPE article SYSTEM "../article.dtd">
<article xmlns:xlink="http://www.w3.org/1999/xlink">
<person  confidence="0.9638700866880419" wordnetid="100007846">
<header>
<title>Aretas Blood</title>
<id>1093263</id>
<revision>
<id>239102407</id>
<timestamp>2008-09-17T20:34:55Z</timestamp>
<contributor>
<username>Lightbot</username>
<id>7178666</id>
</contributor>
</revision>
<categories>
<category>1897 deaths</category>
<category>People from Vermont</category>
<category>Foundrymen</category>
<category>People in rail transport</category>
<category>1816 births</category>
</categories>
</header>
<bdy>

<b>Aretas Blood</b> (1816&ndash;1897) played an important role in the manufacture of early <body wordnetid="107965085" confidence="0.8">
<social_group wordnetid="107950920" confidence="0.8">
<political_orientation wordnetid="106212839" confidence="0.8">
<colony wordnetid="108374049" confidence="0.8">
<state wordnetid="108168978" confidence="0.8">
<political_unit wordnetid="108359949" confidence="0.8">
<group wordnetid="100031264" confidence="0.8">
<democracy wordnetid="106217103" confidence="0.8">
<link xlink:type="simple" xlink:href="../750/3434750.xml">
American</link></democracy>
</group>
</political_unit>
</state>
</colony>
</political_orientation>
</social_group>
</body>
 <link xlink:type="simple" xlink:href="../715/25715.xml">
railroad</link> <link xlink:type="simple" xlink:href="../788/196788.xml">
steam locomotives</link>.<p>

Blood was born in <village wordnetid="108672738" confidence="0.9508927676800064">
<link xlink:type="simple" xlink:href="../468/137468.xml">
Weathersfield, Vermont</link></village>
.  At the age of 17, as railroads began to be built in the United States, he was <link xlink:type="simple" xlink:href="../619/162619.xml">
apprenticed</link> as a <link xlink:type="simple" xlink:href="../092/145092.xml">
blacksmith</link>.  After a few years learning the trade, he moved to <village wordnetid="108672738" confidence="0.9508927676800064">
<link xlink:type="simple" xlink:href="../848/116848.xml">
Lowell, Massachusetts</link></village>
, where he was hired by the <link>
Locks and Canals Machine Shop</link>.  1849 brought a new title to Blood at a different foundry, when he took the position of "job hand" at the Essex Machine Shop.</p>
<p>

At Essex, Blood manufactured locomotive parts.  He built up enough of a cash reserve that he was able to purchase a share of the <manufacturer wordnetid="108060446" confidence="0.8">
<enterprise wordnetid="108056231" confidence="0.8">
<business wordnetid="108061042" confidence="0.8">
<link xlink:type="simple" xlink:href="../081/3039081.xml">
Manchester Locomotive Works</link></business>
</enterprise>
</manufacturer>
 when it opened in 1853.  Blood took over the shop superintendent position at Manchester in 1857 when the original superintendent, <link>
O. W. Bayley</link>, left the company.</p>
<p>

It was Blood's opinion that the locomotives that Manchester produced were too light for the future needs of the railroads.  When he took over in 1857, he quickly instigated more substantial locomotive construction at the shop.  Through succeeding years, Blood acquired greater principal in the company until he was the majority owner.</p>
<p>

Under Blood's tenure, Manchester purchased the <link xlink:type="simple" xlink:href="../363/146363.xml">
fire engine</link> manufacturing business of <physical_entity wordnetid="100001930" confidence="0.8">
<person wordnetid="100007846" confidence="0.8">
<manufacturer wordnetid="108060446" confidence="0.8">
<maker wordnetid="110284064" confidence="0.8">
<enterprise wordnetid="108056231" confidence="0.8">
<causal_agent wordnetid="100007347" confidence="0.8">
<business wordnetid="108061042" confidence="0.8">
<creator wordnetid="109614315" confidence="0.8">
<link xlink:type="simple" xlink:href="../294/1079294.xml">
Amoskeag Locomotive Works</link></creator>
</business>
</causal_agent>
</enterprise>
</maker>
</manufacturer>
</person>
</physical_entity>
 in 1872.  Blood died in 1897, but Manchester continued in his absence, building as many as 1,800 locomotives by 1901.</p>
<p>

Blood's wife <link>
Lavinia Kendall Blood</link>, founded the <link>
Manchester Women's Aid and Relief Society</link> in 1875. They are both interred at <site wordnetid="108651247" confidence="0.8">
<region wordnetid="108630985" confidence="0.8">
<location wordnetid="100027167" confidence="0.8">
<tract wordnetid="108673395" confidence="0.8">
<cemetery wordnetid="108521623" confidence="0.8">
<geographical_area wordnetid="108574314" confidence="0.8">
<link xlink:type="simple" xlink:href="../106/3599106.xml">
Valley Cemetery</link></geographical_area>
</cemetery>
</tract>
</location>
</region>
</site>
 in <village wordnetid="108672738" confidence="0.9508927676800064">
<link xlink:type="simple" xlink:href="../770/124770.xml">
Manchester, New Hampshire</link></village>
 in one of the cemetery's 13 private mausoleums.</p>
<p>

Blood's daughter, <link>
Elenora Blood Carpenter</link>, married <link xlink:type="simple" xlink:href="../081/1973081.xml">
Amoskeag</link> Manufacturing Company president <link>
Frank Pierce Carpenter</link>. Upon her death in 1910, Carpenter donated funds for an elaborate new building for the city's <link xlink:type="simple" xlink:href="../010/182010.xml">
public library</link>.<ref xlink:type="simple" xlink:href="#xpointer(//reflist/entry[@id=%221%22])">1</ref></p>

<sec>
<st>
References</st>

<p>

<reflist>
<entry id="1">
<weblink xlink:type="simple" xlink:href="http://www.manchesternh.gov/CityGov/LIB/About/History.htmlThe">
City Library: The Gift Of Learning</weblink></entry>
</reflist>
</p>
<p>

<list>
<entry level="1" type="bullet">

  <cite style="font-style:normal" class="book">White, John H., Jr.&#32;(1968). A history of the American locomotive; its development: 1830-1880.&#32;Dover Publications, New York, NY. ISBN 0-486-23818-0.</cite>&nbsp;</entry>
<entry level="1" type="bullet">

<weblink xlink:type="simple" xlink:href="http://www.manchesternh.gov/CityGov/LIB/About/History.html">
History of the Manchester public library</weblink></entry>
</list>
</p>



</sec>
</bdy>
</person>
</article>
