<?xml version="1.0" encoding="UTF-8"?>
<!-- generated by CLiX/Wiki2XML [MPI-Inf, MMCI@UdS] $LastChangedRevision: 92 $ on 17.04.2009 00:30:09[mciao0825] -->
<!DOCTYPE article SYSTEM "../article.dtd">
<article xmlns:xlink="http://www.w3.org/1999/xlink">
<physical_entity  confidence="0.8" wordnetid="100001930">
<benefactor  confidence="0.8" wordnetid="109608709">
<collector  confidence="0.8" wordnetid="109936620">
<person  confidence="0.8" wordnetid="100007846">
<good_person  confidence="0.8" wordnetid="110138767">
<donor  confidence="0.8" wordnetid="110025730">
<causal_agent  confidence="0.8" wordnetid="100007347">
<philanthropist  confidence="0.8" wordnetid="110421956">
<header>
<title>Louise Blouin MacBain</title>
<id>10946169</id>
<revision>
<id>240586273</id>
<timestamp>2008-09-24T01:42:24Z</timestamp>
<contributor>
<username>Micksteroony</username>
<id>7925839</id>
</contributor>
</revision>
<categories>
<category>Canadian businesspeople</category>
<category>Canadian art collectors</category>
<category>Living people</category>
<category>1958 births</category>
<category>Canadian philanthropists</category>
</categories>
</header>
<bdy>

<b>Louise Thérèse Blouin MacBain</b> (born <link xlink:type="simple" xlink:href="../555/22555.xml">
October 15</link>, <link xlink:type="simple" xlink:href="../953/34953.xml">
1958</link>), is a French-<region wordnetid="108630039" confidence="0.9508927676800064">
<link xlink:type="simple" xlink:href="../916/5042916.xml">
Canadian</link></region>
 <link xlink:type="simple" xlink:href="../001/21001.xml">
magazine</link> <link xlink:type="simple" xlink:href="../761/68761.xml">
publisher</link> and <link xlink:type="simple" xlink:href="../050/220050.xml">
philanthropist</link>. She is the <link xlink:type="simple" xlink:href="../234/52234.xml">
CEO</link> and President of Louise Blouin Media, and the founder and chairman of the Louise T Blouin Foundation, a <link xlink:type="simple" xlink:href="../487/72487.xml">
not-for-profit</link> organization which promotes culture and creativity as forces for positive change.<ref xlink:type="simple" xlink:href="#xpointer(//reflist/entry[@id=%221%22])">1</ref>
<sec>
<st>
Early life</st>
<p>

Louise Thérèse Blouin was born in <village wordnetid="108672738" confidence="0.9508927676800064">
<link xlink:type="simple" xlink:href="../681/7954681.xml">
Montreal</link></village>
, the youngest of six children. Having worked part-time as a book-keeper whilst at school, she went on to <university wordnetid="108286163" confidence="0.9508927676800064">
<link xlink:type="simple" xlink:href="../643/7954643.xml">
McGill University</link></university>
 to study commerce, later switching to <link xlink:type="simple" xlink:href="../914/42914.xml">
Concordia</link>. She did not graduate but she did study at the Owner/President Management program at <university wordnetid="108286163" confidence="0.9508927676800064">
<link xlink:type="simple" xlink:href="../741/18998741.xml">
Harvard Business School</link></university>
. In the early eighties, she met and married David Stewart, a member of the Canadian MacDonald tobacco family. The marriage was annulled within a year for unknown reasons<ref xlink:type="simple" xlink:href="#xpointer(//reflist/entry[@id=%222%22])">2</ref>.</p>

</sec>
<sec>
<st>
Media career</st>

<p>

Having later married <physical_entity wordnetid="100001930" confidence="0.8">
<executive wordnetid="110069645" confidence="0.8">
<person wordnetid="100007846" confidence="0.8">
<leader wordnetid="109623038" confidence="0.8">
<administrator wordnetid="109770949" confidence="0.8">
<intellectual wordnetid="109621545" confidence="0.8">
<alumnus wordnetid="109786338" confidence="0.8">
<causal_agent wordnetid="100007347" confidence="0.8">
<head wordnetid="110162991" confidence="0.8">
<scholar wordnetid="110557854" confidence="0.8">
<link xlink:type="simple" xlink:href="../300/2566300.xml">
John MacBain</link></scholar>
</head>
</causal_agent>
</alumnus>
</intellectual>
</administrator>
</leader>
</person>
</executive>
</physical_entity>
, the two acquired Auto Hebdo, a classified car trading magazine, in 1987. With Louise MacBain as Chairman and CEO, the business grew into <message wordnetid="106598915" confidence="0.8">
<information wordnetid="106634376" confidence="0.8">
<electronic_database wordnetid="106588511" confidence="0.8">
<lexical_database wordnetid="106638868" confidence="0.8">
<company wordnetid="108058098" confidence="0.8">
<wordnet wordnetid="106639428" confidence="0.8">
<database wordnetid="106637824" confidence="0.8">
<institution wordnetid="108053576" confidence="0.8">
<link xlink:type="simple" xlink:href="../219/2566219.xml">
Trader Classified Media</link></institution>
</database>
</wordnet>
</company>
</lexical_database>
</electronic_database>
</information>
</message>
, which acquired around 400 <link xlink:type="simple" xlink:href="../525/646525.xml">
classified-advertisement</link> publications and – as an early adopter of the <link xlink:type="simple" xlink:href="../539/14539.xml">
internet</link> – 60 websites over the next ten years, with sales rising from $2m to $400m,<ref xlink:type="simple" xlink:href="#xpointer(//reflist/entry[@id=%223%22])">3</ref> and focus expanding from cars to include boats, real estate and jobs. </p>
<p>

Hebdo changed its name to Trader.com NV in 2000 after holding IPOs on NASDAQ and the Paris Premier Marché.<ref xlink:type="simple" xlink:href="#xpointer(//reflist/entry[@id=%224%22])">4</ref> It continued an acquisition spree that impacted its operating profits for two years, before becoming profitable in 2002. Blouin however, had exited the company in 2000 and not long thereafter divorced her second husband<ref xlink:type="simple" xlink:href="#xpointer(//reflist/entry[@id=%225%22])">5</ref>.</p>
<p>

She later became CEO of international auction house <link xlink:type="simple" xlink:href="../234/6873234.xml">
Phillips, de Pury &amp; Luxembourg</link>, resigning the position after a year, before setting up Louise Blouin Media in 2003, and moving into art publications, acquiring <it><work wordnetid="104599396" confidence="0.8">
<product wordnetid="104007894" confidence="0.8">
<magazine wordnetid="106595351" confidence="0.8">
<print_media wordnetid="106263609" confidence="0.8">
<creation wordnetid="103129123" confidence="0.8">
<press wordnetid="106263369" confidence="0.8">
<artifact wordnetid="100021939" confidence="0.8">
<instrumentality wordnetid="103575240" confidence="0.8">
<medium wordnetid="106254669" confidence="0.8">
<publication wordnetid="106589574" confidence="0.8">
<link xlink:type="simple" xlink:href="../252/11382252.xml">
 Art+Auction</link></publication>
</medium>
</instrumentality>
</artifact>
</press>
</creation>
</print_media>
</magazine>
</product>
</work>
</it>, <it>Gallery Guide</it>, <it>Museums</it>, <it><link>
Culture+Travel</link></it>, and <it><work wordnetid="104599396" confidence="0.8">
<product wordnetid="104007894" confidence="0.8">
<magazine wordnetid="106595351" confidence="0.8">
<print_media wordnetid="106263609" confidence="0.8">
<creation wordnetid="103129123" confidence="0.8">
<press wordnetid="106263369" confidence="0.8">
<artifact wordnetid="100021939" confidence="0.8">
<instrumentality wordnetid="103575240" confidence="0.8">
<medium wordnetid="106254669" confidence="0.8">
<publication wordnetid="106589574" confidence="0.8">
<link xlink:type="simple" xlink:href="../807/17641807.xml">
Modern Painters</link></publication>
</medium>
</instrumentality>
</artifact>
</press>
</creation>
</print_media>
</magazine>
</product>
</work>
</it> within three years. She also founded <work wordnetid="104599396" confidence="0.8">
<product wordnetid="104007894" confidence="0.8">
<magazine wordnetid="106595351" confidence="0.8">
<print_media wordnetid="106263609" confidence="0.8">
<creation wordnetid="103129123" confidence="0.8">
<press wordnetid="106263369" confidence="0.8">
<artifact wordnetid="100021939" confidence="0.8">
<instrumentality wordnetid="103575240" confidence="0.8">
<medium wordnetid="106254669" confidence="0.8">
<publication wordnetid="106589574" confidence="0.8">
<link xlink:type="simple" xlink:href="../092/11275092.xml">
ARTINFO</link></publication>
</medium>
</instrumentality>
</artifact>
</press>
</creation>
</print_media>
</magazine>
</product>
</work>
 (www.artinfo.com), an online portal for access to the world of arts and culture.
In the Summer of 2007, <link>
MYARTINFO</link> was launched. MYARTINFO.com is a social networking website for artists, where they can post their artwork, connect, and blog.</p>

</sec>
<sec>
<st>
Philanthropy</st>

<p>

Louise Blouin MacBain founded the Louise T Blouin Foundation in 2005, with the aim of raising awareness about the role culture and creativity can play in resolving global issues. The foundation's website lists its two core aims as:</p>
<p>

<list>
<entry level="1" type="bullet">

Encouraging a better understanding of foreign affairs and culture beyond borders through international cooperation, exchange and dialogue for the 21st century. </entry>
<entry level="1" type="bullet">

Exploring the broader practical significance of creativity and the creative potential of the human brain.<ref xlink:type="simple" xlink:href="#xpointer(//reflist/entry[@id=%226%22])">6</ref></entry>
</list>
</p>
<p>

The foundation's projects since its inception include:</p>
<p>

<list>
<entry level="1" type="bullet">

being the principal supporter for the staging of <person wordnetid="100007846" confidence="0.9508927676800064">
<link xlink:type="simple" xlink:href="../172/38172.xml">
Stravinsky</link></person>
's <it><link xlink:type="simple" xlink:href="../729/1546729.xml">
The Soldier's Tale</link></it> at <link xlink:type="simple" xlink:href="../824/589824.xml">
The Old Vic</link> theatre, <village wordnetid="108672738" confidence="0.9508927676800064">
<link xlink:type="simple" xlink:href="../867/17867.xml">
London</link></village>
, in 2005; a collaboration between <link xlink:type="simple" xlink:href="../703/181703.xml">
Iraqi</link> and <ethnic_group wordnetid="107967382" confidence="0.8">
<group wordnetid="100031264" confidence="0.8">
<link xlink:type="simple" xlink:href="../542/13279542.xml">
European</link></group>
</ethnic_group>
 actors</entry>
<entry level="1" type="bullet">

'Bring Back New Orleans' – support for a research project into rebuilding the cultural infrastructure of <link xlink:type="simple" xlink:href="../842/53842.xml">
New Orleans</link> in the wake of <hurricane wordnetid="111467018" confidence="0.9508927676800064">
<link xlink:type="simple" xlink:href="../378/2569378.xml">
Hurricane Katrina</link></hurricane>
</entry>
<entry level="1" type="bullet">

'4 Generations' – a multi-part <link>
TV series</link>, chronicling the stories of two families, one <link xlink:type="simple" xlink:href="../296/181296.xml">
Israeli</link>, one <link xlink:type="simple" xlink:href="../267/23267.xml">
Palestinian</link>, in partnership with the <link xlink:type="simple" xlink:href="../877/1329877.xml">
Film School</link> of <university wordnetid="108286163" confidence="0.9508927676800064">
<link xlink:type="simple" xlink:href="../402/161402.xml">
Tel Aviv University</link></university>
 and the Royal <link xlink:type="simple" xlink:href="../964/7515964.xml">
Jordanian</link> Film Commission</entry>
<entry level="1" type="bullet">

'Making the Case for Culture' – support for a research project with the <link xlink:type="simple" xlink:href="../793/493793.xml">
OECD</link> which investigates the possibility of a link between the quality of life in a country and the amount of its <link xlink:type="simple" xlink:href="../594/12594.xml">
GDP</link> spent on culture</entry>
<entry level="1" type="bullet">

cultural exchange programmes with <link xlink:type="simple" xlink:href="../862/5042862.xml">
China</link> and with <link xlink:type="simple" xlink:href="../323/19323.xml">
The Middle East</link></entry>
<entry level="1" type="bullet">

'Art and the New Biology of Mind' – a <link xlink:type="simple" xlink:href="../101/37101.xml">
think-tank</link> at <university wordnetid="108286163" confidence="0.9508927676800064">
<ranking wordnetid="114429484" confidence="0.9508927676800064">
<link xlink:type="simple" xlink:href="../310/6310.xml">
Columbia University</link></ranking>
</university>
, <village wordnetid="108672738" confidence="0.9508927676800064">
<link xlink:type="simple" xlink:href="../042/645042.xml">
New York City</link></village>
 in March 2006, featuring debate between <link xlink:type="simple" xlink:href="../212/1212.xml">
artists</link> (such as <physical_entity wordnetid="100001930" confidence="0.8">
<person wordnetid="100007846" confidence="0.8">
<causal_agent wordnetid="100007347" confidence="0.8">
<painter wordnetid="110391653" confidence="0.8">
<artist wordnetid="109812338" confidence="0.8">
<creator wordnetid="109614315" confidence="0.8">
<link xlink:type="simple" xlink:href="../593/3573593.xml">
David Salle</link></creator>
</artist>
</painter>
</causal_agent>
</person>
</physical_entity>
, <physical_entity wordnetid="100001930" confidence="0.8">
<architect wordnetid="109805475" confidence="0.8">
<person wordnetid="100007846" confidence="0.8">
<intellectual wordnetid="109621545" confidence="0.8">
<alumnus wordnetid="109786338" confidence="0.8">
<causal_agent wordnetid="100007347" confidence="0.8">
<scholar wordnetid="110557854" confidence="0.8">
<creator wordnetid="109614315" confidence="0.8">
<link xlink:type="simple" xlink:href="../613/53613.xml">
Richard Meier</link></creator>
</scholar>
</causal_agent>
</alumnus>
</intellectual>
</person>
</architect>
</physical_entity>
 and <link>
George Condo</link>) and <link xlink:type="simple" xlink:href="../997/26997.xml">
scientists</link> (such as <physical_entity wordnetid="100001930" confidence="0.8">
<person wordnetid="100007846" confidence="0.8">
<honoree wordnetid="110183757" confidence="0.8">
<intellectual wordnetid="109621545" confidence="0.8">
<neurobiologist wordnetid="110353928" confidence="0.8">
<acquirer wordnetid="109764201" confidence="0.8">
<scientist wordnetid="110560637" confidence="0.8">
<recipient wordnetid="109627906" confidence="0.8">
<biologist wordnetid="109855630" confidence="0.8">
<laureate wordnetid="110249011" confidence="0.8">
<alumnus wordnetid="109786338" confidence="0.8">
<causal_agent wordnetid="100007347" confidence="0.8">
<neuroscientist wordnetid="110354580" confidence="0.8">
<scholar wordnetid="110557854" confidence="0.8">
<research_worker wordnetid="110523076" confidence="0.8">
<link xlink:type="simple" xlink:href="../151/1039151.xml">
Richard Axel</link></research_worker>
</scholar>
</neuroscientist>
</causal_agent>
</alumnus>
</laureate>
</biologist>
</recipient>
</scientist>
</acquirer>
</neurobiologist>
</intellectual>
</honoree>
</person>
</physical_entity>
, <physical_entity wordnetid="100001930" confidence="0.8">
<person wordnetid="100007846" confidence="0.8">
<honoree wordnetid="110183757" confidence="0.8">
<intellectual wordnetid="109621545" confidence="0.8">
<neurobiologist wordnetid="110353928" confidence="0.8">
<acquirer wordnetid="109764201" confidence="0.8">
<scientist wordnetid="110560637" confidence="0.8">
<recipient wordnetid="109627906" confidence="0.8">
<biologist wordnetid="109855630" confidence="0.8">
<laureate wordnetid="110249011" confidence="0.8">
<alumnus wordnetid="109786338" confidence="0.8">
<causal_agent wordnetid="100007347" confidence="0.8">
<neuroscientist wordnetid="110354580" confidence="0.8">
<scholar wordnetid="110557854" confidence="0.8">
<research_worker wordnetid="110523076" confidence="0.8">
<link xlink:type="simple" xlink:href="../622/193622.xml">
Eric Kandel</link></research_worker>
</scholar>
</neuroscientist>
</causal_agent>
</alumnus>
</laureate>
</biologist>
</recipient>
</scientist>
</acquirer>
</neurobiologist>
</intellectual>
</honoree>
</person>
</physical_entity>
 and <link xlink:type="simple" xlink:href="../189/4275189.xml">
Joseph LeDoux</link>) toward a clearer understanding of the ways in which the brain responds to art</entry>
<entry level="1" type="bullet">

'Music and the Brain' – a research review exploring how the brain processes music and how music can affect psychological development.</entry>
</list>
</p>

<ss1>
<st>
The Global Creative Leadership Summit</st>

<p>

The Louise T Blouin Foundation's flagship event took place at Harold Pratt House, <village wordnetid="108672738" confidence="0.9508927676800064">
<link xlink:type="simple" xlink:href="../042/645042.xml">
New York City</link></village>
 in November 2006. Its stated aim was:</p>
<p>

By bringing together influential leaders in business, technology, government, science and the arts, the Global Creative Leadership Summit, hosted by the LTB Foundation, hopes to unleash insights that will have practical implications for problem-solving across disciplines. How can business and government leaders benefit from knowing more about how the brain works? How can those who see the world differently come together to break through today’s complex challenges?<ref xlink:type="simple" xlink:href="#xpointer(//reflist/entry[@id=%227%22])">7</ref></p>
<p>

Notable speakers included:</p>
<p>

<list>
<entry level="1" type="bullet">

<link xlink:type="simple" xlink:href="../987/1175987.xml">
Nobel Laureate</link>s <person wordnetid="100007846" confidence="0.9508927676800064">
<officeholder wordnetid="110371450" confidence="0.9508927676800064">
<link xlink:type="simple" xlink:href="../765/13765.xml">
Henry Kissinger</link></officeholder>
</person>
, <physical_entity wordnetid="100001930" confidence="0.8">
<person wordnetid="100007846" confidence="0.8">
<honoree wordnetid="110183757" confidence="0.8">
<intellectual wordnetid="109621545" confidence="0.8">
<neurobiologist wordnetid="110353928" confidence="0.8">
<acquirer wordnetid="109764201" confidence="0.8">
<scientist wordnetid="110560637" confidence="0.8">
<recipient wordnetid="109627906" confidence="0.8">
<biologist wordnetid="109855630" confidence="0.8">
<laureate wordnetid="110249011" confidence="0.8">
<alumnus wordnetid="109786338" confidence="0.8">
<causal_agent wordnetid="100007347" confidence="0.8">
<neuroscientist wordnetid="110354580" confidence="0.8">
<scholar wordnetid="110557854" confidence="0.8">
<research_worker wordnetid="110523076" confidence="0.8">
<link xlink:type="simple" xlink:href="../151/1039151.xml">
Richard Axel</link></research_worker>
</scholar>
</neuroscientist>
</causal_agent>
</alumnus>
</laureate>
</biologist>
</recipient>
</scientist>
</acquirer>
</neurobiologist>
</intellectual>
</honoree>
</person>
</physical_entity>
, <person wordnetid="100007846" confidence="0.9508927676800064">
<scientist wordnetid="110560637" confidence="0.9508927676800064">
<link xlink:type="simple" xlink:href="../289/16289.xml">
James Watson</link></scientist>
</person>
 and <physical_entity wordnetid="100001930" confidence="0.8">
<person wordnetid="100007846" confidence="0.8">
<honoree wordnetid="110183757" confidence="0.8">
<intellectual wordnetid="109621545" confidence="0.8">
<neurobiologist wordnetid="110353928" confidence="0.8">
<acquirer wordnetid="109764201" confidence="0.8">
<scientist wordnetid="110560637" confidence="0.8">
<recipient wordnetid="109627906" confidence="0.8">
<biologist wordnetid="109855630" confidence="0.8">
<laureate wordnetid="110249011" confidence="0.8">
<alumnus wordnetid="109786338" confidence="0.8">
<causal_agent wordnetid="100007347" confidence="0.8">
<neuroscientist wordnetid="110354580" confidence="0.8">
<scholar wordnetid="110557854" confidence="0.8">
<research_worker wordnetid="110523076" confidence="0.8">
<link xlink:type="simple" xlink:href="../622/193622.xml">
Eric Kandel</link></research_worker>
</scholar>
</neuroscientist>
</causal_agent>
</alumnus>
</laureate>
</biologist>
</recipient>
</scientist>
</acquirer>
</neurobiologist>
</intellectual>
</honoree>
</person>
</physical_entity>
</entry>
<entry level="1" type="bullet">

Scientists <link xlink:type="simple" xlink:href="../063/417063.xml">
V.S. Ramachandran</link>, <celebrity wordnetid="109903153" confidence="0.9508927676800064">
<link xlink:type="simple" xlink:href="../830/3935830.xml">
Mehmet Oz</link></celebrity>
 and <person wordnetid="100007846" confidence="0.9508927676800064">
<scientist wordnetid="110560637" confidence="0.9508927676800064">
<link xlink:type="simple" xlink:href="../936/671936.xml">
Lisa Randall</link></scientist>
</person>
</entry>
<entry level="1" type="bullet">

Spiritual leader <person wordnetid="100007846" confidence="0.9508927676800064">
<link xlink:type="simple" xlink:href="../486/301486.xml">
Sri Sri Ravi Shankar</link></person>
</entry>
<entry level="1" type="bullet">

Journalist <columnist wordnetid="109939154" confidence="0.9173553029164789">
<writer wordnetid="110794014" confidence="0.9508927676800064">
<link xlink:type="simple" xlink:href="../555/295555.xml">
Arianna Huffington</link></writer>
</columnist>
; chess grandmaster <chess_player wordnetid="109915834" confidence="0.9508927676800064">
<link xlink:type="simple" xlink:href="../659/232659.xml">
Susan Polgar</link></chess_player>
; then-<link xlink:type="simple" xlink:href="../303/349303.xml">
Saudi</link> Ambassador to the <link xlink:type="simple" xlink:href="../750/3434750.xml">
US</link> <link xlink:type="simple" xlink:href="../446/1803446.xml">
Prince Turki Al Faisal</link>; artists <artist wordnetid="109812338" confidence="0.9508927676800064">
<link xlink:type="simple" xlink:href="../023/840023.xml">
Chuck Close</link></artist>
 and <person wordnetid="100007846" confidence="0.9508927676800064">
<artist wordnetid="109812338" confidence="0.9508927676800064">
<link xlink:type="simple" xlink:href="../575/518575.xml">
Richard Serra</link></artist>
</person>
; CEO of the <company wordnetid="108058098" confidence="0.9508927676800064">
<link xlink:type="simple" xlink:href="../066/885066.xml">
Blackstone Group</link></company>
 and <physical_entity wordnetid="100001930" confidence="0.8">
<benefactor wordnetid="109608709" confidence="0.8">
<person wordnetid="100007846" confidence="0.8">
<rich_person wordnetid="110529231" confidence="0.8">
<good_person wordnetid="110138767" confidence="0.8">
<billionaire wordnetid="110529684" confidence="0.8">
<intellectual wordnetid="109621545" confidence="0.8">
<philanthropist wordnetid="110421956" confidence="0.8">
<director wordnetid="110014939" confidence="0.8">
<donor wordnetid="110025730" confidence="0.8">
<administrator wordnetid="109770949" confidence="0.8">
<leader wordnetid="109623038" confidence="0.8">
<alumnus wordnetid="109786338" confidence="0.8">
<causal_agent wordnetid="100007347" confidence="0.8">
<head wordnetid="110162991" confidence="0.8">
<scholar wordnetid="110557854" confidence="0.8">
<link xlink:type="simple" xlink:href="../070/885070.xml">
Stephen Schwarzman</link></scholar>
</head>
</causal_agent>
</alumnus>
</leader>
</administrator>
</donor>
</director>
</philanthropist>
</intellectual>
</billionaire>
</good_person>
</rich_person>
</person>
</benefactor>
</physical_entity>
.</entry>
</list>
</p>

</ss1>
<ss1>
<st>
The Louise T Blouin Institute</st>

<p>

In October 2006 the foundation opened the Louise T Blouin Institute in <site wordnetid="108651247" confidence="0.9508927676800064">
<link xlink:type="simple" xlink:href="../200/94200.xml">
Notting Hill</link></site>
, <region wordnetid="108630985" confidence="0.8">
<location wordnetid="100027167" confidence="0.8">
<district wordnetid="108552138" confidence="0.8">
<link xlink:type="simple" xlink:href="../819/1493819.xml">
West London</link></district>
</location>
</region>
. A gallery space combined with a centre for the foundation's work, its opening exhibition featured light installation pieces by <link xlink:type="simple" xlink:href="../617/396617.xml">
Californian</link> artist <physical_entity wordnetid="100001930" confidence="0.8">
<peer wordnetid="109626238" confidence="0.8">
<person wordnetid="100007846" confidence="0.8">
<intellectual wordnetid="109621545" confidence="0.8">
<colleague wordnetid="109935990" confidence="0.8">
<alumnus wordnetid="109786338" confidence="0.8">
<causal_agent wordnetid="100007347" confidence="0.8">
<religious_person wordnetid="109628382" confidence="0.8">
<artist wordnetid="109812338" confidence="0.8">
<scholar wordnetid="110557854" confidence="0.8">
<creator wordnetid="109614315" confidence="0.8">
<associate wordnetid="109816771" confidence="0.8">
<link xlink:type="simple" xlink:href="../297/1380297.xml">
James Turrell</link></associate>
</creator>
</scholar>
</artist>
</religious_person>
</causal_agent>
</alumnus>
</colleague>
</intellectual>
</person>
</peer>
</physical_entity>
. Lecturers organised to speak on the theme of art, light and science in tandem with the exhibition included Professors <link xlink:type="simple" xlink:href="../040/1038040.xml">
Semir Zeki</link>, <physical_entity wordnetid="100001930" confidence="0.8">
<peer wordnetid="109626238" confidence="0.8">
<person wordnetid="100007846" confidence="0.8">
<intellectual wordnetid="109621545" confidence="0.8">
<colleague wordnetid="109935990" confidence="0.8">
<causal_agent wordnetid="100007347" confidence="0.8">
<historian wordnetid="110177150" confidence="0.8">
<scholar wordnetid="110557854" confidence="0.8">
<associate wordnetid="109816771" confidence="0.8">
<link xlink:type="simple" xlink:href="../023/5167023.xml">
Martin Kemp</link></associate>
</scholar>
</historian>
</causal_agent>
</colleague>
</intellectual>
</person>
</peer>
</physical_entity>
 and <physical_entity wordnetid="100001930" confidence="0.8">
<peer wordnetid="109626238" confidence="0.8">
<physicist wordnetid="110428004" confidence="0.8">
<person wordnetid="100007846" confidence="0.8">
<colleague wordnetid="109935990" confidence="0.8">
<causal_agent wordnetid="100007347" confidence="0.8">
<academician wordnetid="109759069" confidence="0.8">
<scientist wordnetid="110560637" confidence="0.8">
<adult wordnetid="109605289" confidence="0.8">
<professional wordnetid="110480253" confidence="0.8">
<educator wordnetid="110045713" confidence="0.8">
<associate wordnetid="109816771" confidence="0.8">
<link xlink:type="simple" xlink:href="../001/322001.xml">
Sir Michael Berry</link></associate>
</educator>
</professional>
</adult>
</scientist>
</academician>
</causal_agent>
</colleague>
</person>
</physicist>
</peer>
</physical_entity>
.</p>
<p>

The foundation's website lists the philosophy of the institute as follows:</p>
<p>

The philosophy of the Institute will be experimentation, questioning, debate, learning, and there will be two focuses of activity. The first is to present the work of individual artists through temporary exhibitions, installations, performances and screenings. We will also promote a lively programme of events such as lectures, debates, workshops, think-tanks and summits related to the Foundation’s areas of interest.<ref xlink:type="simple" xlink:href="#xpointer(//reflist/entry[@id=%228%22])">8</ref></p>

</ss1>
</sec>
<sec>
<st>
Trivia</st>

<p>

<list>
<entry level="1" type="bullet">

She is known to have <link xlink:type="simple" xlink:href="../305/8305.xml">
dyslexia</link>, and has often stated her belief in the enhanced creative abilities of those who have the condition.<ref xlink:type="simple" xlink:href="#xpointer(//reflist/entry[@id=%229%22])">9</ref></entry>
<entry level="1" type="bullet">

The <link xlink:type="simple" xlink:href="../063/299063.xml">
Sunday Times Rich List 2005</link> placed her at equal 192nd place, estimating her fortune at £250 million.</entry>
</list>
</p>

</sec>
<sec>
<st>
External links</st>
<p>

<list>
<entry level="1" type="bullet">

<weblink xlink:type="simple" xlink:href="http://www.ltbfoundation.org">
 The Louise T Blouin Foundation website</weblink> (also contains information about the Louise T Blouin Institute)</entry>
<entry level="1" type="bullet">

<weblink xlink:type="simple" xlink:href="http://www.creativeleadershipsummit.org">
Website for the Global Creative Leadership Summit</weblink></entry>
<entry level="1" type="bullet">

<weblink xlink:type="simple" xlink:href="http://www.artinfo.com">
ARTINFO.com</weblink></entry>
<entry level="1" type="bullet">

<weblink xlink:type="simple" xlink:href="http://www.ltbholding.com">
Louise Blouin Media website</weblink></entry>
<entry level="1" type="bullet">

<weblink xlink:type="simple" xlink:href="http://www.artinfo.com/artandauction">
<it>Art+Auction</it> magazine</weblink></entry>
<entry level="1" type="bullet">

<weblink xlink:type="simple" xlink:href="http://www.galleryguide.com">
<it>Gallery Guide</it> magazine</weblink></entry>
<entry level="1" type="bullet">

<weblink xlink:type="simple" xlink:href="http://www.modernpainters.co.uk">
<it>Modern Painters</it> magazine</weblink></entry>
<entry level="1" type="bullet">

<weblink xlink:type="simple" xlink:href="http://www.cultureandtravel.com">
<it>Culture+Travel</it> magazine</weblink></entry>
<entry level="1" type="bullet">

<weblink xlink:type="simple" xlink:href="http://www.myartinfo.com">
MYARTINFO.com</weblink> a social networking website for artists</entry>
<entry level="1" type="bullet">

<weblink xlink:type="simple" xlink:href="http://www.guardian.co.uk/artanddesign/2006/oct/08/art1">
Interview</weblink> Guardian interview, October 2006</entry>
</list>
</p>

</sec>
<sec>
<st>
References</st>

<p>

<reflist>
<entry id="1">
<weblink xlink:type="simple" xlink:href="http://www.ltbfoundation.org">
Louise T Blouin Foundation website</weblink></entry>
<entry id="2">
<weblink xlink:type="simple" xlink:href="http://www.guardian.co.uk/artanddesign/2006/oct/08/art1">
Guardian interview</weblink></entry>
<entry id="3">
<weblink xlink:type="simple" xlink:href="http://business.timesonline.co.uk/tol/business/article1045448.ece">
'Art Publisher's Ambition is a Study in Revenge'</weblink>, Andrew Porter, <it><newspaper wordnetid="106267145" confidence="0.9508927676800064">
<link xlink:type="simple" xlink:href="../472/2313472.xml">
The Sunday Times</link></newspaper>
</it>, 14 March 2004</entry>
<entry id="4">
<weblink xlink:type="simple" xlink:href="http://www.fundinguniverse.com/company-histories/Trader-Classified-Media-NV-Company-History.html">
History of Trader Classified Media</weblink></entry>
<entry id="5">
<weblink xlink:type="simple" xlink:href="http://www.guardian.co.uk/artanddesign/2006/oct/08/art1">
Guardian interview</weblink></entry>
<entry id="6">
<weblink xlink:type="simple" xlink:href="http://www.ltbfoundation.org">
Louise T Blouin Foundation website</weblink></entry>
<entry id="7">
<weblink xlink:type="simple" xlink:href="http://www.creativeleadershipsummit.org/event_programme.htm">
Global Creative Leadership Summit website</weblink></entry>
<entry id="8">
<weblink xlink:type="simple" xlink:href="http://www.ltbfoundation.org/ltbi_institute.html">
Louise T Blouin Foundation website</weblink></entry>
<entry id="9">
<weblink xlink:type="simple" xlink:href="http://select.nytimes.com/gst/abstract.html?res=F70812F735550C718CDDAC0894DD404482">
'A New Arts Foundation with a Focus on Creativity'</weblink>, Felicia R. Lee, <it><newspaper wordnetid="106267145" confidence="0.9508927676800064">
<link xlink:type="simple" xlink:href="../680/30680.xml">
The New York Times</link></newspaper>
</it>, 2 May 2005</entry>
</reflist>
</p>



</sec>
</bdy>
</philanthropist>
</causal_agent>
</donor>
</good_person>
</person>
</collector>
</benefactor>
</physical_entity>
</article>
