<?xml version="1.0" encoding="UTF-8"?>
<!-- generated by CLiX/Wiki2XML [MPI-Inf, MMCI@UdS] $LastChangedRevision: 92 $ on 17.04.2009 00:33:36[mciao0826] -->
<!DOCTYPE article SYSTEM "../article.dtd">
<article xmlns:xlink="http://www.w3.org/1999/xlink">
<gossip  confidence="0.8" wordnetid="107223170">
<scandal  confidence="0.8" wordnetid="107223811">
<event  confidence="0.8" wordnetid="100029378">
<informing  confidence="0.8" wordnetid="107212190">
<company  confidence="0.8" wordnetid="108058098">
<report  confidence="0.8" wordnetid="107217924">
<act  confidence="0.8" wordnetid="100030358">
<psychological_feature  confidence="0.8" wordnetid="100023100">
<speech_act  confidence="0.8" wordnetid="107160883">
<institution  confidence="0.8" wordnetid="108053576">
<header>
<title>Harris myCFO</title>
<id>10965805</id>
<revision>
<id>228252860</id>
<timestamp>2008-07-27T20:46:55Z</timestamp>
<contributor>
<username>Rjwilmsi</username>
<id>203434</id>
</contributor>
</revision>
<categories>
<category>Bank of Montreal</category>
<category>All articles needing copy edit</category>
<category>Articles with invalid date parameter in template</category>
<category>Companies established in 1999</category>
<category>Corporate scandals</category>
<category>Wikipedia articles needing copy edit from May 2008</category>
<category>Financial services companies of the United States</category>
</categories>
</header>
<bdy>

<b>Harris myCFO</b> is a financial services business providing financial management, accounting and tax services. Its predecessor company was founded as <b>myCFO</b> in <link xlink:type="simple" xlink:href="../553/34553.xml">
1999</link> by <physical_entity wordnetid="100001930" confidence="0.8">
<person wordnetid="100007846" confidence="0.8">
<intellectual wordnetid="109621545" confidence="0.8">
<alumnus wordnetid="109786338" confidence="0.8">
<causal_agent wordnetid="100007347" confidence="0.8">
<scientist wordnetid="110560637" confidence="0.8">
<adult wordnetid="109605289" confidence="0.8">
<professional wordnetid="110480253" confidence="0.8">
<scholar wordnetid="110557854" confidence="0.8">
<link xlink:type="simple" xlink:href="../668/98668.xml">
Jim Clark</link></scholar>
</professional>
</adult>
</scientist>
</causal_agent>
</alumnus>
</intellectual>
</person>
</physical_entity>
 to help wealthy <link xlink:type="simple" xlink:href="../976/26976.xml">
Silicon Valley</link> individuals manage their complex finances and taxes. Its original board of directors included <company wordnetid="108058098" confidence="0.9508927676800064">
<link xlink:type="simple" xlink:href="../746/51746.xml">
Cisco Systems</link></company>
 Chief Executive <link xlink:type="simple" xlink:href="../582/1182582.xml">
John Chambers</link>, former <company wordnetid="108058098" confidence="0.9508927676800064">
<link xlink:type="simple" xlink:href="../979/21979.xml">
Netscape</link></company>
 CEO <person wordnetid="100007846" confidence="0.9638700866880419">
<link xlink:type="simple" xlink:href="../033/587033.xml">
Jim Barksdale</link></person>
, venture capitalist <physical_entity wordnetid="100001930" confidence="0.8">
<person wordnetid="100007846" confidence="0.8">
<rich_person wordnetid="110529231" confidence="0.8">
<billionaire wordnetid="110529684" confidence="0.8">
<intellectual wordnetid="109621545" confidence="0.8">
<alumnus wordnetid="109786338" confidence="0.8">
<causal_agent wordnetid="100007347" confidence="0.8">
<scholar wordnetid="110557854" confidence="0.8">
<link xlink:type="simple" xlink:href="../840/1023840.xml">
John Doerr</link></scholar>
</causal_agent>
</alumnus>
</intellectual>
</billionaire>
</rich_person>
</person>
</physical_entity>
, and <company wordnetid="108058098" confidence="0.9508927676800064">
<link xlink:type="simple" xlink:href="../453/5789453.xml">
@Home Network</link></company>
 CEO <link>
Tom Jermoluk</link>. <weblink xlink:type="simple" xlink:href="http://findarticles.com/p/articles/mi_m5072/is_2_22/ai_59245421">
http://findarticles.com/p/articles/mi_m5072/is_2_22/ai_59245421</weblink><p>

Most of myCFO's assets (including its name), operations, and client base were acquired by <company wordnetid="108058098" confidence="0.9508927676800064">
<link xlink:type="simple" xlink:href="../039/2423039.xml">
Harris Bank</link></company>
 in 2002 <ref xlink:type="simple" xlink:href="#xpointer(//reflist/entry[@id=%221%22])">1</ref> which is currently operating as Harris myCFO, and continues providing the same financial management, accounting, and tax services for wealthy individuals worldwide.</p>

<p>

<table class="metadata plainlinks ambox ">
<row>
<col>

ambox-style" style=""</col>
</row>
<row>
<col class="mbox-image"><p>

<image width="30px" src="Acap.svg">
</image>
</p>
</col>
<col style="" class="mbox-text">
 <b>This article or section needs  for  clarity and chronology.</b>
You can assist by <weblink xlink:type="simple" xlink:href="http://localhost:18088/wiki/index.php?title=Harris_myCFO&amp;action=edit">
editing it</weblink> now. A how-to is available.<it>&nbsp;(May 2008)''</it></col>
</row>
</table>


In 2006, myCFO was implicated in a federal investigation involving questionable tax shelters.<ref xlink:type="simple" xlink:href="#xpointer(//reflist/entry[@id=%222%22])">2</ref><ref xlink:type="simple" xlink:href="#xpointer(//reflist/entry[@id=%223%22])">3</ref>  <ref xlink:type="simple" xlink:href="#xpointer(//reflist/entry[@id=%224%22])">4</ref> In July 2005, the <link xlink:type="simple" xlink:href="../039/220039.xml">
American Arbitration Association</link> ruled against myCFO and its partners for its involvement. <ref xlink:type="simple" xlink:href="#xpointer(//reflist/entry[@id=%225%22])">5</ref> . On February 13, 2008, a federal trial court delivered a <link xlink:type="simple" xlink:href="../762/146762.xml">
criminal conviction</link> on Graham Taylor, a tax attorney associated with myCFO; Taylor had pled <link xlink:type="simple" xlink:href="../239/12239.xml">
guilty</link> on January 24, 2008 to conspiracy and aiding in the filing of a false tax return.<ref xlink:type="simple" xlink:href="#xpointer(//reflist/entry[@id=%226%22])">6</ref>. Taylor is formerly of the LeBoeuf Law firm who was used by myCFO selling tax shelter products. The tax accountants and attorneys, including Taylor, convicted in 2008, had been indicted in November 2005, for conspiring to <link xlink:type="simple" xlink:href="../790/58790.xml">
defraud</link> the United States and to commit mail fraud and wire fraud, including tax evasion and assisting in the filing of false tax returns.<ref xlink:type="simple" xlink:href="#xpointer(//reflist/entry[@id=%227%22])">7</ref> </p>

<sec>
<st>
 References </st>
<p>

<reflist>
<entry id="1">
"<weblink xlink:type="simple" xlink:href="http://news.com.com/Netscape+founder+sells+start-up+MyCFO/2100-1023_3-960749.html">
2002 CNet News article on Harris Bank acquiring myCFO</weblink>".</entry>
<entry id="2">
"<weblink xlink:type="simple" xlink:href="http://query.nytimes.com/gst/fullpage.html?res=980CEFDD1130F932A25754C0A9609C8B63">
Focus Moves To One Shelter In Tax Inquiry</weblink>".&#32;  <newspaper wordnetid="106267145" confidence="0.9508927676800064">
<link xlink:type="simple" xlink:href="../680/30680.xml">
The New York Times</link></newspaper>
&#32;(<link xlink:type="simple" xlink:href="../873/15873.xml">
11 July</link>, <link xlink:type="simple" xlink:href="../164/36164.xml">
2006</link>).&#32;Retrieved on <link>
2008-04-08</link>.</entry>
<entry id="3">
"<weblink xlink:type="simple" xlink:href="http://online.wsj.com/article/SB117315071803627877.html?mod=hps_us_pageone">
2007 Wall Street Journal Front Cover Investigative Report on myCFO, with source reference links</weblink>".</entry>
<entry id="4">
"<weblink xlink:type="simple" xlink:href="http://toodumbtolivearchive.blogspot.com/2007/03/jim-clark-mycfo-inc-tax-sheltering.html">
2007 Reprint of Wall Street Journal Article about myCFO</weblink>".</entry>
<entry id="5">
"<weblink xlink:type="simple" xlink:href="http://online.wsj.com/public/resources/documents/mycfo-jonesruling03062007.pdf">
2005 American Arbitration Association ruling against myCFO</weblink>".</entry>
<entry id="6">
"<weblink xlink:type="simple" xlink:href="http://www.usdoj.gov/opa/pr/2008/February/08_tax_113.html">
2008 DOJ Release regarding myCFO-associated tax attorney Graham Taylor who plead guilty and was then convicted of conspiracy and aiding filing a false tax return</weblink>".</entry>
<entry id="7">
"<weblink xlink:type="simple" xlink:href="http://www.usdoj.gov/opa/pr/2008/February/08_tax_113.html">
2008 DOJ Criminal Conviction of multiple Tax Accountants and Tax Attorneys of conspiracy and aiding filing false tax returns</weblink>".</entry>
</reflist>
</p>

</sec>
<sec>
<st>
External links</st>
<p>

<list>
<entry level="1" type="bullet">

<weblink xlink:type="simple" xlink:href="http://www.harrismycfo.com/">
Harris myCFO website</weblink></entry>
</list>
</p>

<p>

<table style="margin:1em auto; width:90%;" align="center" class="toccolours">
<row bgcolor="#ccccff">
<col align="center">
 <b><company wordnetid="108058098" confidence="0.9508927676800064">
<link xlink:type="simple" xlink:href="../821/320821.xml">
BMO Bank of Montreal</link></company>
</b></col>
</row>
<row style="font-size: 90%;" align="center">
<col >
 <link xlink:type="simple" xlink:href="../099/5752099.xml">
FY</link> 2007 Statistics: Net Income: $2.1 billion <currency wordnetid="113385913" confidence="0.9508927676800064">
<link xlink:type="simple" xlink:href="../846/101846.xml">
CAD</link></currency>
 (▲4%) | Market Capitalization: $28.9 billion <currency wordnetid="113385913" confidence="0.9508927676800064">
<link xlink:type="simple" xlink:href="../846/101846.xml">
CAD</link></currency>
 | Assets: $366.5 billion <currency wordnetid="113385913" confidence="0.9508927676800064">
<link xlink:type="simple" xlink:href="../846/101846.xml">
CAD</link></currency>
 | Employees: 35,827 | Stock Symbols: <exchange wordnetid="111409538" confidence="0.9508927676800064">
<link xlink:type="simple" xlink:href="../584/205584.xml">
TSX</link></exchange>
:&nbsp;<weblink xlink:type="simple" xlink:href="http://www.tse.com/HttpController?GetPage=QuotesViewPage&amp;QuoteSymbol_1=BMO">
BMO</weblink> <site wordnetid="108651247" confidence="0.8">
<region wordnetid="108630985" confidence="0.8">
<position wordnetid="108621598" confidence="0.8">
<point wordnetid="108620061" confidence="0.8">
<landmark wordnetid="108624891" confidence="0.8">
<geographic_point wordnetid="108578706" confidence="0.8">
<location wordnetid="100027167" confidence="0.8">
<tract wordnetid="108673395" confidence="0.8">
<workplace wordnetid="104602044" confidence="0.8">
<geographical_area wordnetid="108574314" confidence="0.8">
<stock_exchange wordnetid="104323026" confidence="0.8">
<exchange wordnetid="103302487" confidence="0.8">
<link xlink:type="simple" xlink:href="../560/21560.xml">
NYSE</link></exchange>
</stock_exchange>
</geographical_area>
</workplace>
</tract>
</location>
</geographic_point>
</landmark>
</point>
</position>
</region>
</site>
:&nbsp;<weblink xlink:type="simple" xlink:href="http://www.nyse.com/about/listed/lcddata.html?ticker=BMO">
BMO</weblink> | Website: <weblink xlink:type="simple" xlink:href="http://www.bmo.com/">
www.bmo.com</weblink></col>
</row>
<row bgcolor="#ccccff">
<col style="font-size: 90%;" align="center">
<b>Major Brands by Financial Service</b></col>

</row>
<row style="font-size: 90%;" align="center">
<col >
 Canadian Banking: <link xlink:type="simple" xlink:href="../821/320821.xml">
BMO Financial Group</link> | U.S. Banking: <company wordnetid="108058098" confidence="0.9508927676800064">
<link xlink:type="simple" xlink:href="../039/2423039.xml">
Harris</link></company>
 and <gossip wordnetid="107223170" confidence="0.8">
<scandal wordnetid="107223811" confidence="0.8">
<event wordnetid="100029378" confidence="0.8">
<informing wordnetid="107212190" confidence="0.8">
<company wordnetid="108058098" confidence="0.8">
<report wordnetid="107217924" confidence="0.8">
<act wordnetid="100030358" confidence="0.8">
<psychological_feature wordnetid="100023100" confidence="0.8">
<speech_act wordnetid="107160883" confidence="0.8">
<institution wordnetid="108053576" confidence="0.8">
<link xlink:type="simple" xlink:href="../805/10965805.xml">
Harris myCFO</link></institution>
</speech_act>
</psychological_feature>
</act>
</report>
</company>
</informing>
</event>
</scandal>
</gossip>
 | Canadian Mutual Funds: <link>
BMO Mutual Funds</link> and <link>
Guardian Group of Funds</link> | Canadian Self-Service Investing: <link>
BMO InvestorLine</link> |Canadian Full-Service Investing: <company wordnetid="108058098" confidence="0.9508927676800064">
<link xlink:type="simple" xlink:href="../023/6594023.xml">
BMO Nesbitt Burns</link></company>
 | U.S. Brokerage: <link>
BMO Harris Investor Services</link> | Canadian Insurance: <link>
BMO Life</link> | Research: <link>
BMO Capital Markets</link></col>
</row>
</table>
</p>

</sec>
</bdy>
</institution>
</speech_act>
</psychological_feature>
</act>
</report>
</company>
</informing>
</event>
</scandal>
</gossip>
</article>
