<?xml version="1.0" encoding="UTF-8"?>
<!-- generated by CLiX/Wiki2XML [MPI-Inf, MMCI@UdS] $LastChangedRevision: 92 $ on 17.04.2009 00:37:26[mciao0827] -->
<!DOCTYPE article SYSTEM "../article.dtd">
<article xmlns:xlink="http://www.w3.org/1999/xlink">
<actor  confidence="0.9508927676800064" wordnetid="109765278">
<header>
<title>Michael Dolan</title>
<id>10967543</id>
<revision>
<id>243922717</id>
<timestamp>2008-10-08T16:36:35Z</timestamp>
<contributor>
<username>Explodicle</username>
<id>108001</id>
</contributor>
</revision>
<categories>
<category>American film actors</category>
<category>American television actors</category>
</categories>
</header>
<bdy>
<template>
<name>Infobox actor</name>
<parameters>

<image width="150px" src="">
<caption>

Michael Dolan as <b>Clifford Harnish</b> from <movie wordnetid="106613686" confidence="0.9508927676800064">
<link xlink:type="simple" xlink:href="../474/7642474.xml">
The Turning</link></movie>
.
</caption>
</image>
<location>
Oklahoma City, Oklahoma</location>
<name>
Michael Dolan</name>
<birthdate>
<link xlink:type="simple" xlink:href="../819/15819.xml">
21 June</link>, <link xlink:type="simple" xlink:href="../750/34750.xml">
1965</link></birthdate>
<imagesize>
250px</imagesize>
<notable_role>
<b>Clifford Harnish</b> from <movie wordnetid="106613686" confidence="0.9508927676800064">
<link xlink:type="simple" xlink:href="../474/7642474.xml">
The Turning</link></movie>
</notable_role>
</parameters>
</template>


<b>Michael Dolan</b> is an <body wordnetid="107965085" confidence="0.8">
<social_group wordnetid="107950920" confidence="0.8">
<political_orientation wordnetid="106212839" confidence="0.8">
<colony wordnetid="108374049" confidence="0.8">
<state wordnetid="108168978" confidence="0.8">
<political_unit wordnetid="108359949" confidence="0.8">
<group wordnetid="100031264" confidence="0.8">
<democracy wordnetid="106217103" confidence="0.8">
<link xlink:type="simple" xlink:href="../750/3434750.xml">
American</link></democracy>
</group>
</political_unit>
</state>
</colony>
</political_orientation>
</social_group>
</body>
 <link xlink:type="simple" xlink:href="../753/753.xml">
actor</link>. He was born on <link xlink:type="simple" xlink:href="../819/15819.xml">
21 June</link>, <link xlink:type="simple" xlink:href="../750/34750.xml">
1965</link> in <village wordnetid="108672738" confidence="0.9508927676800064">
<link xlink:type="simple" xlink:href="../848/57848.xml">
Oklahoma City, Oklahoma</link></village>
, <link xlink:type="simple" xlink:href="../750/3434750.xml">
USA</link>. He has many TV and movie credits to his name, which include <it><movie wordnetid="106613686" confidence="0.9508927676800064">
<link xlink:type="simple" xlink:href="../066/2358066.xml">
Biloxi Blues</link></movie>
</it>, <it><movie wordnetid="106613686" confidence="0.9508927676800064">
<link xlink:type="simple" xlink:href="../947/675947.xml">
Hamburger Hill</link></movie>
</it>, <it><movie wordnetid="106613686" confidence="0.9508927676800064">
<link xlink:type="simple" xlink:href="../474/7642474.xml">
The Turning</link></movie>
</it>, <it><movie wordnetid="106613686" confidence="0.9508927676800064">
<link xlink:type="simple" xlink:href="../288/235288.xml">
Courage Under Fire</link></movie>
</it>, <it><movie wordnetid="106613686" confidence="0.9508927676800064">
<link xlink:type="simple" xlink:href="../806/1988806.xml">
Lolita</link></movie>
</it>, three episodes of <it><music wordnetid="107020895" confidence="0.8">
<song wordnetid="107048000" confidence="0.8">
<religious_music wordnetid="107033007" confidence="0.8">
<hymn wordnetid="107035870" confidence="0.8">
<auditory_communication wordnetid="107109019" confidence="0.8">
<religious_song wordnetid="107035420" confidence="0.8">
<music_genre wordnetid="107071942" confidence="0.8">
<expressive_style wordnetid="107066659" confidence="0.8">
<musical_composition wordnetid="107037465" confidence="0.8">
<link xlink:type="simple" xlink:href="../586/3256586.xml">
I'll Fly Away</link></musical_composition>
</expressive_style>
</music_genre>
</religious_song>
</auditory_communication>
</hymn>
</religious_music>
</song>
</music>
</it>, one episode of <it><series wordnetid="108457976" confidence="0.9508927676800064">
<link xlink:type="simple" xlink:href="../677/67677.xml">
The Outer Limits</link></series>
</it>, and two episodes of <it><series wordnetid="108457976" confidence="0.9508927676800064">
<link xlink:type="simple" xlink:href="../629/173629.xml">
Law &amp; Order</link></series>
</it>.<p>

He wrote and directed the short film <it><link>
Arrow Shot</link></it> that premiered at the <fundamental_quantity wordnetid="113575869" confidence="0.8">
<time_period wordnetid="115113229" confidence="0.8">
<diversion wordnetid="100426928" confidence="0.8">
<event wordnetid="100029378" confidence="0.8">
<film_festival wordnetid="100517418" confidence="0.8">
<festival wordnetid="115162388" confidence="0.8">
<festival wordnetid="100517728" confidence="0.8">
<celebration wordnetid="100428000" confidence="0.8">
<act wordnetid="100030358" confidence="0.8">
<psychological_feature wordnetid="100023100" confidence="0.8">
<activity wordnetid="100407535" confidence="0.8">
<link xlink:type="simple" xlink:href="../188/29188.xml">
Sundance Film Festival</link></activity>
</psychological_feature>
</act>
</celebration>
</festival>
</festival>
</film_festival>
</event>
</diversion>
</time_period>
</fundamental_quantity>
, and was broadcast on the <channel wordnetid="106259898" confidence="0.9508927676800064">
<link xlink:type="simple" xlink:href="../777/925777.xml">
Independent Film Channel</link></channel>
, and also on many <link xlink:type="simple" xlink:href="../199/585199.xml">
Canal +</link> stations in <link xlink:type="simple" xlink:href="../239/9239.xml">
Europe</link>.
He recently attended the <link>
James A. Michener Center for Writers</link> at the University of Texas.</p>
<p>

Currently, his feature-length script about returning Iraq veterans is in development. </p>

<sec>
<st>
External links</st>
<p>

<weblink xlink:type="simple" xlink:href="http://www.imdb.com/name/nm0230822/">
Michael Dolan</weblink> at the <web_site wordnetid="106359193" confidence="0.9508927676800064">
<link xlink:type="simple" xlink:href="../554/2855554.xml">
Internet Movie Database</link></web_site>
</p>

</sec>
</bdy>
</actor>
</article>
