<?xml version="1.0" encoding="UTF-8"?>
<!-- generated by CLiX/Wiki2XML [MPI-Inf, MMCI@UdS] $LastChangedRevision: 92 $ on 17.04.2009 00:38:53[mciao0827] -->
<!DOCTYPE article SYSTEM "../article.dtd">
<article xmlns:xlink="http://www.w3.org/1999/xlink">
<event  confidence="0.8" wordnetid="100029378">
<act  confidence="0.8" wordnetid="100030358">
<psychological_feature  confidence="0.8" wordnetid="100023100">
<procedure  confidence="0.8" wordnetid="101023820">
<activity  confidence="0.8" wordnetid="100407535">
<header>
<title>Storage (memory)</title>
<id>10974486</id>
<revision>
<id>240435378</id>
<timestamp>2008-09-23T13:29:12Z</timestamp>
<contributor>
<username>ABF</username>
<id>3048050</id>
</contributor>
</revision>
<categories>
<category>Memory processes</category>
</categories>
</header>
<bdy>

The human <link xlink:type="simple" xlink:href="../844/18844.xml">
memory</link> has three processes of memory storage and these include <link xlink:type="simple" xlink:href="../182/5128182.xml">
encoding</link>, storage and <link xlink:type="simple" xlink:href="../809/236809.xml">
retrieval</link>. Storage is the information that is retained, be in the <link xlink:type="simple" xlink:href="../236/338236.xml">
sensory memory</link>, the <link xlink:type="simple" xlink:href="../944/28944.xml">
short-term memory</link> or the more permanent <link xlink:type="simple" xlink:href="../995/17995.xml">
long-term memory</link>.



</bdy>
</activity>
</procedure>
</psychological_feature>
</act>
</event>
</article>
