<?xml version="1.0" encoding="UTF-8"?>
<!-- generated by CLiX/Wiki2XML [MPI-Inf, MMCI@UdS] $LastChangedRevision: 92 $ on 17.04.2009 00:34:03[mciao0825] -->
<!DOCTYPE article SYSTEM "../article.dtd">
<article xmlns:xlink="http://www.w3.org/1999/xlink">
<header>
<title>GemIdent</title>
<id>10970590</id>
<revision>
<id>217913602</id>
<timestamp>2008-06-08T08:08:37Z</timestamp>
<contributor>
<username>DOI bot</username>
<id>6652755</id>
</contributor>
</revision>
<categories>
<category>Computer vision software</category>
<category>Cell biology</category>
<category>Microscopy</category>
<category>Graphics software</category>
<category>Image processing</category>
</categories>
</header>
<bdy>

<image location="right" width="200px" src="GemIdent_logo.jpg" type="thumb">
<caption>

GemIdent logo
</caption>
</image>
<p>

<b>GemIdent</b> is an interactive <link>
image recognition</link> program that identifies <link xlink:type="simple" xlink:href="../778/4683778.xml">
regions of interest</link> in images and photographs. It is specifically designed for images with few colors, where the objects of interest look alike with small variation. For example, color <link xlink:type="simple" xlink:href="../717/505717.xml">
image segmentation</link> of: 
<list>
<entry level="1" type="bullet">

 Oranges from a tree</entry>
<entry level="1" type="bullet">

 Stained cells from microscopic images</entry>
</list>
</p>
<p>

GemIdent also packages data analysis tools to investigate spatial relationships among the objects identified.</p>

<sec>
<st>
History</st>

<p>

GemIdent was developed at <university wordnetid="108286163" confidence="0.9508927676800064">
<link xlink:type="simple" xlink:href="../977/26977.xml">
Stanford University</link></university>
 by Adam Kapelner from June, 2006 until January, 2007 in the lab of Dr. Peter Lee under the tutelage of Professor Susan Holmes.<ref xlink:type="simple" xlink:href="#xpointer(//reflist/entry[@id=%221%22])">1</ref> The concept was inspired by data from Ref. <ref xlink:type="simple" xlink:href="#xpointer(//reflist/entry[@id=%222%22])">2</ref> publication concerning immune profiles of <link xlink:type="simple" xlink:href="../342/82342.xml">
lymph node</link>s in breast cancer patients. Hence, GemIdent works well when identifying cells in <link xlink:type="simple" xlink:href="../210/1021210.xml">
IHC</link>-stained tissue imaged via automated <link xlink:type="simple" xlink:href="../222/7131222.xml">
light microscopy</link> when the nuclear background stain and membrane/cytoplasmic stain are well-defined.</p>

</sec>
<sec>
<st>
Methodology</st>

<p>

GemIdent uses <link xlink:type="simple" xlink:href="../926/20926.xml">
supervised learning</link> to perform automated
identification of regions of interest in the images. Therefore, the user must do a substantial amount of work first supplying the relevant colors, then pointing out examples of the objects or regions themselves as well as negatives (<link xlink:type="simple" xlink:href="../228/1817228.xml">
training set</link> creation). </p>
<p>

When a user clicks on a pixel, many scores are generated using the surrounding color information via <link>
Mahalanobis Ring Score</link> attribute generation. These scores are then used to build a <link xlink:type="simple" xlink:href="../880/1363880.xml">
random forest</link> machine-learning classifier which will then classify pixels in any given image.</p>
<p>

After classification, there may be mistakes. The user can return to training and point out the specific mistakes and then reclassify. These training-classifying-retraining-reclassifying iterations (considered interactive <link xlink:type="simple" xlink:href="../500/90500.xml">
boosting</link>) can result in a highly accurate segmentation.</p>

</sec>
<sec>
<st>
Source code</st>

<p>

The <link xlink:type="simple" xlink:href="../661/27661.xml">
source code</link> for GemIdent is available to noncommercial users in pure <message wordnetid="106598915" confidence="0.8">
<request wordnetid="106513366" confidence="0.8">
<link xlink:type="simple" xlink:href="../881/15881.xml">
Java</link></request>
</message>
 5. The code is licensed under the "GemIdent license" - a license written by Stanford's Office of Technology and Licensing that is not an <link xlink:type="simple" xlink:href="../290/22290.xml">
open source license</link> or a <link xlink:type="simple" xlink:href="../568/18932568.xml">
free software license</link> because commercial redistribution is prohibited and distribution of derivative works is highly restricted.</p>

</sec>
<sec>
<st>
Examples</st>

<p>

<image location="none" width="750px" src="orangeExample.jpg">
<caption>

GemIdent identifying oranges in an orange grove
</caption>
</image>

The raw photograph (left), a superimposed mask showing the pixel classification results (center), and finally the photograph is marked with the centroids of the object of interest - the oranges (right)</p>
<p>

<image location="none" width="750px" src="cancerExample.jpg">
<caption>

GemIdent identifying cancer cells in a microscopic image
</caption>
</image>

The raw microscopic image of a stained lymph node (left) from the Kohrt study<ref xlink:type="simple" xlink:href="#xpointer(//reflist/entry[@id=%222%22])">2</ref>, a superimposed mask showing the pixel classification results (center), and finally the image is marked with the centroids of the object of interest - the cancer nuclei (right)</p>
<p>

<image location="none" width="744px" src="GemIdentComposite.jpg">
<caption>

GemIdent identifying cancer cells, T-cells, and background nuclei in a microscopic image
</caption>
</image>

This example illustrates GemIdent's ability to find multiple phenotypes in the same image: the raw microscopic image of a stained lymph node (top left) from the Kohrt study<ref xlink:type="simple" xlink:href="#xpointer(//reflist/entry[@id=%222%22])">2</ref>, a superimposed mask showing the pixel classification results (top right), and finally the image marked with the centroids of the objects of interest - the cancer nuclei (in green stars), the T-cells (in yellow stars), and non-specific background nuclei (in cyan stars).</p>
<p>

<image location="none" width="540px" src="analysisdata.jpg">
<caption>

GemIdent analyzing results using data analysis and visualization tools
</caption>
</image>

The command-line data analysis and visualization interface in action analyzing results of a classification of a lymph node from the Kohrt study<ref xlink:type="simple" xlink:href="#xpointer(//reflist/entry[@id=%222%22])">2</ref>. The <link xlink:type="simple" xlink:href="../266/13266.xml">
histogram</link> displays the distribution of distances from T-cells to neighboring cancer cells. The binary image of cancer membrane is the result of a pixel-only classification. The open <link xlink:type="simple" xlink:href="../077/24077.xml">
PDF</link> document is the autogenerated report of the analysis which includes a thumbnail view of the entire lymph node, counts and Type I error rates for all <link xlink:type="simple" xlink:href="../543/24543.xml">
phenotype</link>s, as well as a transcript of the analyses performed.</p>

</sec>
<sec>
<st>
 References </st>

<p>

<reflist>
<entry id="1">
 <cite style="font-style:normal">Kapelner, Adam; Peter P. Lee, Susan Holmes&#32;(2007-07).&#32;"<weblink xlink:type="simple" xlink:href="http://doi.ieeecomputersociety.org/10.1109/MEDIVIS.2007.5">
An Interactive Statistical Image Segmentation and Visualization System</weblink>". <it>medivis</it>&#32;<b>0</b>: 81–86.&#32;IEEE Computer Society. <document wordnetid="106470073" confidence="0.8">
<written_communication wordnetid="106349220" confidence="0.8">
<writing wordnetid="106362953" confidence="0.8">
<link xlink:type="simple" xlink:href="../994/422994.xml">
doi</link></writing>
</written_communication>
</document>
:<weblink xlink:type="simple" xlink:href="http://dx.doi.org/10.1109%2FMEDIVIS.2007.5">
10.1109/MEDIVIS.2007.5</weblink>. <symbol wordnetid="106806469" confidence="0.8">
<standard wordnetid="107260623" confidence="0.8">
<signal wordnetid="106791372" confidence="0.8">
<identifier wordnetid="107270601" confidence="0.8">
<system_of_measurement wordnetid="113577171" confidence="0.8">
<link xlink:type="simple" xlink:href="../930/234930.xml">
ISSN</link></system_of_measurement>
</identifier>
</signal>
</standard>
</symbol>
 <weblink xlink:type="simple" xlink:href="http://worldcat.org/issn/0-7695-2904-6">
0-7695-2904-6</weblink>.</cite>&nbsp;</entry>
<entry id="2">
 <cite style="font-style:normal">Kohrt, Holbrook E; Navid Nouri, Kent Nowels, Denise Johnson, Susan Holmes, Peter P Lee&#32;(2005-09).&#32;"Profile of immune cells in axillary lymph nodes predicts disease-free survival in breast cancer". <it>PLoS medicine</it>&#32;<b>2</b>&#32;(9): e284. <document wordnetid="106470073" confidence="0.8">
<written_communication wordnetid="106349220" confidence="0.8">
<writing wordnetid="106362953" confidence="0.8">
<link xlink:type="simple" xlink:href="../994/422994.xml">
doi</link></writing>
</written_communication>
</document>
:<weblink xlink:type="simple" xlink:href="http://dx.doi.org/10.1371%2Fjournal.pmed.0020284">
10.1371/journal.pmed.0020284</weblink>. <symbol wordnetid="106806469" confidence="0.8">
<standard wordnetid="107260623" confidence="0.8">
<signal wordnetid="106791372" confidence="0.8">
<identifier wordnetid="107270601" confidence="0.8">
<system_of_measurement wordnetid="113577171" confidence="0.8">
<link xlink:type="simple" xlink:href="../930/234930.xml">
ISSN</link></system_of_measurement>
</identifier>
</signal>
</standard>
</symbol>
 <weblink xlink:type="simple" xlink:href="http://worldcat.org/issn/15491676">
15491676</weblink>.</cite>&nbsp;</entry>
</reflist>
</p>

</sec>
<sec>
<st>
External links</st>

<p>

<list>
<entry level="1" type="bullet">

<weblink xlink:type="simple" xlink:href="http://www.gemident.com/">
GemIdent's homepage</weblink></entry>
</list>
</p>

</sec>
</bdy>
</article>
