<?xml version="1.0" encoding="UTF-8"?>
<!-- generated by CLiX/Wiki2XML [MPI-Inf, MMCI@UdS] $LastChangedRevision: 92 $ on 16.04.2009 18:08:47[mciao0828] -->
<!DOCTYPE article SYSTEM "../article.dtd">
<article xmlns:xlink="http://www.w3.org/1999/xlink">
<person  confidence="0.9508927676800064" wordnetid="100007846">
<actor  confidence="0.9511911446218017" wordnetid="109765278">
<header>
<title>Stanley Baker</title>
<id>1098679</id>
<revision>
<id>244156886</id>
<timestamp>2008-10-09T16:04:11Z</timestamp>
<contributor>
<username>Lord Cornwallis</username>
<id>5957417</id>
</contributor>
</revision>
<categories>
<category>Welsh actors</category>
<category>Actors awarded British knighthoods</category>
<category>Knights Bachelor</category>
<category>Deaths from lung cancer</category>
<category>1976 deaths</category>
<category>Welsh film actors</category>
<category>People from Glamorgan</category>
<category>Burials at Putney Vale Cemetery</category>
<category>Welsh television actors</category>
<category>Welsh stage actors</category>
<category>Cancer deaths in Spain</category>
<category>1928 births</category>
</categories>
</header>
<bdy>
<template>
<name>Infobox Person</name>
<parameters>

<image width="150px" src="Replace_this_image_male.svg">
</image>
<death_date>
28 June 1976 (aged&nbsp;48)</death_date>
<death_place>
<link>
Málaga</link>, <social_group wordnetid="107950920" confidence="0.8">
<gathering wordnetid="107975026" confidence="0.8">
<community wordnetid="108223802" confidence="0.8">
<group wordnetid="100031264" confidence="0.8">
<link xlink:type="simple" xlink:href="../736/2736.xml">
Andalusia</link></group>
</community>
</gathering>
</social_group>
, <system wordnetid="108435388" confidence="0.8">
<economy wordnetid="108366753" confidence="0.8">
<group wordnetid="100031264" confidence="0.8">
<link xlink:type="simple" xlink:href="../667/26667.xml">
Spain</link></group>
</economy>
</system>
</death_place>
<birth_date>
28 February 1928(1928-02-28)</birth_date>
<name>
Stanley Baker</name>
<birth_place>
<region wordnetid="108630985" confidence="0.8">
<village wordnetid="108672738" confidence="0.8">
<location wordnetid="100027167" confidence="0.8">
<settlement wordnetid="108672562" confidence="0.8">
<geographical_area wordnetid="108574314" confidence="0.8">
<link xlink:type="simple" xlink:href="../036/2299036.xml">
Ferndale</link></geographical_area>
</settlement>
</location>
</village>
</region>
, <geological_formation wordnetid="109287968" confidence="0.8">
<valley wordnetid="109468604" confidence="0.8">
<natural_depression wordnetid="109366017" confidence="0.8">
<link xlink:type="simple" xlink:href="../199/1808199.xml">
Rhondda</link></natural_depression>
</valley>
</geological_formation>
, <link xlink:type="simple" xlink:href="../894/69894.xml">
Wales</link></birth_place>
</parameters>
</template>


<b>Sir William Stanley Baker</b> (<link xlink:type="simple" xlink:href="../311/11311.xml">
February 28</link> <link xlink:type="simple" xlink:href="../674/34674.xml">
1928</link> - <link xlink:type="simple" xlink:href="../802/15802.xml">
June 28</link> <link xlink:type="simple" xlink:href="../661/34661.xml">
1976</link>), known as <b>Stanley Baker</b>, was a <link xlink:type="simple" xlink:href="../894/69894.xml">
Welsh</link> <link xlink:type="simple" xlink:href="../753/753.xml">
actor</link> and <link xlink:type="simple" xlink:href="../405/211405.xml">
film producer</link>.<p>

Baker was born in <region wordnetid="108630985" confidence="0.8">
<village wordnetid="108672738" confidence="0.8">
<location wordnetid="100027167" confidence="0.8">
<settlement wordnetid="108672562" confidence="0.8">
<geographical_area wordnetid="108574314" confidence="0.8">
<link xlink:type="simple" xlink:href="../036/2299036.xml">
Ferndale</link></geographical_area>
</settlement>
</location>
</village>
</region>
, <geological_formation wordnetid="109287968" confidence="0.8">
<valley wordnetid="109468604" confidence="0.8">
<natural_depression wordnetid="109366017" confidence="0.8">
<link xlink:type="simple" xlink:href="../199/1808199.xml">
Rhondda</link></natural_depression>
</valley>
</geological_formation>
 Valley, <link xlink:type="simple" xlink:href="../894/69894.xml">
Wales</link>, but moved to <village wordnetid="108672738" confidence="0.9508927676800064">
<link xlink:type="simple" xlink:href="../867/17867.xml">
London</link></village>
 with his parents in the mid-1930s. He was an <link xlink:type="simple" xlink:href="../753/753.xml">
actor</link> and <link xlink:type="simple" xlink:href="../405/211405.xml">
film producer</link> who came to prominence in the 1950s; although he made his film debut in 1943 as a teenager in the film <it>Undercover</it>, his first role as an adult was in <it>All Over the Moon</it> (1949).</p>
<p>

At first Baker was usually cast as a villain - tough, gritty and fiery. In private life, he was a close friend and drinking companion of another <link xlink:type="simple" xlink:href="../894/69894.xml">
Welsh actor</link>, <person wordnetid="100007846" confidence="0.9508927676800064">
<actor wordnetid="109765278" confidence="0.9508927676800064">
<link xlink:type="simple" xlink:href="../967/45967.xml">
Richard Burton</link></actor>
</person>
. Both men had been taught by the same teacher at school who had encouraged their theatrical abilities. Notable among his early roles was as the unpleasant and somewhat cowardly Bennett in <it><movie wordnetid="106613686" confidence="0.9508927676800064">
<link xlink:type="simple" xlink:href="../912/1401912.xml">
The Cruel Sea</link></movie>
</it> (1953).</p>
<p>

However, he was not always a villain and he did have a few more endearing roles, especially after <person wordnetid="100007846" confidence="0.9508927676800064">
<screenwriter wordnetid="110564400" confidence="0.9173553029164789">
<actor wordnetid="109765278" confidence="0.9508927676800064">
<link xlink:type="simple" xlink:href="../675/43675.xml">
Laurence Olivier</link></actor>
</screenwriter>
</person>
 selected him to play <sovereign wordnetid="110628644" confidence="0.9508927676800064">
<link xlink:type="simple" xlink:href="../186/14186.xml">
Henry Tudor</link></sovereign>
 in his 1955 movie <it><movie wordnetid="106613686" confidence="0.9508927676800064">
<link xlink:type="simple" xlink:href="../780/1345780.xml">
Richard III</link></movie>
</it>. He also played a shell-shocked commando in the 1961 war epic <it><movie wordnetid="106613686" confidence="0.9508927676800064">
<link xlink:type="simple" xlink:href="../559/6984559.xml">
The Guns of Navarone</link></movie>
</it>. Perhaps one of Baker's most memorable roles was as <link xlink:type="simple" xlink:href="../405/161405.xml">
Lieutenant</link> <link xlink:type="simple" xlink:href="../989/1031989.xml">
John Chard VC</link> in <it><movie wordnetid="106613686" confidence="0.9508927676800064">
<link xlink:type="simple" xlink:href="../974/845974.xml">
Zulu</link></movie>
</it> alongside newcomer <person wordnetid="100007846" confidence="0.9508927676800064">
<actor wordnetid="109765278" confidence="0.9508927676800064">
<link xlink:type="simple" xlink:href="../479/61479.xml">
Michael Caine</link></actor>
</person>
. He also made an impression opposite <actor wordnetid="109765278" confidence="0.9508927676800064">
<link xlink:type="simple" xlink:href="../213/391213.xml">
Patrick McGoohan</link></actor>
 in <it><movie wordnetid="106613686" confidence="0.9508927676800064">
<link xlink:type="simple" xlink:href="../486/4566486.xml">
Hell Drivers</link></movie>
</it>, as a lorry driver who would not toe the line.  In <physical_entity wordnetid="100001930" confidence="0.8">
<person wordnetid="100007846" confidence="0.8">
<leader wordnetid="109623038" confidence="0.8">
<administrator wordnetid="109770949" confidence="0.8">
<causal_agent wordnetid="100007347" confidence="0.8">
<head wordnetid="110162991" confidence="0.8">
<director wordnetid="110014939" confidence="0.8">
<link xlink:type="simple" xlink:href="../853/145853.xml">
Joseph Losey</link></director>
</head>
</causal_agent>
</administrator>
</leader>
</person>
</physical_entity>
's <it><movie wordnetid="106613686" confidence="0.9508927676800064">
<link xlink:type="simple" xlink:href="../542/434542.xml">
Accident</link></movie>
</it>, he gave a sustained performance as Charley and in 1970's <it><movie wordnetid="106613686" confidence="0.9508927676800064">
<link xlink:type="simple" xlink:href="../965/5904965.xml">
Perfect Friday</link></movie>
</it>, he showed his skill in comedy and romantic acting as Mr Graham, opposite <actor wordnetid="109765278" confidence="0.9508927676800064">
<link xlink:type="simple" xlink:href="../192/376192.xml">
Ursula Andress</link></actor>
.</p>
<p>

In 1961 Baker was offered the role of superspy <physical_entity wordnetid="100001930" confidence="0.8">
<person wordnetid="100007846" confidence="0.8">
<player wordnetid="110439851" confidence="0.8">
<contestant wordnetid="109613191" confidence="0.8">
<creator wordnetid="109614315" confidence="0.8">
<socialite wordnetid="110619409" confidence="0.8">
<gambler wordnetid="110118844" confidence="0.8">
<principal wordnetid="110474950" confidence="0.8">
<criminal wordnetid="109977660" confidence="0.8">
<lawman wordnetid="110249459" confidence="0.8">
<artist wordnetid="109812338" confidence="0.8">
<bad_person wordnetid="109831962" confidence="0.8">
<important_person wordnetid="110200781" confidence="0.8">
<policeman wordnetid="110448983" confidence="0.8">
<preserver wordnetid="110466918" confidence="0.8">
<adult wordnetid="109605289" confidence="0.8">
<bodyguard wordnetid="109863031" confidence="0.8">
<golfer wordnetid="110136959" confidence="0.8">
<assassin wordnetid="109813696" confidence="0.8">
<wrongdoer wordnetid="109633969" confidence="0.8">
<defender wordnetid="109614684" confidence="0.8">
<causal_agent wordnetid="100007347" confidence="0.8">
<murderer wordnetid="110338707" confidence="0.8">
<killer wordnetid="110231087" confidence="0.8">
<detective wordnetid="110009276" confidence="0.8">
<link xlink:type="simple" xlink:href="../604/15604.xml">
James Bond</link></detective>
</killer>
</murderer>
</causal_agent>
</defender>
</wrongdoer>
</assassin>
</golfer>
</bodyguard>
</adult>
</preserver>
</policeman>
</important_person>
</bad_person>
</artist>
</lawman>
</criminal>
</principal>
</gambler>
</socialite>
</creator>
</contestant>
</player>
</person>
</physical_entity>
 for the forthcoming film <it><link xlink:type="simple" xlink:href="../277/7528277.xml">
Dr No</link></it>, but he turned it down because he was unwilling to commit to a three-picture contract. It is believed he may have regretted this decision, since some years later he asked producer <actor wordnetid="109765278" confidence="0.9508927676800064">
<link xlink:type="simple" xlink:href="../497/541497.xml">
Albert R. Broccoli</link></actor>
 about playing a villain in one of the films.</p>
<p>

He formed his own production company in the 1960s and produced films that included  <it><movie wordnetid="106613686" confidence="0.9508927676800064">
<link xlink:type="simple" xlink:href="../596/2421596.xml">
Robbery</link></movie>
</it> (1967) and <it><movie wordnetid="106613686" confidence="0.9508927676800064">
<link xlink:type="simple" xlink:href="../195/16907195.xml">
The Italian Job</link></movie>
</it> (1969).  Along with his production and film career Stanley Baker also appeared on the small screen including the dramas <it><link xlink:type="simple" xlink:href="../482/233482.xml">
The Changeling</link></it> (1974), <it><literary_composition wordnetid="106364329" confidence="0.8">
<fictional_character wordnetid="109587565" confidence="0.8">
<written_communication wordnetid="106349220" confidence="0.8">
<writing wordnetid="106362953" confidence="0.8">
<imaginary_being wordnetid="109483738" confidence="0.8">
<fiction wordnetid="106367107" confidence="0.8">
<novel wordnetid="106367879" confidence="0.8">
<link xlink:type="simple" xlink:href="../483/55483.xml">
Robinson Crusoe</link></novel>
</fiction>
</imaginary_being>
</writing>
</written_communication>
</fictional_character>
</literary_composition>
</it> (1974), and also in a <network wordnetid="108434259" confidence="0.9508927676800064">
<link xlink:type="simple" xlink:href="../654/19344654.xml">
BBC</link></network>
 adaptation of <it><literary_composition wordnetid="106364329" confidence="0.8">
<written_communication wordnetid="106349220" confidence="0.8">
<writing wordnetid="106362953" confidence="0.8">
<fiction wordnetid="106367107" confidence="0.8">
<novel wordnetid="106367879" confidence="0.8">
<link xlink:type="simple" xlink:href="../673/42673.xml">
How Green Was My Valley</link></novel>
</fiction>
</writing>
</written_communication>
</literary_composition>
</it> (1975).</p>
<p>

Baker was a dedicated socialist off screen, and a friend of the Labour Prime Minister <chancellor wordnetid="109906986" confidence="0.9508927676800064">
<person wordnetid="100007846" confidence="0.9508927676800064">
<link xlink:type="simple" xlink:href="../271/52271.xml">
Harold Wilson</link></person>
</chancellor>
. In 1976 he was granted a <link xlink:type="simple" xlink:href="../067/390067.xml">
knighthood</link> in Wilson's controversial resignation list of honours, known as <it><beginning wordnetid="100235435" confidence="0.8">
<scandal wordnetid="107223811" confidence="0.8">
<change wordnetid="100191142" confidence="0.8">
<dramatic_composition wordnetid="107007684" confidence="0.8">
<informing wordnetid="107212190" confidence="0.8">
<play wordnetid="107007945" confidence="0.8">
<written_communication wordnetid="106349220" confidence="0.8">
<writing wordnetid="106362953" confidence="0.8">
<speech_act wordnetid="107160883" confidence="0.8">
<ending wordnetid="106308765" confidence="0.8">
<morpheme wordnetid="106306233" confidence="0.8">
<change_of_state wordnetid="100199130" confidence="0.8">
<gossip wordnetid="107223170" confidence="0.8">
<event wordnetid="100029378" confidence="0.8">
<report wordnetid="107217924" confidence="0.8">
<action wordnetid="100037396" confidence="0.8">
<part wordnetid="113809207" confidence="0.8">
<act wordnetid="100030358" confidence="0.8">
<psychological_feature wordnetid="100023100" confidence="0.8">
<introduction wordnetid="100238022" confidence="0.8">
<language_unit wordnetid="106284225" confidence="0.8">
<link xlink:type="simple" xlink:href="../332/4275332.xml">
The Lavender List</link></language_unit>
</introduction>
</psychological_feature>
</act>
</part>
</action>
</report>
</event>
</gossip>
</change_of_state>
</morpheme>
</ending>
</speech_act>
</writing>
</written_communication>
</play>
</informing>
</dramatic_composition>
</change>
</scandal>
</beginning>
</it>, although he never lived to receive the honour officially at <building wordnetid="102913152" confidence="0.9508927676800064">
<link xlink:type="simple" xlink:href="../969/3969.xml">
Buckingham Palace</link></building>
. He died that same year from <link xlink:type="simple" xlink:href="../135/52135.xml">
pneumonia</link> following surgery for <link xlink:type="simple" xlink:href="../450/18450.xml">
lung cancer</link> in Málaga, <system wordnetid="108435388" confidence="0.8">
<economy wordnetid="108366753" confidence="0.8">
<group wordnetid="100031264" confidence="0.8">
<link xlink:type="simple" xlink:href="../667/26667.xml">
Spain</link></group>
</economy>
</system>
, aged forty-eight, and was cremated at <link xlink:type="simple" xlink:href="../342/19356342.xml">
Putney Vale Crematorium</link>.</p>
<p>

<team wordnetid="108208560" confidence="0.8">
<link xlink:type="simple" xlink:href="../458/11992458.xml">
Ferndale RFC</link></team>
 in the Rhondda Valleys, south Wales, have a loving tribute to Sir Stanley in the form of their new "Sir Stanley Baker Lounge".  Officially opened by his widow, Ellen, Lady Baker, on Friday 24 November 2006, the day's events featured a presentation to Sir Stanley's sons and family members, and a fitting and moving tribute to the man himself via speeches and tales from celebrities and various local people who knew him best. The afternoon also featured a Radio Wales tribute to Sir Stanley, hosted by <physical_entity wordnetid="100001930" confidence="0.8">
<comedian wordnetid="109940146" confidence="0.8">
<communicator wordnetid="109610660" confidence="0.8">
<person wordnetid="100007846" confidence="0.8">
<performer wordnetid="110415638" confidence="0.8">
<singer wordnetid="110599806" confidence="0.8">
<musician wordnetid="110340312" confidence="0.8">
<causal_agent wordnetid="100007347" confidence="0.8">
<presenter wordnetid="110466387" confidence="0.8">
<entertainer wordnetid="109616922" confidence="0.8">
<link xlink:type="simple" xlink:href="../117/7005117.xml">
Owen Money</link></entertainer>
</presenter>
</causal_agent>
</musician>
</singer>
</performer>
</person>
</communicator>
</comedian>
</physical_entity>
 and recorded live in Ferndale RFC itself. The Sir Stanley Baker Lounge features many pictures and memorabilia from his successful career, including a wall plaque commemorating the official opening in both English and Welsh, and is a fitting tribute to Ferndale's most famous son.</p>

<sec>
<st>
Partial filmography</st>

<p>

<list>
<entry level="1" type="bullet">

<it><physical_entity wordnetid="100001930" confidence="0.8">
<representative wordnetid="110522035" confidence="0.8">
<communicator wordnetid="109610660" confidence="0.8">
<person wordnetid="100007846" confidence="0.8">
<secret_agent wordnetid="110569411" confidence="0.8">
<spy wordnetid="110641755" confidence="0.8">
<causal_agent wordnetid="100007347" confidence="0.8">
<agent wordnetid="109777353" confidence="0.8">
<negotiator wordnetid="110351874" confidence="0.8">
<link xlink:type="simple" xlink:href="../412/620412.xml">
Undercover</link></negotiator>
</agent>
</causal_agent>
</spy>
</secret_agent>
</person>
</communicator>
</representative>
</physical_entity>
</it> (1943)</entry>
<entry level="1" type="bullet">

<it><product wordnetid="104007894" confidence="0.8">
<creation wordnetid="103129123" confidence="0.8">
<artifact wordnetid="100021939" confidence="0.8">
<event wordnetid="100029378" confidence="0.8">
<social_event wordnetid="107288639" confidence="0.8">
<movie wordnetid="106613686" confidence="0.8">
<show wordnetid="106619065" confidence="0.8">
<psychological_feature wordnetid="100023100" confidence="0.8">
<link xlink:type="simple" xlink:href="../855/3587855.xml">
Cloudburst</link></psychological_feature>
</show>
</movie>
</social_event>
</event>
</artifact>
</creation>
</product>
</it> (1950)</entry>
<entry level="1" type="bullet">

<it><movie wordnetid="106613686" confidence="0.9508927676800064">
<link xlink:type="simple" xlink:href="../698/1022698.xml">
Captain Horatio Hornblower R.N.</link></movie>
</it> (1951)</entry>
<entry level="1" type="bullet">

<it><movie wordnetid="106613686" confidence="0.9508927676800064">
<link xlink:type="simple" xlink:href="../830/6703830.xml">
Knights of the Round Table</link></movie>
</it> (1953)</entry>
<entry level="1" type="bullet">

<it><movie wordnetid="106613686" confidence="0.9508927676800064">
<link xlink:type="simple" xlink:href="../912/1401912.xml">
The Cruel Sea</link></movie>
</it> (1953)</entry>
<entry level="1" type="bullet">

<it><movie wordnetid="106613686" confidence="0.9508927676800064">
<link xlink:type="simple" xlink:href="../166/15759166.xml">
The Red Beret</link></movie>
</it> (1953)</entry>
<entry level="1" type="bullet">

<it><product wordnetid="104007894" confidence="0.8">
<creation wordnetid="103129123" confidence="0.8">
<artifact wordnetid="100021939" confidence="0.8">
<event wordnetid="100029378" confidence="0.8">
<social_event wordnetid="107288639" confidence="0.8">
<movie wordnetid="106613686" confidence="0.8">
<show wordnetid="106619065" confidence="0.8">
<psychological_feature wordnetid="100023100" confidence="0.8">
<link xlink:type="simple" xlink:href="../379/76379.xml">
The Tell-Tale Heart</link></psychological_feature>
</show>
</movie>
</social_event>
</event>
</artifact>
</creation>
</product>
</it> (1953) (voice)</entry>
<entry level="1" type="bullet">

<it><product wordnetid="104007894" confidence="0.8">
<creation wordnetid="103129123" confidence="0.8">
<artifact wordnetid="100021939" confidence="0.8">
<event wordnetid="100029378" confidence="0.8">
<social_event wordnetid="107288639" confidence="0.8">
<movie wordnetid="106613686" confidence="0.8">
<show wordnetid="106619065" confidence="0.8">
<psychological_feature wordnetid="100023100" confidence="0.8">
<link xlink:type="simple" xlink:href="../698/7604698.xml">
The Good Die Young</link></psychological_feature>
</show>
</movie>
</social_event>
</event>
</artifact>
</creation>
</product>
</it> (1954)</entry>
<entry level="1" type="bullet">

<it><movie wordnetid="106613686" confidence="0.9508927676800064">
<link xlink:type="simple" xlink:href="../780/1345780.xml">
Richard III</link></movie>
</it> (1955)</entry>
<entry level="1" type="bullet">

<it><movie wordnetid="106613686" confidence="0.9508927676800064">
<link xlink:type="simple" xlink:href="../896/2254896.xml">
Helen of Troy</link></movie>
</it> (1956)</entry>
<entry level="1" type="bullet">

<it><movie wordnetid="106613686" confidence="0.9508927676800064">
<link xlink:type="simple" xlink:href="../643/1870643.xml">
Alexander the Great</link></movie>
</it> (1956)</entry>
<entry level="1" type="bullet">

<it><movie wordnetid="106613686" confidence="0.9508927676800064">
<link xlink:type="simple" xlink:href="../208/1194208.xml">
A Hill in Korea</link></movie>
</it> (1956)</entry>
<entry level="1" type="bullet">

<it><movie wordnetid="106613686" confidence="0.9508927676800064">
<link xlink:type="simple" xlink:href="../486/4566486.xml">
Hell Drivers</link></movie>
</it> (1957)</entry>
<entry level="1" type="bullet">

<it><link xlink:type="simple" xlink:href="../411/18907411.xml">
Campbell's Kingdom</link></it> (1957)</entry>
<entry level="1" type="bullet">

<it><link xlink:type="simple" xlink:href="../152/19133152.xml">
Blind Date</link></it> (1959)</entry>
<entry level="1" type="bullet">

<it><movie wordnetid="106613686" confidence="0.9508927676800064">
<link xlink:type="simple" xlink:href="../832/15591832.xml">
Jet Storm</link></movie>
</it> (1959)</entry>
<entry level="1" type="bullet">

<it><movie wordnetid="106613686" confidence="0.9508927676800064">
<link xlink:type="simple" xlink:href="../641/4241641.xml">
Hell Is a City</link></movie>
</it> (1960)</entry>
<entry level="1" type="bullet">

<it><movie wordnetid="106613686" confidence="0.9508927676800064">
<link xlink:type="simple" xlink:href="../559/6984559.xml">
The Guns of Navarone</link></movie>
</it> (1961)</entry>
<entry level="1" type="bullet">

<it><movie wordnetid="106613686" confidence="0.9508927676800064">
<link xlink:type="simple" xlink:href="../019/10973019.xml">
Eva</link></movie>
</it> (1962)</entry>
<entry level="1" type="bullet">

<it><link xlink:type="simple" xlink:href="../610/19267610.xml">
A Prize of Arms</link></it> (1962)</entry>
<entry level="1" type="bullet">

<it><link xlink:type="simple" xlink:href="../206/4845206.xml">
Sodom and Gomorrah</link></it> (1963)</entry>
<entry level="1" type="bullet">

<it><movie wordnetid="106613686" confidence="0.9508927676800064">
<link xlink:type="simple" xlink:href="../974/845974.xml">
Zulu</link></movie>
</it> (1964)</entry>
<entry level="1" type="bullet">

<it><movie wordnetid="106613686" confidence="0.9508927676800064">
<link xlink:type="simple" xlink:href="../339/5902339.xml">
Dingaka</link></movie>
</it> (1965)</entry>
<entry level="1" type="bullet">

<it><movie wordnetid="106613686" confidence="0.9508927676800064">
<link xlink:type="simple" xlink:href="../483/8900483.xml">
Sands of the Kalahari</link></movie>
</it> (1965)</entry>
<entry level="1" type="bullet">

<it><movie wordnetid="106613686" confidence="0.9508927676800064">
<link xlink:type="simple" xlink:href="../542/434542.xml">
Accident</link></movie>
</it> (1967)</entry>
<entry level="1" type="bullet">

<it><movie wordnetid="106613686" confidence="0.9508927676800064">
<link xlink:type="simple" xlink:href="../596/2421596.xml">
Robbery</link></movie>
</it> (1967)</entry>
<entry level="1" type="bullet">

<it><movie wordnetid="106613686" confidence="0.9508927676800064">
<link xlink:type="simple" xlink:href="../965/5904965.xml">
Perfect Friday</link></movie>
</it> (1970)</entry>
<entry level="1" type="bullet">

<it><movie wordnetid="106613686" confidence="0.9508927676800064">
<link xlink:type="simple" xlink:href="../276/8600276.xml">
A Lizard in a Woman's Skin</link></movie>
</it> (<it>Lucertola con la pelle di donna, Una</it>) (1971)</entry>
</list>
</p>


</sec>
<sec>
<st>
External links</st>
<p>

<list>
<entry level="1" type="bullet">

 <weblink xlink:type="simple" xlink:href="http://www.imdb.com/name/nm0048939/">
Stanley Baker</weblink> at the <web_site wordnetid="106359193" confidence="0.9508927676800064">
<link xlink:type="simple" xlink:href="../554/2855554.xml">
Internet Movie Database</link></web_site>
</entry>
<entry level="1" type="bullet">

 <weblink xlink:type="simple" xlink:href="http://www.screenonline.org.uk/people/id/509935/index.html">
Stanley Baker biography and credits at BFI Screenonline</weblink></entry>
<entry level="1" type="bullet">

 <weblink xlink:type="simple" xlink:href="http://www.ferndalerfc.com/stanley%20baker.htm">
Ferndale RFC official website - a report of the official opening of the "Sir Stanley Baker Lounge"</weblink></entry>
<entry level="1" type="bullet">

 <weblink xlink:type="simple" xlink:href="http://www.freewebs.com/stanleybaker/">
A Tribute site to Sir Stanley Baker</weblink></entry>
</list>
</p>



</sec>
</bdy>
</actor>
</person>
</article>
