<?xml version="1.0" encoding="UTF-8"?>
<!-- generated by CLiX/Wiki2XML [MPI-Inf, MMCI@UdS] $LastChangedRevision: 92 $ on 17.04.2009 00:28:47[mciao0828] -->
<!DOCTYPE article SYSTEM "../article.dtd">
<article xmlns:xlink="http://www.w3.org/1999/xlink">
<system  confidence="0.8" wordnetid="104377057">
<artifact  confidence="0.8" wordnetid="100021939">
<instrumentality  confidence="0.8" wordnetid="103575240">
<entity  confidence="0.9511911446218017" wordnetid="100001740">
<header>
<title>Database storage structures</title>
<id>10983365</id>
<revision>
<id>217352650</id>
<timestamp>2008-06-05T17:39:25Z</timestamp>
<contributor>
<username>SmackBot</username>
<id>433328</id>
</contributor>
</revision>
<categories>
<category>Databases</category>
<category>Articles to be expanded since June 2008</category>
<category>Database management systems</category>
<category>All articles to be expanded</category>
<category>Database theory</category>
</categories>
</header>
<bdy>

Database tables/indexes are typically stored in memory or on hard disk in one of many forms, ordered/unordered <link xlink:type="simple" xlink:href="../973/573973.xml">
Flat files</link>, <system wordnetid="104377057" confidence="0.8">
<artifact wordnetid="100021939" confidence="0.8">
<instrumentality wordnetid="103575240" confidence="0.8">
<link xlink:type="simple" xlink:href="../763/252763.xml">
ISAM</link></instrumentality>
</artifact>
</system>
, <link xlink:type="simple" xlink:href="../996/13996.xml">
Heaps</link>, <event wordnetid="100029378" confidence="0.8">
<rule wordnetid="105846932" confidence="0.8">
<act wordnetid="100030358" confidence="0.8">
<psychological_feature wordnetid="100023100" confidence="0.8">
<procedure wordnetid="101023820" confidence="0.8">
<activity wordnetid="100407535" confidence="0.8">
<algorithm wordnetid="105847438" confidence="0.8">
<link xlink:type="simple" xlink:href="../833/13833.xml">
Hash buckets</link></algorithm>
</activity>
</procedure>
</psychological_feature>
</act>
</rule>
</event>
 or <link xlink:type="simple" xlink:href="../443/1326443.xml">
B+ Trees</link>. These have various advantages and disadvantages discussed in this topic. The most commonly used are B+trees and ISAM.
<sec>
<st>
Methods</st>

<ss1>
<st>
Flat files</st>

<p>

<indent level="1">

<it>Main article: <link xlink:type="simple" xlink:href="../973/573973.xml">
Flat file database</link></it>
</indent>
A <b>flat file database</b> describes any of various means to encode a <link xlink:type="simple" xlink:href="../871/82871.xml">
data model</link> (most commonly a <link xlink:type="simple" xlink:href="../163/1701163.xml">
table</link>) as a <link xlink:type="simple" xlink:href="../030/25030.xml">
plain text</link> file. 
</p>
<ss2>
<st>
Unordered</st>

<p>

<table class="metadata plainlinks ambox ">
<row>
<col>

ambox-notice" style=""</col>
</row>
<row>
<col class="mbox-image"><p>

<image width="36px" src="Wiki_letter_w.svg">
</image>
</p>
</col>
<col style="" class="mbox-text">
 <b>Please help <weblink xlink:type="simple" xlink:href="http://localhost:18088/wiki/index.php?title=Database_storage_structures&amp;action=edit">
improve this section</weblink> by expanding it.</b> Further information might be found on the  or at . 
<it>(June 2008)''</it></col>
</row>
</table>


<b>Unordered</b> storage typically stores the records in the order they are inserted, while having good insertion efficiency, it may seem that it would have inefficient retrieval times, but this is usually never the case as most databases use <link xlink:type="simple" xlink:href="../076/1711076.xml">
indexes</link> on the primary keys, resulting in efficient retrieval times.</p>

</ss2>
<ss2>
<st>
Ordered</st>

<p>

<table class="metadata plainlinks ambox ">
<row>
<col>

ambox-notice" style=""</col>
</row>
<row>
<col class="mbox-image"><p>

<image width="36px" src="Wiki_letter_w.svg">
</image>
</p>
</col>
<col style="" class="mbox-text">
 <b>Please help <weblink xlink:type="simple" xlink:href="http://localhost:18088/wiki/index.php?title=Database_storage_structures&amp;action=edit">
improve this section</weblink> by expanding it.</b> Further information might be found on the  or at . 
<it>(June 2008)''</it></col>
</row>
</table>


<b>Ordered</b> or <link xlink:type="simple" xlink:href="../167/18167.xml">
Linked list</link> storage typically stores the records in order and may have to rearrange or increase the file size in the case a record is inserted, this is very inefficient. However is better for retrieval as the records are pre-sorted (Complexity O(log(n))).</p>

</ss2>
</ss1>
<ss1>
<st>
Structured files</st>

<ss2>
<st>
Heaps</st>
<p>

<list>
<entry level="1" type="bullet">

 simplest and most basic method </entry>
<entry level="2" type="bullet">

 insert efficient, records added at end of file – ‘chronological’ order </entry>
<entry level="2" type="bullet">

 retrieval inefficient as searching has to be linear </entry>
<entry level="2" type="bullet">

 deletion – deleted records marked </entry>
</list>

requires periodic reorganization if file is very volatile 
<list>
<entry level="1" type="bullet">

 advantages </entry>
<entry level="2" type="bullet">

 good for bulk loading data </entry>
<entry level="2" type="bullet">

 good for relatively small relations as indexing overheads are avoided </entry>
<entry level="2" type="bullet">

 good when retrievals involve large proportion of records </entry>
<entry level="1" type="bullet">

 disadvantages </entry>
<entry level="2" type="bullet">

 not efficient for selective retrieval using key values, especially if large </entry>
<entry level="2" type="bullet">

 sorting may be time-consuming </entry>
<entry level="1" type="bullet">

 not suitable for ‘volatile’ tables </entry>
</list>

</p>
</ss2>
<ss2>
<st>
Hash buckets</st>
<p>

<list>
<entry level="1" type="bullet">

 Hash functions calculate the address of the page in which the record is to be stored based on one or more fields in the record </entry>
<entry level="2" type="bullet">

 Hashing functions chosen to ensure that addresses are spread evenly across the address space </entry>
<entry level="2" type="bullet">

 ‘occupancy’ is generally 40% – 60% of total file size </entry>
<entry level="2" type="bullet">

 unique address not guaranteed so collision detection and collision resolution mechanisms are required </entry>
<entry level="1" type="bullet">

 open addressing </entry>
<entry level="1" type="bullet">

 chained/unchained overflow </entry>
<entry level="1" type="bullet">

 pros and cons </entry>
<entry level="2" type="bullet">

 efficient for exact matches on key field </entry>
<entry level="2" type="bullet">

 not suitable for range retrieval, which requires sequential storage</entry>
<entry level="2" type="bullet">

 calculates where the record is stored based on fields in the record</entry>
<entry level="2" type="bullet">

 hash functions ensure even spread of data </entry>
<entry level="2" type="bullet">

 collisions are possible, so collision detection and restoration is required</entry>
</list>
</p>

</ss2>
<ss2>
<st>
B+ trees</st>
<p>

These are the most used in practice. 
<list>
<entry level="1" type="bullet">

 the time taken to access any tuple is the same because same number of nodes searched </entry>
<entry level="1" type="bullet">

 index is a full index so data file does not have to be ordered </entry>
<entry level="1" type="bullet">

 Pros and cons </entry>
<entry level="2" type="bullet">

 versatile data structure – sequential as well as random access </entry>
<entry level="2" type="bullet">

 access is fast </entry>
<entry level="2" type="bullet">

 supports exact, range, part key and pattern matches efficiently </entry>
<entry level="2" type="bullet">

 ‘volatile’ files are handled efficiently because index is dynamic – expands and contracts as table grows and shrinks </entry>
<entry level="2" type="bullet">

 less well suited to relatively stable files – in this case, ISAM is more efficient</entry>
</list>

</p>
</ss2>
<ss2>
<st>
ISAM</st>

<p>

<table class="metadata plainlinks ambox ">
<row>
<col>

ambox-notice" style=""</col>
</row>
<row>
<col class="mbox-image"><p>

<image width="36px" src="Wiki_letter_w.svg">
</image>
</p>
</col>
<col style="" class="mbox-text">
 <b>Please help <weblink xlink:type="simple" xlink:href="http://localhost:18088/wiki/index.php?title=Database_storage_structures&amp;action=edit">
improve this section</weblink> by expanding it.</b> Further information might be found on the  or at . 
<it>(June 2008)''</it></col>
</row>
</table>

</p>

</ss2>
</ss1>
</sec>
<sec>
<st>
See also</st>
<p>

<list>
<entry level="1" type="bullet">

<system wordnetid="104377057" confidence="0.8">
<artifact wordnetid="100021939" confidence="0.8">
<instrumentality wordnetid="103575240" confidence="0.8">
<link xlink:type="simple" xlink:href="../763/252763.xml">
ISAM</link></instrumentality>
</artifact>
</system>
</entry>
<entry level="1" type="bullet">

<link xlink:type="simple" xlink:href="../443/1326443.xml">
B+tree</link></entry>
<entry level="1" type="bullet">

<link xlink:type="simple" xlink:href="../973/573973.xml">
Flat file database</link></entry>
<entry level="1" type="bullet">

<link xlink:type="simple" xlink:href="../833/13833.xml">
Hash tables</link></entry>
<entry level="1" type="bullet">

<link xlink:type="simple" xlink:href="../996/13996.xml">
Heaps</link></entry>
</list>
</p>
<p>

<table style=";" class="navbox" cellspacing="0">
<row>
<col style="padding:2px;">
<table style="width:100%;background:transparent;color:inherit;;" class="nowraplinks collapsible autocollapse " cellspacing="0">
<row>
<header colspan="2" style=";" class="navbox-title">
<link xlink:type="simple" xlink:href="../513/8513.xml">
Database management system</link>s</header>
</row>
<row style="height:2px;">

</row>
<row>
<col colspan="2" style=";" class="navbox-abovebelow">
<system wordnetid="104377057" confidence="0.8">
<artifact wordnetid="100021939" confidence="0.8">
<instrumentality wordnetid="103575240" confidence="0.8">
<link xlink:type="simple" xlink:href="../520/10973520.xml">
Database models</link></instrumentality>
</artifact>
</system>

&nbsp;·  <relationship wordnetid="113928668" confidence="0.8">
<confinement wordnetid="113998576" confidence="0.8">
<state wordnetid="100024720" confidence="0.8">
<subjugation wordnetid="113996300" confidence="0.8">
<constraint wordnetid="113998781" confidence="0.8">
<link xlink:type="simple" xlink:href="../640/8640.xml">
Database normalization</link></constraint>
</subjugation>
</state>
</confinement>
</relationship>
&nbsp;·  <system wordnetid="104377057" confidence="0.8">
<artifact wordnetid="100021939" confidence="0.8">
<instrumentality wordnetid="103575240" confidence="0.8">
<link xlink:type="simple" xlink:href="../365/10983365.xml">
Database storage</link></instrumentality>
</artifact>
</system>
&nbsp;·  <system wordnetid="104377057" confidence="0.8">
<artifact wordnetid="100021939" confidence="0.8">
<instrumentality wordnetid="103575240" confidence="0.8">
<link xlink:type="simple" xlink:href="../515/1990515.xml">
Distributed DBMS</link></instrumentality>
</artifact>
</system>
&nbsp;·  <link xlink:type="simple" xlink:href="../718/445718.xml">
Referential integrity</link>&nbsp;·  <link xlink:type="simple" xlink:href="../285/175285.xml">
Relational algebra</link>&nbsp;·  <link xlink:type="simple" xlink:href="../769/175769.xml">
Relational calculus</link>&nbsp;·  <link xlink:type="simple" xlink:href="../873/25873.xml">
Relational database</link>&nbsp;·  <link xlink:type="simple" xlink:href="../743/98743.xml">
Relational DBMS</link>&nbsp;·  <link xlink:type="simple" xlink:href="../220/26220.xml">
Relational model</link>&nbsp;·  <system wordnetid="104377057" confidence="0.8">
<artifact wordnetid="100021939" confidence="0.8">
<instrumentality wordnetid="103575240" confidence="0.8">
<link xlink:type="simple" xlink:href="../960/68960.xml">
Object-relational database</link></instrumentality>
</artifact>
</system>
&nbsp;·  <link xlink:type="simple" xlink:href="../409/212409.xml">
Transaction processing</link></col>
</row>
<row style="height:2px;">

</row>
<row>
<col style=";;" class="navbox-group">
Concepts</col>
<col style="text-align:left;border-left:2px solid #fdfdfd;width:100%;padding:0px;;;" class="navbox-list navbox-odd">
<link xlink:type="simple" xlink:href="../377/8377.xml">
Database</link>&nbsp;·  <link xlink:type="simple" xlink:href="../776/60776.xml">
ACID</link>&nbsp;·  <link xlink:type="simple" xlink:href="../180/287180.xml">
CRUD</link>&nbsp;·  <link xlink:type="simple" xlink:href="../540/2002540.xml">
Null</link>&nbsp;·  <link xlink:type="simple" xlink:href="../975/336975.xml">
Candidate key</link>&nbsp;·  <link xlink:type="simple" xlink:href="../065/259065.xml">
Foreign key</link>&nbsp;·  <link xlink:type="simple" xlink:href="../099/6850099.xml">
Primary key</link>&nbsp;·  <link xlink:type="simple" xlink:href="../952/1137952.xml">
Superkey</link>&nbsp;·  <link xlink:type="simple" xlink:href="../950/472950.xml">
Surrogate key</link></col>
</row>
<row style="height:2px">

</row>
<row>
<col style=";;" class="navbox-group">
Objects</col>
<col style="text-align:left;border-left:2px solid #fdfdfd;width:100%;padding:0px;;;" class="navbox-list navbox-even">
<system wordnetid="104377057" confidence="0.8">
<artifact wordnetid="100021939" confidence="0.8">
<instrumentality wordnetid="103575240" confidence="0.8">
<link xlink:type="simple" xlink:href="../316/1384316.xml">
Trigger</link></instrumentality>
</artifact>
</system>
&nbsp;·  <system wordnetid="104377057" confidence="0.8">
<artifact wordnetid="100021939" confidence="0.8">
<instrumentality wordnetid="103575240" confidence="0.8">
<link xlink:type="simple" xlink:href="../226/1960226.xml">
View</link></instrumentality>
</artifact>
</system>
&nbsp;·  <link xlink:type="simple" xlink:href="../163/1701163.xml">
Table</link>&nbsp;·  <system wordnetid="104377057" confidence="0.8">
<artifact wordnetid="100021939" confidence="0.8">
<instrumentality wordnetid="103575240" confidence="0.8">
<link xlink:type="simple" xlink:href="../836/2104836.xml">
Cursor</link></instrumentality>
</artifact>
</system>
&nbsp;·  <system wordnetid="104377057" confidence="0.8">
<artifact wordnetid="100021939" confidence="0.8">
<instrumentality wordnetid="103575240" confidence="0.8">
<link xlink:type="simple" xlink:href="../974/245974.xml">
Log</link></instrumentality>
</artifact>
</system>
&nbsp;·  <link xlink:type="simple" xlink:href="../953/233953.xml">
Transaction</link>&nbsp;·  <link xlink:type="simple" xlink:href="../076/1711076.xml">
Index</link>&nbsp;·  <system wordnetid="104377057" confidence="0.8">
<artifact wordnetid="100021939" confidence="0.8">
<instrumentality wordnetid="103575240" confidence="0.8">
<link xlink:type="simple" xlink:href="../251/277251.xml">
Stored procedure</link></instrumentality>
</artifact>
</system>
&nbsp;·  <system wordnetid="104377057" confidence="0.8">
<artifact wordnetid="100021939" confidence="0.8">
<instrumentality wordnetid="103575240" confidence="0.8">
<link xlink:type="simple" xlink:href="../101/1983101.xml">
Partition</link></instrumentality>
</artifact>
</system>
</col>
</row>
<row style="height:2px">

</row>
<row>
<col style=";;" class="navbox-group">
<programming_language wordnetid="106898352" confidence="0.9508927676800064">
<link xlink:type="simple" xlink:href="../004/29004.xml">
SQL</link></programming_language>
</col>
<col style="text-align:left;border-left:2px solid #fdfdfd;width:100%;padding:0px;;;" class="navbox-list navbox-odd">
<link xlink:type="simple" xlink:href="../285/665285.xml">
Select</link>&nbsp;·  <link xlink:type="simple" xlink:href="../237/903237.xml">
Insert</link>&nbsp;·  <link xlink:type="simple" xlink:href="../573/1220573.xml">
Update</link>&nbsp;·  <link xlink:type="simple" xlink:href="../931/4347931.xml">
Merge</link>&nbsp;·  <link xlink:type="simple" xlink:href="../216/1701216.xml">
Delete</link>&nbsp;·  <link xlink:type="simple" xlink:href="../204/665204.xml">
Join</link>&nbsp;·  <link xlink:type="simple" xlink:href="../258/11308258.xml">
Union</link>&nbsp;·  <link xlink:type="simple" xlink:href="../018/452018.xml">
Create</link>&nbsp;·  <link xlink:type="simple" xlink:href="../018/452018.xml">
Drop</link>&nbsp;·  <link xlink:type="simple" xlink:href="../953/233953.xml#xpointer(//*[./st=%22In+SQL%22])">
Begin work</link>&nbsp;·  <link xlink:type="simple" xlink:href="../958/1626958.xml">
Commit</link>&nbsp;·  <link xlink:type="simple" xlink:href="../240/1015240.xml">
Rollback</link>&nbsp;·  <link xlink:type="simple" xlink:href="../664/2554664.xml">
Truncate</link>&nbsp;·  <link xlink:type="simple" xlink:href="../018/452018.xml">
Alter</link>&nbsp;·  <link xlink:type="simple" xlink:href="../499/19041499.xml">
XSQL</link></col>
</row>
<row style="height:2px">

</row>
<row>
<col style=";;" class="navbox-group">
Implementations</col>
<col style="text-align:left;border-left:2px solid #fdfdfd;width:100%;padding:0px;;;" class="navbox-list navbox-even">
<link xlink:type="simple" xlink:href="../873/25873.xml">
Relational</link>&nbsp;·  <link xlink:type="simple" xlink:href="../973/573973.xml">
Flat file</link>&nbsp;·  <link xlink:type="simple" xlink:href="../069/1971069.xml">
Deductive</link>&nbsp;·  <link xlink:type="simple" xlink:href="../079/12321079.xml">
Dimensional</link>&nbsp;·  <link xlink:type="simple" xlink:href="../075/247075.xml">
Hierarchical</link>&nbsp;·  <link xlink:type="simple" xlink:href="../098/185098.xml">
Network</link>&nbsp;·  <system wordnetid="104377057" confidence="0.8">
<artifact wordnetid="100021939" confidence="0.8">
<instrumentality wordnetid="103575240" confidence="0.8">
<link xlink:type="simple" xlink:href="../414/15002414.xml">
Document-oriented</link></instrumentality>
</artifact>
</system>
&nbsp;·  <system wordnetid="104377057" confidence="0.8">
<artifact wordnetid="100021939" confidence="0.8">
<instrumentality wordnetid="103575240" confidence="0.8">
<link xlink:type="simple" xlink:href="../826/22826.xml">
Object-oriented</link></instrumentality>
</artifact>
</system>
&nbsp;·  <system wordnetid="104377057" confidence="0.8">
<artifact wordnetid="100021939" confidence="0.8">
<instrumentality wordnetid="103575240" confidence="0.8">
<link xlink:type="simple" xlink:href="../960/68960.xml">
Object-relational</link></instrumentality>
</artifact>
</system>
&nbsp;·  <system wordnetid="104377057" confidence="0.8">
<artifact wordnetid="100021939" confidence="0.8">
<instrumentality wordnetid="103575240" confidence="0.8">
<link xlink:type="simple" xlink:href="../471/1252471.xml">
Temporal</link></instrumentality>
</artifact>
</system>
&nbsp;·  <link xlink:type="simple" xlink:href="../351/1442351.xml">
XML data stores</link>&nbsp;·  <link xlink:type="simple" xlink:href="../386/16727386.xml">
Triple stores</link></col>
</row>
<row style="height:2px">

</row>
<row>
<col style=";;" class="navbox-group">
Components</col>
<col style="text-align:left;border-left:2px solid #fdfdfd;width:100%;padding:0px;;;" class="navbox-list navbox-odd">
<link xlink:type="simple" xlink:href="../356/217356.xml">
Concurrency control</link>&nbsp;·  <link xlink:type="simple" xlink:href="../139/645139.xml">
Data dictionary</link>&nbsp;·  <link xlink:type="simple" xlink:href="../755/42755.xml">
JDBC</link>&nbsp;·  <link xlink:type="simple" xlink:href="../701/168701.xml">
ODBC</link>&nbsp;·  <link xlink:type="simple" xlink:href="../528/494528.xml">
Query language</link>&nbsp;·  <system wordnetid="104377057" confidence="0.8">
<artifact wordnetid="100021939" confidence="0.8">
<instrumentality wordnetid="103575240" confidence="0.8">
<event wordnetid="100029378" confidence="0.8">
<rule wordnetid="105846932" confidence="0.8">
<act wordnetid="100030358" confidence="0.8">
<psychological_feature wordnetid="100023100" confidence="0.8">
<procedure wordnetid="101023820" confidence="0.8">
<activity wordnetid="100407535" confidence="0.8">
<algorithm wordnetid="105847438" confidence="0.8">
<link xlink:type="simple" xlink:href="../441/1732441.xml">
Query optimizer</link></algorithm>
</activity>
</procedure>
</psychological_feature>
</act>
</rule>
</event>
</instrumentality>
</artifact>
</system>
&nbsp;·  <system wordnetid="104377057" confidence="0.8">
<artifact wordnetid="100021939" confidence="0.8">
<instrumentality wordnetid="103575240" confidence="0.8">
<link xlink:type="simple" xlink:href="../792/1710792.xml">
Query plan</link></instrumentality>
</artifact>
</system>
</col>
</row>
<row style="height:2px;">

</row>
<row>
<col colspan="2" style=";" class="navbox-abovebelow">
<b>Database products:</b> <link xlink:type="simple" xlink:href="../860/1568860.xml">
Object-oriented</link> (<link xlink:type="simple" xlink:href="../534/1593534.xml">
comparison</link>)
&nbsp;·  <link xlink:type="simple" xlink:href="../820/1568820.xml">
Relational</link> (<link xlink:type="simple" xlink:href="../036/1569036.xml">
comparison</link>)&nbsp;·  <system wordnetid="104377057" confidence="0.8">
<artifact wordnetid="100021939" confidence="0.8">
<instrumentality wordnetid="103575240" confidence="0.8">
<link xlink:type="simple" xlink:href="../414/15002414.xml">
Document-oriented</link></instrumentality>
</artifact>
</system>
</col>
</row>
</table>
</col>
</row>
</table>

</p>

</sec>
</bdy>
</entity>
</instrumentality>
</artifact>
</system>
</article>
