<?xml version="1.0" encoding="UTF-8"?>
<!-- generated by CLiX/Wiki2XML [MPI-Inf, MMCI@UdS] $LastChangedRevision: 92 $ on 16.04.2009 18:07:16[mciao0827] -->
<!DOCTYPE article SYSTEM "../article.dtd">
<article xmlns:xlink="http://www.w3.org/1999/xlink">
<entity  confidence="0.9511911446218017" wordnetid="100001740">
<header>
<title>Strong pseudoprime</title>
<id>1100422</id>
<revision>
<id>234653438</id>
<timestamp>2008-08-27T21:30:25Z</timestamp>
<contributor>
<username>David Cooke</username>
<id>1110407</id>
</contributor>
</revision>
<categories>
<category>Pseudoprimes</category>
</categories>
</header>
<bdy>

In <link xlink:type="simple" xlink:href="../527/21527.xml">
number theory</link>, a <b>strong pseudoprime</b> is a <link xlink:type="simple" xlink:href="../289/82289.xml">
composite number</link> that passes a pseudoprimality test. All primes pass this test, but a small fraction of composites pass as well, making them "<link xlink:type="simple" xlink:href="../891/45891.xml">
false primes</link>". Unlike the <link xlink:type="simple" xlink:href="../891/45891.xml">
Fermat pseudoprimes</link>, for which there exist numbers that are <link xlink:type="simple" xlink:href="../891/45891.xml">
pseudoprimes</link> to all bases (the <link xlink:type="simple" xlink:href="../723/7723.xml">
Carmichael numbers</link>), there are no composites that are strong pseudoprimes to all bases.
<sec>
<st>
 Formal definition </st>

<p>

Formally, a composite number <it>n</it> = <it>d</it> · 2<it>s</it> + 1 is called a strong pseudoprime to a <link xlink:type="simple" xlink:href="../556/6556.xml">
relatively prime</link> base <it>a</it> <link xlink:type="simple" xlink:href="../922/14922.xml">
iff</link> one of the following conditions hold:</p>
<p>

<indent level="1">

 <math>a^d\equiv 1\mod n</math>
</indent>

<indent level="1">

 <math>a^{d\cdot 2^r}\equiv -1\mod n\quad\mbox{ for some }0\leq r\leq(s-1)</math>
</indent>

The definition of a strong pseudoprime depends on the base used; different bases have different strong pseudoprimes.</p>
<p>

It should be noted, however, that <physical_entity wordnetid="100001930" confidence="0.8">
<person wordnetid="100007846" confidence="0.8">
<causal_agent wordnetid="100007347" confidence="0.8">
<scientist wordnetid="110560637" confidence="0.8">
<mathematician wordnetid="110301261" confidence="0.8">
<link xlink:type="simple" xlink:href="../308/816308.xml">
Guy</link></mathematician>
</scientist>
</causal_agent>
</person>
</physical_entity>
 uses a definition with only the first condition <ref xlink:type="simple" xlink:href="#xpointer(//reflist/entry[@id=%221%22])">1</ref>. Because not all primes pass that condition, this definition of 'strong pseudoprimes' resembles the primes less closely.</p>

</sec>
<sec>
<st>
 Properties of strong pseudoprimes </st>

<p>

A strong pseudoprime to base <it>a</it> is always an <link xlink:type="simple" xlink:href="../261/225261.xml">
Euler pseudoprime</link> <ref xlink:type="simple" xlink:href="#xpointer(//reflist/entry[@id=%222%22])">2</ref> and a <link xlink:type="simple" xlink:href="../891/45891.xml">
Fermat pseudoprime</link> to that base, but not all Euler and Fermat pseudoprimes are strong pseudoprimes. Some <series wordnetid="108457976" confidence="0.8">
<arrangement wordnetid="107938773" confidence="0.8">
<sequence wordnetid="108459252" confidence="0.8">
<ordering wordnetid="108456993" confidence="0.8">
<group wordnetid="100031264" confidence="0.8">
<link xlink:type="simple" xlink:href="../723/7723.xml">
Carmichael number</link></group>
</ordering>
</sequence>
</arrangement>
</series>
s are also strong pseudoprimes.</p>
<p>

A composite number <it>n</it> is a strong pseudoprime to at most one quarter of all bases below <it>n</it> <ref xlink:type="simple" xlink:href="#xpointer(//reflist/entry[@id=%223%22])">3</ref><ref xlink:type="simple" xlink:href="#xpointer(//reflist/entry[@id=%224%22])">4</ref>; thus, there are no "strong Carmichael numbers", numbers that are strong pseudoprimes to all bases. Thus given a random base, the probability that a number is a strong pseudoprime to that base is less than 1/4, forming the basis of the widely-used <region wordnetid="108630985" confidence="0.8">
<process wordnetid="105701363" confidence="0.8">
<field wordnetid="108569998" confidence="0.8">
<inquiry wordnetid="105797597" confidence="0.8">
<thinking wordnetid="105770926" confidence="0.8">
<location wordnetid="100027167" confidence="0.8">
<tract wordnetid="108673395" confidence="0.8">
<problem_solving wordnetid="105796750" confidence="0.8">
<experiment wordnetid="105798043" confidence="0.8">
<geographical_area wordnetid="108574314" confidence="0.8">
<trial wordnetid="105799212" confidence="0.8">
<higher_cognitive_process wordnetid="105770664" confidence="0.8">
<link xlink:type="simple" xlink:href="../999/188999.xml">
Miller-Rabin primality test</link></higher_cognitive_process>
</trial>
</geographical_area>
</experiment>
</problem_solving>
</tract>
</location>
</thinking>
</inquiry>
</field>
</process>
</region>
. However, there are still infinitely many strong pseudoprimes to any base<ref xlink:type="simple" xlink:href="#xpointer(//reflist/entry[@id=%222%22])">2</ref>.</p>

</sec>
<sec>
<st>
 Examples </st>

<p>

The first strong pseudoprimes to base 2 are
<indent level="1">

2047, 3277, 4033, 4681, 8321, 15841, 29341, 42799, 49141, 52633, 65281, 74665, 80581, 85489, 88357, 90751, ... (sequence <weblink xlink:type="simple" xlink:href="http://www.research.att.com/cgi-bin/access.cgi/as/njas/sequences/eisA.cgi?Anum=A001262">
A001262</weblink> in <series wordnetid="108457976" confidence="0.8">
<arrangement wordnetid="107938773" confidence="0.8">
<sequence wordnetid="108459252" confidence="0.8">
<ordering wordnetid="108456993" confidence="0.8">
<group wordnetid="100031264" confidence="0.8">
<link xlink:type="simple" xlink:href="../004/500004.xml">
OEIS</link></group>
</ordering>
</sequence>
</arrangement>
</series>
).
</indent>
The first to base 3 are
<indent level="1">

121, 703, 1891, 3281, 8401, 8911, 10585, 12403, 16531, 18721, 19345, 23521, 31621, 44287, 47197, 55969, 63139, 74593, 79003, 82513, 87913, 88573, 97567, ... (<weblink xlink:type="simple" xlink:href="http://www.research.att.com/cgi-bin/access.cgi/as/njas/sequences/eisA.cgi?Anum=A020229">
A020229</weblink>).
</indent>
The first to base 5 are
<indent level="1">

781, 1541, 5461, 5611, 7813, 13021, 14981, 15751, 24211, 25351, 29539, 38081, 40501, 44801, 53971, 79381, ... (<weblink xlink:type="simple" xlink:href="http://www.research.att.com/cgi-bin/access.cgi/as/njas/sequences/eisA.cgi?Anum=A020231">
A020231</weblink>).
</indent>

</p>
</sec>
<sec>
<st>
 References </st>


<p>

<reflist>
<entry id="1">
<physical_entity wordnetid="100001930" confidence="0.8">
<person wordnetid="100007846" confidence="0.8">
<causal_agent wordnetid="100007347" confidence="0.8">
<scientist wordnetid="110560637" confidence="0.8">
<mathematician wordnetid="110301261" confidence="0.8">
<link xlink:type="simple" xlink:href="../308/816308.xml">
Guy</link></mathematician>
</scientist>
</causal_agent>
</person>
</physical_entity>
, <it>Pseudoprimes. Euler Pseudoprimes. Strong Pseudoprimes.</it> |A12 in <it>Unsolved Problems in Number Theory</it>, 2nd ed. New York: Springer-Verlag, pp. 27-30, 1994.</entry>
<entry id="2">
<physical_entity wordnetid="100001930" confidence="0.8">
<person wordnetid="100007846" confidence="0.8">
<causal_agent wordnetid="100007347" confidence="0.8">
<scientist wordnetid="110560637" confidence="0.8">
<mathematician wordnetid="110301261" confidence="0.8">
<link xlink:type="simple" xlink:href="../159/2134159.xml">
Pomerance</link></mathematician>
</scientist>
</causal_agent>
</person>
</physical_entity>
, <physical_entity wordnetid="100001930" confidence="0.8">
<person wordnetid="100007846" confidence="0.8">
<causal_agent wordnetid="100007347" confidence="0.8">
<scientist wordnetid="110560637" confidence="0.8">
<mathematician wordnetid="110301261" confidence="0.8">
<link xlink:type="simple" xlink:href="../084/995084.xml">
Selfridge</link></mathematician>
</scientist>
</causal_agent>
</person>
</physical_entity>
 and <physical_entity wordnetid="100001930" confidence="0.8">
<person wordnetid="100007846" confidence="0.8">
<intellectual wordnetid="109621545" confidence="0.8">
<alumnus wordnetid="109786338" confidence="0.8">
<causal_agent wordnetid="100007347" confidence="0.8">
<scholar wordnetid="110557854" confidence="0.8">
<link xlink:type="simple" xlink:href="../685/1583685.xml">
Wagstaff</link></scholar>
</causal_agent>
</alumnus>
</intellectual>
</person>
</physical_entity>
, <it>The pseudoprimes to 25 · 109.</it> <it>Mathematics of Computation</it>, 35:151 pp. 1003-1026, 1980.</entry>
<entry id="3">
<physical_entity wordnetid="100001930" confidence="0.8">
<person wordnetid="100007846" confidence="0.8">
<worker wordnetid="109632518" confidence="0.8">
<causal_agent wordnetid="100007347" confidence="0.8">
<employee wordnetid="110053808" confidence="0.8">
<link xlink:type="simple" xlink:href="../930/2468930.xml">
Monier</link></employee>
</causal_agent>
</worker>
</person>
</physical_entity>
, <it>Evaluation and Comparison of Two Efficient Probabilistic Primality Testing Algorithms.</it> <it>Theoretical Computer Science</it>, 12 pp. 97-108, 1980.</entry>
<entry id="4">
<person wordnetid="100007846" confidence="0.9508927676800064">
<scientist wordnetid="110560637" confidence="0.9508927676800064">
<link xlink:type="simple" xlink:href="../404/298404.xml">
Rabin</link></scientist>
</person>
, <it>Probabilistic Algorithm for Testing Primality.</it> <it>Journal of Number Theory</it>, 12 pp. 128-138, 1980.</entry>
</reflist>
</p>


</sec>
</bdy>
</entity>
</article>
