<?xml version="1.0" encoding="UTF-8"?>
<!-- generated by CLiX/Wiki2XML [MPI-Inf, MMCI@UdS] $LastChangedRevision: 92 $ on 17.04.2009 00:30:12[mciao0828] -->
<!DOCTYPE article SYSTEM "../article.dtd">
<article xmlns:xlink="http://www.w3.org/1999/xlink">
<property  confidence="0.9511911446218017" wordnetid="113244109">
<web_site  confidence="0.9508927676800064" wordnetid="106359193">
<header>
<title>Digg</title>
<id>11041618</id>
<revision>
<id>244159144</id>
<timestamp>2008-10-09T16:14:20Z</timestamp>
<contributor>
<username>Rlandmann</username>
<id>8817</id>
</contributor>
</revision>
<categories>
<category>Web 2.0</category>
<category>Social bookmarking</category>
<category>Social Information Processing</category>
<category>Internet properties established in 2004</category>
<category>Community websites</category>
<category>Blogs</category>
<category>News websites</category>
</categories>
</header>
<bdy>
<template>
<name>Infobox Website</name>
<parameters>
<logo>
<image location="center" width="125px" src="Digg_new.svg">
<caption>

Digg
</caption>
</image>
</logo>
<caption>
Digg main page as of <link xlink:type="simple" xlink:href="../530/27530.xml">
September 1</link>, <link xlink:type="simple" xlink:href="../165/36165.xml">
2007</link>.</caption>
<type>
News aggregator/Social content website</type>
<registration>
Free</registration>
<url>
<weblink xlink:type="simple" xlink:href="http://www.digg.com/">
www.digg.com</weblink></url>
<launch_date>
<link xlink:type="simple" xlink:href="../354/8354.xml">
December 4</link>, <link xlink:type="simple" xlink:href="../524/35524.xml">
2004</link></launch_date>
<author>
<celebrity wordnetid="109903153" confidence="0.9508927676800064">
<link xlink:type="simple" xlink:href="../396/11015396.xml">
Kevin Rose</link></celebrity>
</author>
<name>
Digg<image width="25px" src="Digg_logo.png">
<caption>

Digg logo
</caption>
</image>
</name>
<owner>
Digg, Inc.</owner>
<commercial>
Yes</commercial>
<current_version>
4.0</current_version>
<employees>
21</employees>
</parameters>
</template>


This article is about the website.&#32;&#32;For the word "dig", see <link xlink:type="simple" xlink:href="../160/2118160.xml">
Dig</link>.&#32;&#32;
<p>

<b>Digg</b> is a <link xlink:type="simple" xlink:href="../898/33898.xml">
website</link> made for people to discover and share content from anywhere on the <link xlink:type="simple" xlink:href="../539/14539.xml">
Internet</link>, by submitting links and stories, and voting and commenting on submitted links and stories. Voting stories up and down is the site's cornerstone function, respectively called <it>digging</it> and <it>burying</it>. Many stories get submitted every day, but only the most <it>dugg</it> stories appear on the front page.</p>
<p>

Digg's popularity has prompted the creation of other <link xlink:type="simple" xlink:href="../117/2041117.xml">
social networking</link> sites with story submission and voting systems.<ref xlink:type="simple" xlink:href="#xpointer(//reflist/entry[@id=%221%22])">1</ref></p>

<sec>
<st>
History and description</st>
<p>

<image location="left" width="200px" src="Digg1.6.png" type="thumb">
<caption>

Digg, Version 1.6
</caption>
</image>

Digg started out as an experiment in November 2004 by <celebrity wordnetid="109903153" confidence="0.9508927676800064">
<link xlink:type="simple" xlink:href="../396/11015396.xml">
Kevin Rose</link></celebrity>
, Owen Byrne, Ron Gorodetzky, and <physical_entity wordnetid="100001930" confidence="0.8">
<executive wordnetid="110069645" confidence="0.8">
<person wordnetid="100007846" confidence="0.8">
<leader wordnetid="109623038" confidence="0.8">
<administrator wordnetid="109770949" confidence="0.8">
<engineer wordnetid="109615807" confidence="0.8">
<causal_agent wordnetid="100007347" confidence="0.8">
<head wordnetid="110162991" confidence="0.8">
<link xlink:type="simple" xlink:href="../341/11015341.xml">
Jay Adelson</link></head>
</causal_agent>
</engineer>
</administrator>
</leader>
</person>
</executive>
</physical_entity>
. All except Owen Byrne currently play an active role in the management of the site.</p>
<p>

"We started working on developing the site back in October 2004," Kevin Rose told <web_site wordnetid="106359193" confidence="0.9508927676800064">
<link xlink:type="simple" xlink:href="../858/435858.xml">
ZDNet</link></web_site>
.<ref xlink:type="simple" xlink:href="#xpointer(//reflist/entry[@id=%222%22])">2</ref> "We started toying around with the idea a couple of months prior to that, but it was early October when we actually started creating what would become the beta version of Digg. The site launched to the world on December 5, 2004."</p>
<p>

Kevin Rose's friend <person wordnetid="100007846" confidence="0.9508927676800064">
<manufacturer wordnetid="110292316" confidence="0.9173553029164789">
<link xlink:type="simple" xlink:href="../986/3976986.xml">
David Prager</link></manufacturer>
</person>
 (<series wordnetid="108457976" confidence="0.9508927676800064">
<link xlink:type="simple" xlink:href="../162/209162.xml">
The Screen Savers</link></series>
, <link xlink:type="simple" xlink:href="../255/1831255.xml">
This Week in Tech</link>) originally wanted to call the site “Diggnation”, but Kevin wanted a simpler name. He chose the name "Digg", because users are able to "dig" stories, out of those submitted, up to the front page. The site was called “Digg” instead of “Dig” because the domain name “dig.com” was previously registered, by <link xlink:type="simple" xlink:href="../435/17809435.xml">
Walt Disney Internet Group</link>. “<link xlink:type="simple" xlink:href="../879/2192879.xml">
Diggnation</link>” would eventually be used as the title of <celebrity wordnetid="109903153" confidence="0.9508927676800064">
<link xlink:type="simple" xlink:href="../396/11015396.xml">
Kevin Rose</link></celebrity>
 and <celebrity wordnetid="109903153" confidence="0.9508927676800064">
<actor wordnetid="109765278" confidence="0.9173553029164789">
<link xlink:type="simple" xlink:href="../228/1143228.xml">
Alex Albrecht</link></actor>
</celebrity>
's weekly podcast discussing popular stories from Digg.</p>
<p>

The original design was free of advertisements, and was designed by Dan Ries. As Digg became more popular, Google <software wordnetid="106566077" confidence="0.9508927676800064">
<link xlink:type="simple" xlink:href="../238/736238.xml">
AdSense</link></software>
 was added to the website. In July 2005, the site was updated to "Version 2.0". The new "version" featured a friends list, the ability to "digg" a story without being redirected to a "success" page, and a new interface designed by web design company Silverorange.<ref xlink:type="simple" xlink:href="#xpointer(//reflist/entry[@id=%223%22])">3</ref> The site developers have stated that in future versions a more minimalist design will likely be employed. On Monday June 26, 2006 version 3 of Digg was released with specific categories for Technology, Science, World &amp; Business, Videos, Entertainment and Gaming as well as a View All section where all categories are merged.</p>
<p>

Digg has grown large enough that submissions sometimes create a sudden increase of traffic to the "dugg" website. This is referred to by some Digg users as the "<link>
Digg effect</link>" and by some others as the site being "dugg to death". However, in many cases stories are linked simultaneously on several popular bookmarking sites. In such cases, the impact of the "digg effect" is difficult to isolate and assess. <link xlink:type="simple" xlink:href="../856/605856.xml">
Wordpress</link> is especially known for its tendency to crash under the increased traffic.<ref xlink:type="simple" xlink:href="#xpointer(//reflist/entry[@id=%224%22])">4</ref></p>
<p>

On <link xlink:type="simple" xlink:href="../013/1013.xml">
August 27</link>, <link xlink:type="simple" xlink:href="../165/36165.xml">
2007</link>, Digg altered its main interface, mostly in the profile area. The domain <it>digg.com</it> attracted at least <weblink xlink:type="simple" xlink:href="http://siteanalytics.compete.com/digg.com?metric=uv">
236 million visitors</weblink> annually by 2008 according to a <company wordnetid="108058098" confidence="0.9508927676800064">
<link xlink:type="simple" xlink:href="../070/16186070.xml">
Compete.com</link></company>
 survey.</p>

<ss1>
<st>
 Potential sale </st>

<p>

Several reports have come forward claiming Digg has been trying to sell itself to a larger company since early 2006.<ref xlink:type="simple" xlink:href="#xpointer(//reflist/entry[@id=%225%22])">5</ref> While Adelson claims that Digg will meet with any potential buyers, he denies that they will actively begin talks for a sale. The most recent sale talks were with Google in July 2008 for approximately 200 million dollars. On July 25th, during the <link xlink:type="simple" xlink:href="../610/299610.xml">
due diligence</link> part of the potential sale, Google informed Digg that they were not interested in the purchase.<ref xlink:type="simple" xlink:href="#xpointer(//reflist/entry[@id=%226%22])">6</ref></p>
<p>

As a result of <company wordnetid="108058098" confidence="0.9508927676800064">
<link xlink:type="simple" xlink:href="../923/1092923.xml">
Google</link></company>
's decision, Digg entered into a second round of funding, receiving $28.7 million from <link xlink:type="simple" xlink:href="../730/332730.xml">
investors</link> such as <link xlink:type="simple" xlink:href="../830/18774830.xml">
Highland Capital Partners</link>. With this funding, the company plans to move from their current offices to accommodate a bigger staff base<ref xlink:type="simple" xlink:href="#xpointer(//reflist/entry[@id=%227%22])">7</ref>. It has been reported that during this time <link xlink:type="simple" xlink:href="../234/52234.xml">
CEO</link> <physical_entity wordnetid="100001930" confidence="0.8">
<executive wordnetid="110069645" confidence="0.8">
<person wordnetid="100007846" confidence="0.8">
<leader wordnetid="109623038" confidence="0.8">
<administrator wordnetid="109770949" confidence="0.8">
<engineer wordnetid="109615807" confidence="0.8">
<causal_agent wordnetid="100007347" confidence="0.8">
<head wordnetid="110162991" confidence="0.8">
<link xlink:type="simple" xlink:href="../341/11015341.xml">
Jay Adelson</link></head>
</causal_agent>
</engineer>
</administrator>
</leader>
</person>
</executive>
</physical_entity>
 &amp; founder <celebrity wordnetid="109903153" confidence="0.9508927676800064">
<link xlink:type="simple" xlink:href="../396/11015396.xml">
Kevin Rose</link></celebrity>
 sold some of their stock, reportedly making around $2 million each.</p>

</ss1>
</sec>
<sec>
<st>
 Criticism </st>

<p>

Digg has come under criticism for varying reasons.  Most disparagements are centered on the site's form of user-moderation: users have too much control over content, allowing <link xlink:type="simple" xlink:href="../659/311659.xml">
sensationalism</link> and misinformation to thrive.<ref xlink:type="simple" xlink:href="#xpointer(//reflist/entry[@id=%228%22])">8</ref><ref xlink:type="simple" xlink:href="#xpointer(//reflist/entry[@id=%229%22])">9</ref> The site has also suffered the risk of companies paying for stories submitted to the site,<ref xlink:type="simple" xlink:href="#xpointer(//reflist/entry[@id=%2210%22])">10</ref><ref xlink:type="simple" xlink:href="#xpointer(//reflist/entry[@id=%2211%22])">11</ref><ref xlink:type="simple" xlink:href="#xpointer(//reflist/entry[@id=%2212%22])">12</ref><ref xlink:type="simple" xlink:href="#xpointer(//reflist/entry[@id=%2213%22])">13</ref> similar to the phenomenon of company-attempted <link xlink:type="simple" xlink:href="../747/286747.xml">
Google bombing</link>.</p>
<p>

Other critics feel that the site's operators may exercise too much control over which articles appear on the front page as well as the comments on Digg's forums.<ref xlink:type="simple" xlink:href="#xpointer(//reflist/entry[@id=%2214%22])">14</ref><ref xlink:type="simple" xlink:href="#xpointer(//reflist/entry[@id=%2215%22])">15</ref> Some users complain that they have been blocked from posting, and their accounts disabled, for making comments in the user-moderated forums that conflict with the personal interests of Digg's operators.<ref xlink:type="simple" xlink:href="#xpointer(//reflist/entry[@id=%2216%22])">16</ref> The existence of the "bury" option has also been criticized as undemocratic and due to its anonymous nature, unaccountable,<ref xlink:type="simple" xlink:href="#xpointer(//reflist/entry[@id=%2217%22])">17</ref> which often leads to expungement of criticism of hotbed topics that do not mesh with the prevailing view of the community. Another criticism in this area has been<ref xlink:type="simple" xlink:href="#xpointer(//reflist/entry[@id=%2218%22])">18</ref> how a faulty or misleading <structure wordnetid="104341686" confidence="0.8">
<artifact wordnetid="100021939" confidence="0.8">
<link xlink:type="simple" xlink:href="../667/2633667.xml">
article</link></artifact>
</structure>
 can reach many users quickly, blowing out of proportion the unsupported claims or accusations (a <link xlink:type="simple" xlink:href="../888/408888.xml">
mob mentality</link>).</p>
<p>

Certain Digg users have been accused of operating a "Bury Brigade" that tags articles with which they disagree as <practice wordnetid="100410247" confidence="0.8">
<event wordnetid="100029378" confidence="0.8">
<act wordnetid="100030358" confidence="0.8">
<psychological_feature wordnetid="100023100" confidence="0.8">
<activity wordnetid="100407535" confidence="0.8">
<link xlink:type="simple" xlink:href="../368/28368.xml">
spam</link></activity>
</psychological_feature>
</act>
</event>
</practice>
,<ref xlink:type="simple" xlink:href="#xpointer(//reflist/entry[@id=%229%22])">9</ref><ref xlink:type="simple" xlink:href="#xpointer(//reflist/entry[@id=%2219%22])">19</ref><ref xlink:type="simple" xlink:href="#xpointer(//reflist/entry[@id=%2220%22])">20</ref> thus attempting to bury stories critical of Digg. One commentator states that one of the site's major problems:</p>
<p>

<indent level="1">

...is the ability of a small number of users to "bury" stories without accountability. Burying news is meant to help separate spam and inaccurate stories from the general morass of ordinary, viable stuff. But there's long been the suspicion that plenty of users use it to get rid of stories about things they don't like (eg political parties or corporates) - since burying a story is much more powerful than simply voting against it.<ref xlink:type="simple" xlink:href="#xpointer(//reflist/entry[@id=%2221%22])">21</ref>
</indent>

It has been reported that the top 100 Digg users posted 56% of Digg's frontpage content, and that a <link>
niche group</link> of just twenty individuals had submitted 25% of the frontpage content.<ref xlink:type="simple" xlink:href="#xpointer(//reflist/entry[@id=%2222%22])">22</ref><ref xlink:type="simple" xlink:href="#xpointer(//reflist/entry[@id=%2214%22])">14</ref> A few sites<ref xlink:type="simple" xlink:href="#xpointer(//reflist/entry[@id=%229%22])">9</ref> have raised the problem of <link xlink:type="simple" xlink:href="../257/62257.xml">
groupthink</link> and the possibility that the site is being "manipulated", so to speak. In response to this question, the site's founder Kevin Rose has announced an upcoming change to the site's <link xlink:type="simple" xlink:href="../775/775.xml">
algorithm</link>:<ref xlink:type="simple" xlink:href="#xpointer(//reflist/entry[@id=%2223%22])">23</ref></p>
<p>

While we don't disclose exactly how story promotion works (to prevent gaming the system), I can say that a key update is coming soon. This algorithm update will look at the unique digging diversity of the individuals digging the story. Users that follow a gaming pattern will have less promotion weight. This doesn't mean that the story won't be promoted, it just means that a more diverse pool of individuals will be needed to deem the story homepage-worthy.
<ref xlink:type="simple" xlink:href="#xpointer(//reflist/entry[@id=%2224%22])">24</ref></p>

<ss1>
<st>
 AACS encryption key controversy </st>

<p>

<image location="left" width="45px" src="Wikinews-logo.svg">

</image>

<work wordnetid="100575741" confidence="0.8">
<social_group wordnetid="107950920" confidence="0.8">
<possession wordnetid="100032613" confidence="0.8">
<event wordnetid="100029378" confidence="0.8">
<gathering wordnetid="107975026" confidence="0.8">
<community wordnetid="108223802" confidence="0.8">
<undertaking wordnetid="100795720" confidence="0.8">
<property wordnetid="113244109" confidence="0.8">
<group wordnetid="100031264" confidence="0.8">
<act wordnetid="100030358" confidence="0.8">
<psychological_feature wordnetid="100023100" confidence="0.8">
<activity wordnetid="100407535" confidence="0.8">
<link xlink:type="simple" xlink:href="../018/1173018.xml">
Wikinews</link></activity>
</psychological_feature>
</act>
</group>
</property>
</undertaking>
</community>
</gathering>
</event>
</possession>
</social_group>
</work>
 has related news:
</p>


<p>

<indent level="1">

<it>Main article: <meme wordnetid="105985126" confidence="0.8">
<acculturation wordnetid="105984936" confidence="0.8">
<link xlink:type="simple" xlink:href="../277/19682277.xml">
AACS encryption key controversy</link></acculturation>
</meme>
</it>
</indent>

On <link xlink:type="simple" xlink:href="../348/19348.xml">
May 1</link>, <link xlink:type="simple" xlink:href="../165/36165.xml">
2007</link> an article appeared on Digg’s homepage that contained the <link xlink:type="simple" xlink:href="../294/10294.xml">
encryption key</link>  for the <link xlink:type="simple" xlink:href="../249/11010249.xml">
AACS</link> <link xlink:type="simple" xlink:href="../226/18938226.xml">
digital rights management</link> protection of <medium wordnetid="106254669" confidence="0.9508927676800064">
<link xlink:type="simple" xlink:href="../091/11065091.xml">
HD DVD</link></medium>
 and <medium wordnetid="106254669" confidence="0.9508927676800064">
<link xlink:type="simple" xlink:href="../826/11015826.xml">
Blu-ray Disc</link></medium>
. Then Digg, "acting on the advice of its lawyers", removed posting submissions about the secret number from its database and banned several users for submitting it. The removals were seen by many Digg users as a capitulation to corporate interests and an assault on free speech.<ref xlink:type="simple" xlink:href="#xpointer(//reflist/entry[@id=%2225%22])">25</ref> A statement by <physical_entity wordnetid="100001930" confidence="0.8">
<executive wordnetid="110069645" confidence="0.8">
<person wordnetid="100007846" confidence="0.8">
<leader wordnetid="109623038" confidence="0.8">
<administrator wordnetid="109770949" confidence="0.8">
<engineer wordnetid="109615807" confidence="0.8">
<causal_agent wordnetid="100007347" confidence="0.8">
<head wordnetid="110162991" confidence="0.8">
<link xlink:type="simple" xlink:href="../341/11015341.xml">
Jay Adelson</link></head>
</causal_agent>
</engineer>
</administrator>
</leader>
</person>
</executive>
</physical_entity>
 attributed the article’s take-down to an attempt to comply with <link xlink:type="simple" xlink:href="../954/477954.xml">
cease and desist</link> letters from the <link xlink:type="simple" xlink:href="../249/11010249.xml">
Advanced Access Content System</link> consortium and cited Digg’s <link xlink:type="simple" xlink:href="../580/839580.xml">
Terms of Use</link> as justification for taking down the article.<ref xlink:type="simple" xlink:href="#xpointer(//reflist/entry[@id=%2226%22])">26</ref></p>
<p>

Although some users defended Digg's actions,<ref xlink:type="simple" xlink:href="#xpointer(//reflist/entry[@id=%2227%22])">27</ref><ref xlink:type="simple" xlink:href="#xpointer(//reflist/entry[@id=%2228%22])">28</ref><ref xlink:type="simple" xlink:href="#xpointer(//reflist/entry[@id=%2229%22])">29</ref> as a whole the community staged a widespread revolt with numerous articles and comments being made using the encryption key.<ref xlink:type="simple" xlink:href="#xpointer(//reflist/entry[@id=%2230%22])">30</ref><ref xlink:type="simple" xlink:href="#xpointer(//reflist/entry[@id=%2231%22])">31</ref> The scope of the user response was so great that one of the Digg users referred to it as a "digital <group_action wordnetid="101080366" confidence="0.8">
<aggression wordnetid="100964569" confidence="0.8">
<violence wordnetid="100965404" confidence="0.8">
<event wordnetid="100029378" confidence="0.8">
<action wordnetid="100037396" confidence="0.8">
<resistance wordnetid="101169317" confidence="0.8">
<riot wordnetid="101170502" confidence="0.8">
<rebellion wordnetid="101177327" confidence="0.8">
<act wordnetid="100030358" confidence="0.8">
<psychological_feature wordnetid="100023100" confidence="0.8">
<link xlink:type="simple" xlink:href="../353/4608353.xml">
Boston Tea Party</link></psychological_feature>
</act>
</rebellion>
</riot>
</resistance>
</action>
</event>
</violence>
</aggression>
</group_action>
".<ref xlink:type="simple" xlink:href="#xpointer(//reflist/entry[@id=%2232%22])">32</ref> The response was also directly responsible for Digg reversing the policy and stating: 
<table style="margin:auto; border-collapse:collapse; border-style:none; background-color:transparent; " class="cquote">
<row>
<col style="color:#B2B7F2;font-size:35px;font-family:'Times New Roman',serif;font-weight:bold;text-align:left;padding:10px 10px;" width="20" valign="top">
“</col>
<col style="padding:4px 10px;" valign="top">
But now, after seeing hundreds of stories and reading thousands of comments, you’ve made it clear. You’d rather see Digg go down fighting than bow down to a bigger company. We hear you, and effective immediately we won’t delete stories or comments containing the code and will deal with whatever the consequences might be.<ref xlink:type="simple" xlink:href="#xpointer(//reflist/entry[@id=%2233%22])">33</ref></col>
<col style="color:#B2B7F2;font-size:36px;font-family:'Times New Roman',serif;font-weight:bold;text-align:right;padding:10px 10px;" width="20" valign="bottom">
”</col>
</row>
<row>
<col colspan="3" style="padding-right: 4%">
<cite style="font-style:normal;">—Kevin Rose</cite></col>
</row>
</table>
</p>



</ss1>
</sec>
<sec>
<st>
See also</st>
<p>

<list>
<entry level="1" type="bullet">

 <work wordnetid="100575741" confidence="0.8">
<event wordnetid="100029378" confidence="0.8">
<service wordnetid="100577525" confidence="0.8">
<act wordnetid="100030358" confidence="0.8">
<psychological_feature wordnetid="100023100" confidence="0.8">
<meme wordnetid="105985126" confidence="0.8">
<activity wordnetid="100407535" confidence="0.8">
<acculturation wordnetid="105984936" confidence="0.8">
<link xlink:type="simple" xlink:href="../022/1555022.xml">
Web 2.0</link></acculturation>
</activity>
</meme>
</psychological_feature>
</act>
</service>
</event>
</work>
</entry>
<entry level="1" type="bullet">

 <link xlink:type="simple" xlink:href="../581/1257581.xml">
Social bookmarking</link></entry>
</list>
</p>

</sec>
<sec>
<st>
References</st>

<p>

<reflist>
<entry id="1">
<weblink xlink:type="simple" xlink:href="http://www.conversionrater.com/index.php/2006/09/10/revisiting-top-10-web-predictions-of-2006/">
Revisiting Top 10 Web Predictions of 2006</weblink></entry>
<entry id="2">
MacManus, Richard&#32;(2006-02-01).&#32;"<weblink xlink:type="simple" xlink:href="http://blogs.zdnet.com/web2explorer/index.php?p=108">
Interview with Digg founder Kevin Rose, Part 1</weblink>".&#32;  ZDNet.&#32;Retrieved on <link>
2006-07-15</link>.</entry>
<entry id="3">
<weblink xlink:type="simple" xlink:href="http://www.silverorange.com/a/portfolio/digg">
silverorange | Digg</weblink></entry>
<entry id="4">
"<weblink xlink:type="simple" xlink:href="http://blog.circlesixdesign.com/2007/01/22/diggproof/">
Diggproof your Wordpress</weblink>".&#32;  Circle 6 Design&#32;(2007-01-22).&#32;Retrieved on <link>
2008-03-15</link>.</entry>
<entry id="5">
http://www.techcrunch.com/2007/11/07/just-sell-digg-already-jay/</entry>
<entry id="6">
http://www.washingtonpost.com/wp-dyn/content/article/2008/07/26/AR2008072601421.html</entry>
<entry id="7">
http://blog.digg.com/?p=256</entry>
<entry id="8">
<weblink xlink:type="simple" xlink:href="http://radar.oreilly.com/archives/2006/01/digging_the_madness_of_crowds.html">
 Digging The Madness of Crowds</weblink></entry>
<entry id="9">
<weblink xlink:type="simple" xlink:href="http://www.kuro5hin.org/story/2007/2/14/131127/709">
Why Digg Failed</weblink></entry>
<entry id="10">
<weblink xlink:type="simple" xlink:href="http://www.searchsiren.com/?p=98">
Digg, scripts and bots</weblink></entry>
<entry id="11">
<weblink xlink:type="simple" xlink:href="http://news.com.com/Digg+continues+to+battle+phony+stories/2100-1025_3-6144652.html">
Digg continues to battle phony stories</weblink></entry>
<entry id="12">
<weblink xlink:type="simple" xlink:href="http://www.lostremote.com/2006/07/25/paying-users-for-creating-content">
Paying users for creating content</weblink></entry>
<entry id="13">
<weblink xlink:type="simple" xlink:href="http://www.techcrunch.com/2006/03/18/the-power-of-digg/">
The Power of Digg</weblink></entry>
<entry id="14">
<weblink xlink:type="simple" xlink:href="http://www.deepjiveinterests.com/2006/08/25/a-brief-history-of-digg-controversy/">
A Brief History of Digg Controversy</weblink></entry>
<entry id="15">
<weblink xlink:type="simple" xlink:href="http://jesusphreak.infogami.com/blog/what_happened_to_digg">
'Democratic'? 'User-driven'? These do not describe Digg</weblink></entry>
<entry id="17">
<weblink xlink:type="simple" xlink:href="http://www.starttherevolution.org/archives/2006/200611/IsDiggCloserToExtinctionThanWeRealise.htm">
Is Digg Closer To Extinction Than We Realise?</weblink></entry>
<entry id="16">
<weblink xlink:type="simple" xlink:href="http://technology.guardian.co.uk/weekly/story/0,,1761697,00.html">
Is Digg being subverted by some sort of spamming?</weblink></entry>
<entry id="19">
<weblink xlink:type="simple" xlink:href="http://www.deepjiveinterests.com/2006/12/09/zdnet-not-immune-to-the-bury-brigade/">
ZDNet Not Immune To The "Bury Brigade"</weblink></entry>
<entry id="18">
<weblink xlink:type="simple" xlink:href="http://mashable.com/2006/01/10/digg-and-the-so-called-wisdom-of-mobs/">
Digg and the So-Called "Wisdom of Mobs"</weblink></entry>
<entry id="21">
<weblink xlink:type="simple" xlink:href="http://blogs.guardian.co.uk/technology/archives/2007/02/28/watching_diggs_bury_brigade.html">
Watching Digg's "bury brigade"</weblink></entry>
<entry id="20">
<weblink xlink:type="simple" xlink:href="http://www.techipedia.com/2007/an-open-letter-to-kevin-rose/">
An Open Letter to Kevin Rose</weblink></entry>
<entry id="23">
<weblink xlink:type="simple" xlink:href="http://www.lostremote.com/2006/09/06/digg-to-tweak-its-algorithm/">
Digg to tweak its algorithm</weblink></entry>
<entry id="22">
<weblink xlink:type="simple" xlink:href="http://www.seomoz.org/blogdetail.php?ID=1228">
SEOmoz | Top 100 Digg Users Control 56% of Digg's HomePage Content</weblink></entry>
<entry id="25">
Stone, Brad&#32;(<link>
2007-05-03</link>).&#32;"<weblink xlink:type="simple" xlink:href="http://www.nytimes.com/2007/05/03/technology/03code.html">
In Web Uproar, Antipiracy Code Spreads Wildly</weblink>", <it><newspaper wordnetid="106267145" confidence="0.9508927676800064">
<link xlink:type="simple" xlink:href="../680/30680.xml">
The New York Times</link></newspaper>
</it>.&#32;Retrieved on <link>
2007-07-02</link>.&nbsp;</entry>
<entry id="24">
<weblink xlink:type="simple" xlink:href="http://diggtheblog.blogspot.com/2006/09/digg-friends.html">
Digg Friends</weblink></entry>
<entry id="27">
<weblink xlink:type="simple" xlink:href="http://www.tgdaily.com/content/view/31859/97/">
TGdaily: Cease and desist letters backfire horribly against AACS</weblink></entry>
<entry id="26">
Jay Adelson.&#32;"<weblink xlink:type="simple" xlink:href="http://blog.digg.com/?p=73">
Digg the Blog: What's Happening with HD-DVD Stories?</weblink>".</entry>
<entry id="29">
<weblink xlink:type="simple" xlink:href="http://www.computing.co.uk/vnunet/news/2188970/drm-lobby-tries-hd-dvd-genie">
DRM lobby tries to get HD DVD genie back into the bottle</weblink></entry>
<entry id="28">
<weblink xlink:type="simple" xlink:href="http://weblog.infoworld.com/railsback/archives/2007/05/digg_losing_con.html">
Digg losing control of their site</weblink></entry>
<entry id="31">
"<weblink xlink:type="simple" xlink:href="http://news.bbc.co.uk/2/hi/technology/6615047.stm">
BBC News: DVD DRM row sparks user rebellion</weblink>".&#32;Retrieved on <link>
2007-05-02</link>.</entry>
<entry id="30">
Marcus Yam.&#32;"<weblink xlink:type="simple" xlink:href="http://www.dailytech.com/article.aspx?newsid=7129">
DailyTech: AACS Key Censorship Leads to First Internet Riot</weblink>".&#32;Retrieved on <link>
2007-05-02</link>.</entry>
<entry id="32">
<weblink xlink:type="simple" xlink:href="http://www.forbes.com/technology/2007/05/02/digital-rights-management-tech-cx_ag_0502digg.html"></weblink>
Digg's DRM Revolt</entry>
<entry id="33">
<celebrity wordnetid="109903153" confidence="0.9508927676800064">
<link xlink:type="simple" xlink:href="../396/11015396.xml">
Kevin Rose</link></celebrity>
&#32;(2007-05-01).&#32;"<weblink xlink:type="simple" xlink:href="http://blog.digg.com/?p=74">
Digg This: 09 F9 [...]</weblink>".&#32;<it>Digg the Blog</it>.&#32;  Digg Inc.&#32;Retrieved on <link>
2007-05-02</link>.</entry>
</reflist>
</p>

</sec>
<sec>
<st>
External links</st>

<p>

<list>
<entry level="1" type="bullet">

 <weblink xlink:type="simple" xlink:href="http://digg.com/">
Official site</weblink></entry>
<entry level="1" type="bullet">

 <weblink xlink:type="simple" xlink:href="http://blog.digg.com/">
Official blog</weblink></entry>
</list>
</p>


</sec>
</bdy>
</web_site>
</property>
</article>
