<?xml version="1.0" encoding="UTF-8"?>
<!-- generated by CLiX/Wiki2XML [MPI-Inf, MMCI@UdS] $LastChangedRevision: 92 $ on 17.04.2009 00:38:50[mciao0826] -->
<!DOCTYPE article SYSTEM "../article.dtd">
<article xmlns:xlink="http://www.w3.org/1999/xlink">
<header>
<title>Phase retrieval</title>
<id>11081803</id>
<revision>
<id>176207181</id>
<timestamp>2007-12-06T19:23:09Z</timestamp>
<contributor>
<username>NawlinWiki</username>
<id>301395</id>
</contributor>
</revision>
</header>
<bdy>

<b>Phase retrieval</b> concerns the solution to the <link xlink:type="simple" xlink:href="../369/1531369.xml">
phase problem</link>. Given a complex signal <math>F(k)</math>, of amplitude <math>|F(k)|</math>, and phase <math>\phi(k)</math>:
<indent level="2">

<math>F(k)=|F(k)|e^{i \phi(k)}</math>,
</indent>

phase retrieval consists in finding the phase that for a measured amplitude satisfies a set of constraints. 
For example if <math>F(k)</math> is the <mathematical_relation wordnetid="113783581" confidence="0.8">
<idea wordnetid="105833840" confidence="0.8">
<concept wordnetid="105835747" confidence="0.8">
<operator wordnetid="113786413" confidence="0.8">
<function wordnetid="113783816" confidence="0.8">
<link xlink:type="simple" xlink:href="../247/52247.xml">
Fourier transform</link></function>
</operator>
</concept>
</idea>
</mathematical_relation>
 of <math>f(x)</math>, a typical constraint would be that <math>f(x)</math> is a bounded real and positive function. <p>

The most important application of phase retrieval is <technique wordnetid="105665146" confidence="0.8">
<know-how wordnetid="105616786" confidence="0.8">
<method wordnetid="105660268" confidence="0.8">
<link xlink:type="simple" xlink:href="../151/34151.xml">
X-ray crystallography</link></method>
</know-how>
</technique>
, awarded of several <link xlink:type="simple" xlink:href="../201/21201.xml">
Nobel prize</link>s.</p>

<sec>
<st>
See also</st>
<p>

<list>
<entry level="1" type="bullet">

 <link xlink:type="simple" xlink:href="../369/1531369.xml">
Phase problem</link></entry>
<entry level="1" type="bullet">

 <link xlink:type="simple" xlink:href="../794/7794.xml">
Crystallography</link></entry>
<entry level="1" type="bullet">

 <technique wordnetid="105665146" confidence="0.8">
<know-how wordnetid="105616786" confidence="0.8">
<method wordnetid="105660268" confidence="0.8">
<link xlink:type="simple" xlink:href="../151/34151.xml">
X-ray crystallography</link></method>
</know-how>
</technique>
</entry>
</list>
</p>
</sec>
</bdy>
</article>
