<?xml version="1.0" encoding="UTF-8"?>
<!-- generated by CLiX/Wiki2XML [MPI-Inf, MMCI@UdS] $LastChangedRevision: 92 $ on 17.04.2009 00:31:46[mciao0828] -->
<!DOCTYPE article SYSTEM "../article.dtd">
<article xmlns:xlink="http://www.w3.org/1999/xlink">
<introduction  confidence="0.9511911446218017" wordnetid="100238022">
<header>
<title>Shababnews</title>
<id>11098657</id>
<revision>
<id>242209025</id>
<timestamp>2008-10-01T09:50:59Z</timestamp>
<contributor>
<username>THEN WHO WAS PHONE?</username>
<id>7456377</id>
</contributor>
</revision>
<categories>
<category>Orphaned articles from September 2008</category>
<category>2007 television series debuts</category>
<category>All orphaned articles</category>
<category>Jordanian television</category>
</categories>
</header>
<bdy>
<p>

<table class="metadata plainlinks ambox ">
<row>
<col>

ambox-style" style=""</col>
</row>
<row>
<col class="mbox-image"><p>

<image width="44px" src="Wiki_letter_w.svg">
</image>
</p>
</col>
<col style="" class="mbox-text">
 <b>This article is  as few or no other articles <weblink xlink:type="simple" xlink:href="http://localhost:18088/wiki/index.php?title=Special:Whatlinkshere&amp;target=Shababnews&amp;namespace=0">
link to it</weblink>.</b>
Please help  in articles on <weblink xlink:type="simple" xlink:href="http://www.google.com/search?hl=en&amp;as_qdr=all&amp;q=+site%3Aen.wikipedia.org+%22Shababnews%22">
related topics</weblink>. <it>(September 2008)''</it></col>
</row>
</table>
</p>

<p>

<image width="150px" src="studioshababnews.JPG" type="thumb">
<caption>

studio of shababnews at Jordan Television
</caption>
</image>
</p>
<p>

<image width="150px" src="logo_shababnews2.JPG" type="thumb">
<caption>

The logo
</caption>
</image>
</p>
<p>

<b><it>Shababnews</it></b> <b>("Youth News")</b> is a <link xlink:type="simple" xlink:href="../831/29831.xml">
television</link> programme in <country wordnetid="108544813" confidence="0.9508927676800064">
<link xlink:type="simple" xlink:href="../964/7515964.xml">
Jordan</link></country>
.</p>
<p>

The first TV News Programme for young people in <link xlink:type="simple" xlink:href="../803/803.xml">
Arabic</link> was launched on <network wordnetid="108434259" confidence="0.9508927676800064">
<link xlink:type="simple" xlink:href="../184/6720184.xml">
Jordan Television</link></network>
 on <link xlink:type="simple" xlink:href="../ury/22nd_century.xml">
April 5</link> <link xlink:type="simple" xlink:href="../165/36165.xml">
2007</link>.  <it>Shababnews</it> runs for half an hour every week on Thursdays at 5pm and is targeted at teenagers up to 15 years old.  In a region where news is often an official 'product', it is an interesting development, following over two dozen similar programmes in Europe, some of which have been on air for over thirty years.  </p>
<p>

The <it>Shababnews</it> programmes are available to Arabic speakers all over the world, via the web-site.</p>
<p>

The first edition of <it>Shababnews</it> included a report on one of the biggest local health problems confronting young people -- <link xlink:type="simple" xlink:href="../677/44677.xml">
diabetes</link>.  A <link xlink:type="simple" xlink:href="../165/7165.xml">
cartoon</link> analysis of the causes of the illness was inter-cut with material from Jordan, including an interview with a young sufferer.  The programme also reported on two 15-year old local entreprenneurs and students from the <link>
Baghdad School of Music and Ballet</link> reflecting on the war and violence in <country wordnetid="108544813" confidence="0.9508927676800064">
<link xlink:type="simple" xlink:href="../928/7515928.xml">
Iraq</link></country>
.  Later programmes have had reports on child labour and plastic bags. </p>
<p>

<it>Shababnews</it> states that it aims to highlight the issues that concern young people and give space for their voices, calling for changes and improvements.  It was established with funding from the <system wordnetid="108435388" confidence="0.8">
<economy wordnetid="108366753" confidence="0.8">
<group wordnetid="100031264" confidence="0.8">
<link xlink:type="simple" xlink:href="../148/21148.xml">
Dutch</link></group>
</economy>
</system>
 government and technical assistance from Jemstone, a media <link xlink:type="simple" xlink:href="../142/3742142.xml">
NGO</link> active in the region for more than 12 years.</p>
<p>

The programme has been accepted as an associate member of the <organization wordnetid="108008335" confidence="0.9508927676800064">
<link xlink:type="simple" xlink:href="../380/10380.xml">
European Broadcasting Union</link></organization>
 (EBU) network of youth news TV programmes, which means that Jordan can be a window on the Arab world for young people in Europe.</p>
<p>

The <it>Shababnews</it> presenters are:  Mohamed al Rimawi and Malak al Khouri.  The rest of the team includes: Reema Awadalah, Lana Afanah, Nahed Katatba, Alia Hattouk and Rand Jammal.  The studio director is Majed abu Rabieh.</p>

<sec>
<st>
External links</st>
<p>

<list>
<entry level="1" type="bullet">

<weblink xlink:type="simple" xlink:href="http://www.shababnews.tv">
Official web-site</weblink></entry>
<entry level="1" type="bullet">

<weblink xlink:type="simple" xlink:href="http://www.jemstone.net">
Jemstone</weblink></entry>
</list>
</p>

</sec>
</bdy>
</introduction>
</article>
