<?xml version="1.0" encoding="UTF-8"?>
<!-- generated by CLiX/Wiki2XML [MPI-Inf, MMCI@UdS] $LastChangedRevision: 92 $ on 17.04.2009 00:31:42[mciao0828] -->
<!DOCTYPE article SYSTEM "../article.dtd">
<article xmlns:xlink="http://www.w3.org/1999/xlink">
<bus  confidence="0.9508927676800064" wordnetid="102924116">
<bus_route  confidence="0.9511911446218017" wordnetid="108517554">
<header>
<title>London Buses route 302</title>
<id>11095343</id>
<revision>
<id>240084988</id>
<timestamp>2008-09-21T21:22:31Z</timestamp>
<contributor>
<username>MapsMan</username>
<id>222151</id>
</contributor>
</revision>
<categories>
<category>Transport in Barnet</category>
<category>Transport in Brent</category>
<category>Bus routes in London</category>
</categories>
</header>
<bdy>
<template>
<name>Infobox London Bus</name>
<parameters>

<image width="150px" src="">

</image>
<pvr>
16</pvr>
<via>
WillesdenNeasdenBurnt Oak</via>
<garage>
<mathematical_relation wordnetid="113783581" confidence="0.8">
<company wordnetid="108058098" confidence="0.8">
<operator wordnetid="113786413" confidence="0.8">
<institution wordnetid="108053576" confidence="0.8">
<function wordnetid="113783816" confidence="0.8">
<link xlink:type="simple" xlink:href="../318/2193318.xml#xpointer(//*[./st=%22Willesden%22])">
Willesden (AC)</link></function>
</institution>
</operator>
</company>
</mathematical_relation>
</garage>
<vehicle>
<link xlink:type="simple" xlink:href="../341/1632341.xml">
Dennis Dart SLF</link> / <link xlink:type="simple" xlink:href="../234/19319234.xml">
Plaxton Pointer</link><conveyance wordnetid="103100490" confidence="0.8">
<artifact wordnetid="100021939" confidence="0.8">
<instrumentality wordnetid="103575240" confidence="0.8">
<bus wordnetid="102924116" confidence="0.8">
<public_transport wordnetid="104019101" confidence="0.8">
<link xlink:type="simple" xlink:href="../751/1709751.xml">
Volvo B7TL</link></public_transport>
</bus>
</instrumentality>
</artifact>
</conveyance>
 / <conveyance wordnetid="103100490" confidence="0.8">
<artifact wordnetid="100021939" confidence="0.8">
<instrumentality wordnetid="103575240" confidence="0.8">
<bus wordnetid="102924116" confidence="0.8">
<public_transport wordnetid="104019101" confidence="0.8">
<link xlink:type="simple" xlink:href="../466/2251466.xml">
Plaxton President</link></public_transport>
</bus>
</instrumentality>
</artifact>
</conveyance>
</vehicle>
<number>
302</number>
<frequency>
About every 8-12 minutes</frequency>
<operator>
<mathematical_relation wordnetid="113783581" confidence="0.8">
<company wordnetid="108058098" confidence="0.8">
<operator wordnetid="113786413" confidence="0.8">
<institution wordnetid="108053576" confidence="0.8">
<function wordnetid="113783816" confidence="0.8">
<link xlink:type="simple" xlink:href="../318/2193318.xml">
Metroline</link></function>
</institution>
</operator>
</company>
</mathematical_relation>
</operator>
<time>
31-59 minutes</time>
<level>
Daily</level>
<ibus>
yes</ibus>
<start>
<link xlink:type="simple" xlink:href="../132/94132.xml">
Kensal Rise</link></start>
<length>
8 miles (13 km)</length>
<night>
No night service</night>
<day>
6:00am until 0:00am</day>
<end>
<station wordnetid="104306080" confidence="0.9508927676800064">
<link xlink:type="simple" xlink:href="../628/1709628.xml">
Mill Hill Broadway</link></station>
</end>
</parameters>
</template>

<p>

<b>London Buses route 302</b> is a <company wordnetid="108058098" confidence="0.9508927676800064">
<link xlink:type="simple" xlink:href="../145/31145.xml">
Transport for London</link></company>
 contracted bus route in <village wordnetid="108672738" confidence="0.9508927676800064">
<link xlink:type="simple" xlink:href="../867/17867.xml">
London</link></village>
, <autocracy wordnetid="108361001" confidence="0.8">
<system wordnetid="108435388" confidence="0.8">
<social_group wordnetid="107950920" confidence="0.8">
<political_orientation wordnetid="106212839" confidence="0.8">
<monarchy wordnetid="108363812" confidence="0.8">
<state wordnetid="108168978" confidence="0.8">
<political_unit wordnetid="108359949" confidence="0.8">
<political_system wordnetid="108367880" confidence="0.8">
<economy wordnetid="108366753" confidence="0.8">
<group wordnetid="100031264" confidence="0.8">
<democracy wordnetid="106217103" confidence="0.8">
<link xlink:type="simple" xlink:href="../717/31717.xml">
United Kingdom</link></democracy>
</group>
</economy>
</political_system>
</political_unit>
</state>
</monarchy>
</political_orientation>
</social_group>
</system>
</autocracy>
. The service is currently contracted to <mathematical_relation wordnetid="113783581" confidence="0.8">
<company wordnetid="108058098" confidence="0.8">
<operator wordnetid="113786413" confidence="0.8">
<institution wordnetid="108053576" confidence="0.8">
<function wordnetid="113783816" confidence="0.8">
<link xlink:type="simple" xlink:href="../318/2193318.xml">
Metroline</link></function>
</institution>
</operator>
</company>
</mathematical_relation>
.</p>

<sec>
<st>
History</st>
<p>

Route 302 was introduced on <link xlink:type="simple" xlink:href="../347/19347.xml">
28 March</link> <link xlink:type="simple" xlink:href="../756/34756.xml">
1982</link>, as a double-deck route using <conveyance wordnetid="103100490" confidence="0.8">
<artifact wordnetid="100021939" confidence="0.8">
<instrumentality wordnetid="103575240" confidence="0.8">
<bus wordnetid="102924116" confidence="0.8">
<public_transport wordnetid="104019101" confidence="0.8">
<link xlink:type="simple" xlink:href="../344/1124344.xml">
Metrobuses</link></public_transport>
</bus>
</instrumentality>
</artifact>
</conveyance>
 from Willesden Garage as a replacement for the withdrawn section of <bus wordnetid="102924116" confidence="0.9508927676800064">
<link xlink:type="simple" xlink:href="../053/12253053.xml">
route 52</link></bus>
, running between Mill Hill Broadway and Ladbroke Grove, but was extended later that year on <link xlink:type="simple" xlink:href="../762/21762.xml">
14 November</link> to Notting Hill Gate.</p>
<p>

The 302 was converted to single-deck for a brief period between April 1993 and February 1995, using brand new <manufacturer wordnetid="108060446" confidence="0.8">
<enterprise wordnetid="108056231" confidence="0.8">
<business wordnetid="108061042" confidence="0.8">
<link xlink:type="simple" xlink:href="../004/2389004.xml">
Northern Counties</link></business>
</enterprise>
</manufacturer>
-bodied <conveyance wordnetid="103100490" confidence="0.8">
<artifact wordnetid="100021939" confidence="0.8">
<instrumentality wordnetid="103575240" confidence="0.8">
<vehicle wordnetid="104524313" confidence="0.8">
<link xlink:type="simple" xlink:href="../821/8607821.xml">
Dennis Lance</link></vehicle>
</instrumentality>
</artifact>
</conveyance>
s, although these proved unpopular and were soon replaced by Metrobuses.</p>
<p>

On <link xlink:type="simple" xlink:href="../801/15801.xml">
27 June</link> <link xlink:type="simple" xlink:href="../647/34647.xml">
1998</link> the route was withdrawn between Notting Hill Gate and Kensal Rise and converted back to single-deck operation, this time using new low-floor <link xlink:type="simple" xlink:href="../341/1632341.xml">
Dennis Dart SLF</link> / <link xlink:type="simple" xlink:href="../234/19319234.xml">
Plaxton Pointer</link>s, apart from two schoolday peak journeys which were run by London Traveller using Metrobuses. Metroline now run these double-deck schoolday journeys themselves using <conveyance wordnetid="103100490" confidence="0.8">
<artifact wordnetid="100021939" confidence="0.8">
<instrumentality wordnetid="103575240" confidence="0.8">
<bus wordnetid="102924116" confidence="0.8">
<public_transport wordnetid="104019101" confidence="0.8">
<link xlink:type="simple" xlink:href="../751/1709751.xml">
Volvo B7TL</link></public_transport>
</bus>
</instrumentality>
</artifact>
</conveyance>
 / <conveyance wordnetid="103100490" confidence="0.8">
<artifact wordnetid="100021939" confidence="0.8">
<instrumentality wordnetid="103575240" confidence="0.8">
<bus wordnetid="102924116" confidence="0.8">
<public_transport wordnetid="104019101" confidence="0.8">
<link xlink:type="simple" xlink:href="../466/2251466.xml">
Plaxton President</link></public_transport>
</bus>
</instrumentality>
</artifact>
</conveyance>
s. Although the route is quiet during the day, heavy peak loadings justify the route being converted to double-deck at all times.</p>



</sec>
<sec>
<st>
Current route</st>

<p>

<table style="background:transparent; width:100%;" cellpadding="0" class=" multicol" cellspacing="0">
<row>
<col align="left" width="50%" valign="top">
<ss1>
<st>
Route departing Kensal Rise Station</st>
<p>

<list>
<entry level="1" type="bullet">

 <b><station wordnetid="104306080" confidence="0.9508927676800064">
<link xlink:type="simple" xlink:href="../431/1709431.xml">
Kensal Rise Station</link></station>
</b> <it>Forecourt''</it></entry>
<entry level="1" type="bullet">

 Chamberlayne Road</entry>
<entry level="1" type="bullet">

 Sidmouth Road</entry>
<entry level="1" type="bullet">

 Staverton Road</entry>
<entry level="1" type="bullet">

 Brondesbury Park</entry>
<entry level="1" type="bullet">

 <link xlink:type="simple" xlink:href="../389/94389.xml">
Willesden Green</link> <it>Library''</it></entry>
<entry level="1" type="bullet">

 <site wordnetid="108651247" confidence="0.9508927676800064">
<link xlink:type="simple" xlink:href="../389/94389.xml">
Willesden High Road</link></site>
</entry>
<entry level="1" type="bullet">

 <mathematical_relation wordnetid="113783581" confidence="0.8">
<company wordnetid="108058098" confidence="0.8">
<operator wordnetid="113786413" confidence="0.8">
<institution wordnetid="108053576" confidence="0.8">
<function wordnetid="113783816" confidence="0.8">
<link xlink:type="simple" xlink:href="../318/2193318.xml#xpointer(//*[./st=%22Willesden%22])">
Willesden Bus Garage</link></function>
</institution>
</operator>
</company>
</mathematical_relation>
</entry>
<entry level="1" type="bullet">

 Dudden Hill Lane</entry>
<entry level="1" type="bullet">

 Neasden Underpass</entry>
<entry level="1" type="bullet">

 Hazelwood Close</entry>
<entry level="1" type="bullet">

 Neasden Lane North</entry>
<entry level="1" type="bullet">

 Blackbird Hill</entry>
<entry level="1" type="bullet">

 Tudor Gardens</entry>
<entry level="1" type="bullet">

 Church Lane</entry>
<entry level="1" type="bullet">

 Kingsbury Road</entry>
<entry level="1" type="bullet">

 Kingsbury Green</entry>
<entry level="1" type="bullet">

 Roe Green</entry>
<entry level="1" type="bullet">

 Stag Lane</entry>
<entry level="1" type="bullet">

 Watling Avenue</entry>
<entry level="1" type="bullet">

 <b><artifact wordnetid="100021939" confidence="0.8">
<facility wordnetid="103315023" confidence="0.8">
<station wordnetid="104306080" confidence="0.8">
<link xlink:type="simple" xlink:href="../333/827333.xml">
Burnt Oak Station</link></station>
</facility>
</artifact>
</b></entry>
<entry level="1" type="bullet">

 Orange Hill Road</entry>
<entry level="1" type="bullet">

 Deansbrook Road</entry>
<entry level="1" type="bullet">

 Lyndhurst Avenue</entry>
<entry level="1" type="bullet">

 Bunns Lane</entry>
<entry level="1" type="bullet">

 Mill Hill Broadway</entry>
<entry level="1" type="bullet">

 <b><station wordnetid="104306080" confidence="0.9508927676800064">
<link xlink:type="simple" xlink:href="../628/1709628.xml">
Mill Hill Broadway Station</link></station>
</b> <it>Forecourt''</it></entry>
</list>
</p>
</ss1>
</col>
<col align="left" width="" valign="top">
<ss1>
<st>
Route departing Mill Hill Broadway</st>
<p>

<list>
<entry level="1" type="bullet">

 <b><station wordnetid="104306080" confidence="0.9508927676800064">
<link xlink:type="simple" xlink:href="../628/1709628.xml">
Mill Hill Broadway Station</link></station>
</b> <it>Forecourt''</it></entry>
<entry level="1" type="bullet">

 Mill Hill Broadway</entry>
<entry level="1" type="bullet">

 Bunns Lane</entry>
<entry level="1" type="bullet">

 Lyndhurst Avenue</entry>
<entry level="1" type="bullet">

 Deansbrook Road</entry>
<entry level="1" type="bullet">

 Orange Hill Road</entry>
<entry level="1" type="bullet">

 <b><artifact wordnetid="100021939" confidence="0.8">
<facility wordnetid="103315023" confidence="0.8">
<station wordnetid="104306080" confidence="0.8">
<link xlink:type="simple" xlink:href="../333/827333.xml">
Burnt Oak Station</link></station>
</facility>
</artifact>
</b></entry>
<entry level="1" type="bullet">

 Watling Avenue</entry>
<entry level="1" type="bullet">

 Stag Lane</entry>
<entry level="1" type="bullet">

 Roe Green</entry>
<entry level="1" type="bullet">

 Kingsbury Green</entry>
<entry level="1" type="bullet">

 Kingsbury Road</entry>
<entry level="1" type="bullet">

 Church Lane</entry>
<entry level="1" type="bullet">

 Tudor Gardens</entry>
<entry level="1" type="bullet">

 Blackbird Hill</entry>
<entry level="1" type="bullet">

 Neasden Lane North</entry>
<entry level="1" type="bullet">

 Hazelwood Close</entry>
<entry level="1" type="bullet">

 Neasden Lane</entry>
<entry level="1" type="bullet">

 Neasden <it>Shopping Centre''</it></entry>
<entry level="1" type="bullet">

 Birse Cresent</entry>
<entry level="1" type="bullet">

 Dudden Hill Lane</entry>
<entry level="1" type="bullet">

 <mathematical_relation wordnetid="113783581" confidence="0.8">
<company wordnetid="108058098" confidence="0.8">
<operator wordnetid="113786413" confidence="0.8">
<institution wordnetid="108053576" confidence="0.8">
<function wordnetid="113783816" confidence="0.8">
<link xlink:type="simple" xlink:href="../318/2193318.xml#xpointer(//*[./st=%22Willesden%22])">
Willesden Bus Garage</link></function>
</institution>
</operator>
</company>
</mathematical_relation>
</entry>
<entry level="1" type="bullet">

 <site wordnetid="108651247" confidence="0.9508927676800064">
<link xlink:type="simple" xlink:href="../389/94389.xml">
Willesden High Road</link></site>
</entry>
<entry level="1" type="bullet">

 <link xlink:type="simple" xlink:href="../389/94389.xml">
Willesden Green</link> <it>Library''</it></entry>
<entry level="1" type="bullet">

 Brondesbury Park</entry>
<entry level="1" type="bullet">

 Staverton Road</entry>
<entry level="1" type="bullet">

 Sidmouth Road</entry>
<entry level="1" type="bullet">

 Chamberlayne Road</entry>
<entry level="1" type="bullet">

<b><station wordnetid="104306080" confidence="0.9508927676800064">
<link xlink:type="simple" xlink:href="../431/1709431.xml">
Kensal Rise Station</link></station>
</b> <it>Forecourt''</it></entry>
</list>
</p>
</ss1>
</col>
</row>
</table>
</p>

</sec>
<sec>
<st>
See also</st>
<p>

<list>
<entry level="1" type="bullet">

 <link xlink:type="simple" xlink:href="../207/5179207.xml">
List of bus routes in London</link></entry>
<entry level="1" type="bullet">

 <mathematical_relation wordnetid="113783581" confidence="0.8">
<company wordnetid="108058098" confidence="0.8">
<operator wordnetid="113786413" confidence="0.8">
<institution wordnetid="108053576" confidence="0.8">
<function wordnetid="113783816" confidence="0.8">
<link xlink:type="simple" xlink:href="../318/2193318.xml">
Metroline</link></function>
</institution>
</operator>
</company>
</mathematical_relation>
</entry>
</list>
</p>

</sec>
<sec>
<st>
External links</st>
<p>

<list>
<entry level="1" type="bullet">

 <weblink xlink:type="simple" xlink:href="http://www.tfl.gov.uk">
Transport for London</weblink></entry>
<entry level="1" type="bullet">

 <weblink xlink:type="simple" xlink:href="http://www.busesatwork.co.uk">
London Bus Routes</weblink></entry>
<entry level="1" type="bullet">

 <weblink xlink:type="simple" xlink:href="http://www.busmap.org/tt4/302.pdf">
Full timetable (PDF)</weblink></entry>
</list>
</p>

<p>

<table style="margin: 0 auto; border-collapse: collapse;" cellpadding="3" class="toccolours" border="1" cellspacing="0">
<row>
<header align="center" bgcolor="#efefef">
 <b><link xlink:type="simple" xlink:href="../207/5179207.xml">
List of bus routes in London</link></b></header>
</row>
<row>
<col style="font-size: 90%;" align="center">
<link xlink:type="simple" xlink:href="../207/5179207.xml#xpointer(//*[./st=%221-99%22])">
1-99</link> |
<link xlink:type="simple" xlink:href="../207/5179207.xml#xpointer(//*[./st=%22100-199%22])">
100-199</link> |
<link xlink:type="simple" xlink:href="../207/5179207.xml#xpointer(//*[./st=%22200-299%22])">
200-299</link> |
<link xlink:type="simple" xlink:href="../207/5179207.xml#xpointer(//*[./st=%22300-399%22])">
300-399</link> |
<link xlink:type="simple" xlink:href="../207/5179207.xml#xpointer(//*[./st=%22400-499%22])">
400-499</link> |
<link xlink:type="simple" xlink:href="../207/5179207.xml#xpointer(//*[./st=%22500-599%22])">
500-599</link> |
<link xlink:type="simple" xlink:href="../207/5179207.xml#xpointer(//*[./st=%22600-699%22])">
600-699</link> |
<link xlink:type="simple" xlink:href="../207/5179207.xml#xpointer(//*[./st=%22Letter+prefixed%22])">
Letter prefix</link> |
<link xlink:type="simple" xlink:href="../207/5179207.xml#xpointer(//*[./st=%22Routes+which+only+run+at+night+(N+prefixed)%22])">
Night only</link></col>
</row>
</table>
</p>


</sec>
</bdy>
</bus_route>
</bus>
</article>
