<?xml version="1.0" encoding="UTF-8"?>
<!-- generated by CLiX/Wiki2XML [MPI-Inf, MMCI@UdS] $LastChangedRevision: 92 $ on 17.04.2009 00:39:05[mciao0825] -->
<!DOCTYPE article SYSTEM "../article.dtd">
<article xmlns:xlink="http://www.w3.org/1999/xlink">
<region  confidence="0.8" wordnetid="108630985">
<administrative_district  confidence="0.8" wordnetid="108491826">
<location  confidence="0.8" wordnetid="100027167">
<municipality  confidence="0.8" wordnetid="108626283">
<geographical_area  confidence="0.8" wordnetid="108574314">
<district  confidence="0.8" wordnetid="108552138">
<urban_area  confidence="0.8" wordnetid="108675967">
<header>
<title>Moriles</title>
<id>11108951</id>
<revision>
<id>242794953</id>
<timestamp>2008-10-03T18:10:46Z</timestamp>
<contributor>
<username>The Anomebot2</username>
<id>1979668</id>
</contributor>
</revision>
<categories>
<category>Spain articles missing geocoordinate data</category>
<category>Municipalities in Córdoba</category>
</categories>
</header>
<bdy>

<b>Moriles</b> is a town in the province of <link>
Córdoba</link> (<social_group wordnetid="107950920" confidence="0.8">
<gathering wordnetid="107975026" confidence="0.8">
<community wordnetid="108223802" confidence="0.8">
<group wordnetid="100031264" confidence="0.8">
<link xlink:type="simple" xlink:href="../736/2736.xml">
Andalusia</link></group>
</community>
</gathering>
</social_group>
, <system wordnetid="108435388" confidence="0.8">
<economy wordnetid="108366753" confidence="0.8">
<group wordnetid="100031264" confidence="0.8">
<link xlink:type="simple" xlink:href="../667/26667.xml">
Spain</link></group>
</economy>
</system>
). As of 2005 it had a population of 3,874. The municipality covers an area of about 20 km² and has a population density of about 194 inhabitants/km². The town is located about 65 km sosuth of the provincial capital, Córdoba, at an altitude of 375 m above sea level, at co-ordinates 37º 26' N, 4º 36' O.<p>

Famed for its <link xlink:type="simple" xlink:href="../478/22478.xml">
olive oil</link> and fortified <link xlink:type="simple" xlink:href="../246/160246.xml">
Sherry</link>-like wines known as <region wordnetid="108630039" confidence="0.8">
<location wordnetid="100027167" confidence="0.8">
<link xlink:type="simple" xlink:href="../686/11100686.xml">
Montilla-Moriles</link></location>
</region>
.</p>




<p>

Coordinates needed: </p>


</bdy>
</urban_area>
</district>
</geographical_area>
</municipality>
</location>
</administrative_district>
</region>
</article>
