<?xml version="1.0" encoding="UTF-8"?>
<!-- generated by CLiX/Wiki2XML [MPI-Inf, MMCI@UdS] $LastChangedRevision: 92 $ on 17.04.2009 00:39:30[mciao0826] -->
<!DOCTYPE article SYSTEM "../article.dtd">
<article xmlns:xlink="http://www.w3.org/1999/xlink">
<physical_entity  confidence="0.8" wordnetid="100001930">
<person  confidence="0.8" wordnetid="100007846">
<intellectual  confidence="0.8" wordnetid="109621545">
<causal_agent  confidence="0.8" wordnetid="100007347">
<scholar  confidence="0.8" wordnetid="110557854">
<header>
<title>Johnny Ryan (academic)</title>
<id>11108513</id>
<revision>
<id>244458096</id>
<timestamp>2008-10-10T22:15:17Z</timestamp>
<contributor>
<username>Cp3hurdle</username>
<id>8051629</id>
</contributor>
</revision>
<categories>
<category>Institute of European Affairs</category>
<category>Living people</category>
<category>O&apos;Reilly Foundation</category>
<category>All articles to be merged</category>
<category>Irish scholars and academics</category>
<category>Articles to be merged&amp;#32;since June 2008</category>
</categories>
</header>
<bdy>

<table class="metadata plainlinks ambox ">
<row>
<col>

ambox-move" style=""</col>
</row>
<row>
<col class="mbox-image"><p>

<image width="50px" src="Mergefrom.svg">
</image>
</p>
</col>
<col style="" class="mbox-text">
 It has been suggested that  be  into this article or section. ()</col>
</row>
</table>

<p>

<b>Johnny Ryan</b> (born 1980) is a political researcher, on topics which include impacts of the internet, and works as a senior researcher at the <link xlink:type="simple" xlink:href="../884/18392884.xml">
Institute of International and European Affairs</link>, a policy <it><link xlink:type="simple" xlink:href="../101/37101.xml">
think tank</link></it> and forum based in <site wordnetid="108651247" confidence="0.9508927676800064">
<link xlink:type="simple" xlink:href="../504/8504.xml">
Dublin</link></site>
, <country wordnetid="108544813" confidence="0.9508927676800064">
<link xlink:type="simple" xlink:href="../560/14560.xml">
Ireland</link></country>
. One of his works has been quoted widely in the media and has informed an <economy wordnetid="108366753" confidence="0.9508927676800064">
<link xlink:type="simple" xlink:href="../317/9317.xml">
EU</link></economy>
 policy position.</p>

<sec>
<st>
Life</st>
<p>

Ryan was educated at <university wordnetid="108286163" confidence="0.9508927676800064">
<link xlink:type="simple" xlink:href="../095/738095.xml">
University College Dublin</link></university>
, earning a BA and an MA, and at <link xlink:type="simple" xlink:href="../796/31796.xml">
Cambridge University</link>, from which he holds an MPhil. He is now an <link xlink:type="simple" xlink:href="../826/15614826.xml">
O'Reilly Scholar</link>, resuming his earlier work with Prof. <peer wordnetid="109626238" confidence="0.8">
<physical_entity wordnetid="100001930" confidence="0.8">
<skilled_worker wordnetid="110605985" confidence="0.8">
<person wordnetid="100007846" confidence="0.8">
<intellectual wordnetid="109621545" confidence="0.8">
<colleague wordnetid="109935990" confidence="0.8">
<serviceman wordnetid="110582746" confidence="0.8">
<associate wordnetid="109816771" confidence="0.8">
<military_officer wordnetid="110317007" confidence="0.8">
<worker wordnetid="109632518" confidence="0.8">
<causal_agent wordnetid="100007347" confidence="0.8">
<historian wordnetid="110177150" confidence="0.8">
<scholar wordnetid="110557854" confidence="0.8">
<link xlink:type="simple" xlink:href="../050/2807050.xml">
Christopher Andrew</link></scholar>
</historian>
</causal_agent>
</worker>
</military_officer>
</associate>
</serviceman>
</colleague>
</intellectual>
</person>
</skilled_worker>
</physical_entity>
</peer>
, official historian of <agency wordnetid="108337324" confidence="0.9508927676800064">
<link xlink:type="simple" xlink:href="../076/100076.xml">
MI5</link></agency>
, now as a PhD candidate at <body wordnetid="107965085" confidence="0.8">
<social_group wordnetid="107950920" confidence="0.8">
<college wordnetid="108278169" confidence="0.8">
<group wordnetid="100031264" confidence="0.8">
<administration wordnetid="108164585" confidence="0.8">
<link xlink:type="simple" xlink:href="../369/201369.xml">
Magdalene College, Cambridge</link></administration>
</group>
</college>
</social_group>
</body>
.<ref xlink:type="simple" xlink:href="#xpointer(//reflist/entry[@id=%221%22])">1</ref> He lives in <region wordnetid="108630985" confidence="0.8">
<administrative_district wordnetid="108491826" confidence="0.8">
<location wordnetid="100027167" confidence="0.8">
<municipality wordnetid="108626283" confidence="0.8">
<geographical_area wordnetid="108574314" confidence="0.8">
<town wordnetid="108665504" confidence="0.8">
<district wordnetid="108552138" confidence="0.8">
<urban_area wordnetid="108675967" confidence="0.8">
<link xlink:type="simple" xlink:href="../218/39218.xml">
Ballsbridge</link></urban_area>
</district>
</town>
</geographical_area>
</municipality>
</location>
</administrative_district>
</region>
, <site wordnetid="108651247" confidence="0.9508927676800064">
<link xlink:type="simple" xlink:href="../504/8504.xml">
Dublin</link></site>
.<ref xlink:type="simple" xlink:href="#xpointer(//reflist/entry[@id=%221%22])">1</ref></p>

</sec>
<sec>
<st>
Work</st>

<ss1>
<st>
Current</st>

<ss2>
<st>
Digital Future project</st>
<p>

Ryan is currently Project Manager of the Digital Future project<weblink xlink:type="simple" xlink:href="http://www.iiea.com/digital/">
http://www.iiea.com/digital/</weblink> at the Institute of International and European Affairs, and is drafting the <it>Digital Competitiveness Report</it> <ref xlink:type="simple" xlink:href="#xpointer(//reflist/entry[@id=%222%22])">2</ref><ref xlink:type="simple" xlink:href="#xpointer(//reflist/entry[@id=%223%22])">3</ref><ref xlink:type="simple" xlink:href="#xpointer(//reflist/entry[@id=%224%22])">4</ref>. Meetings during this project have included presentations from <person wordnetid="100007846" confidence="0.9508927676800064">
<professor wordnetid="110480730" confidence="0.9173553029164789">
<link xlink:type="simple" xlink:href="../197/213197.xml">
Jonathan Zittrain</link></professor>
</person>
, <link>
Fabio Colasanti</link>, <physical_entity wordnetid="100001930" confidence="0.8">
<person wordnetid="100007846" confidence="0.8">
<intellectual wordnetid="109621545" confidence="0.8">
<causal_agent wordnetid="100007347" confidence="0.8">
<scholar wordnetid="110557854" confidence="0.8">
<link xlink:type="simple" xlink:href="../321/11517321.xml">
Linnar Viik</link></scholar>
</causal_agent>
</intellectual>
</person>
</physical_entity>
, <link xlink:type="simple" xlink:href="../320/1193320.xml">
Toomas Ilves</link>, <person wordnetid="100007846" confidence="0.9508927676800064">
<link xlink:type="simple" xlink:href="../502/17502.xml">
Larry Sanger</link></person>
, <link>
Peter Fleischer</link> and Susanne Dirks of <company wordnetid="108058098" confidence="0.9508927676800064">
<link xlink:type="simple" xlink:href="../259/18622259.xml">
IBM</link></company>
's Institute for Business Value. The project launched on 1 May 2008 a <it>Digital Competitiveness Stakeholder Consultation,</it> and will initially report to the Irish Government in September 2008.</p>

</ss2>
<ss2>
<st>
Other current work</st>
<p>

Ryan is also a paid Project Manager at the European Biometrics Forum.  </p>
<p>

On a voluntary basis, he is a member of the peer-review pannel of the EuroMesCo Research Consortium, an advisor to and online campaign designer for Senator <physical_entity wordnetid="100001930" confidence="0.8">
<member wordnetid="110307234" confidence="0.8">
<peer wordnetid="109626238" confidence="0.8">
<person wordnetid="100007846" confidence="0.8">
<civil_authority wordnetid="110541833" confidence="0.8">
<mayor wordnetid="110303814" confidence="0.8">
<adult wordnetid="109605289" confidence="0.8">
<professional wordnetid="110480253" confidence="0.8">
<council_member wordnetid="109944763" confidence="0.8">
<associate wordnetid="109816771" confidence="0.8">
<politician wordnetid="110451263" confidence="0.8">
<authority wordnetid="109824609" confidence="0.8">
<leader wordnetid="109623038" confidence="0.8">
<barrister wordnetid="109840963" confidence="0.8">
<causal_agent wordnetid="100007347" confidence="0.8">
<lawyer wordnetid="110249950" confidence="0.8">
<link xlink:type="simple" xlink:href="../157/5418157.xml">
Eugene Regan</link></lawyer>
</causal_agent>
</barrister>
</leader>
</authority>
</politician>
</associate>
</council_member>
</professional>
</adult>
</mayor>
</civil_authority>
</person>
</peer>
</member>
</physical_entity>
, and a member of the European Security Research and Innovation Forum’s Working Group 2, dealing with <it>security of critical infrastructure</it>.</p>

</ss2>
</ss1>
<ss1>
<st>
Previous work</st>

<ss2>
<st>
IEA</st>
<p>

Ryan joined the then Institute of European Affairs in August 2005, as a researcher, achieving promotion to senior researcher in April 2007.  He has led programmes on counter-terror and security, other aspects of home affairs policy and digital policy, and has participated in publication of reports, organisation of seminars and conferences, and associated networking, much at a high level.</p>

</ss2>
<ss2>
<st>
"iWar"</st>
<p>

In 2007, following a series of cyber attacks on Estonian banking and government websites, Ryan coined<ref xlink:type="simple" xlink:href="#xpointer(//reflist/entry[@id=%225%22])">5</ref><ref xlink:type="simple" xlink:href="#xpointer(//reflist/entry[@id=%226%22])">6</ref> the term "iWar" in <link xlink:type="simple" xlink:href="../618/3599618.xml">
TCS Daily</link> to describe serious but low-level cyber conflict that could threaten economic life without impacting high-security or critical infrastructure.<ref xlink:type="simple" xlink:href="#xpointer(//reflist/entry[@id=%227%22])">7</ref>. He published a lightly refined version of this concept in the Winter edition of <it>NATO Review</it> <ref xlink:type="simple" xlink:href="#xpointer(//reflist/entry[@id=%228%22])">8</ref>, and a longer treatment in <link xlink:type="simple" xlink:href="../604/2570604.xml">
OpenDemocracy</link> <ref xlink:type="simple" xlink:href="#xpointer(//reflist/entry[@id=%229%22])">9</ref></p>

</ss2>
</ss1>
<ss1>
<st>
Regulation of Internet Content</st>

<p>

<indent level="1">

<it>See also: <link xlink:type="simple" xlink:href="../513/11108513.xml">
A User Driven Strategy to Recover the Web</link></it>
</indent>
<image location="right" width="150px" src="Alan_Dukes_and_Johnny_Ryan_and_Larry_Sanger_thumb.jpg" type="thumb">
<caption>

Ryan (centre) with <physical_entity wordnetid="100001930" confidence="0.8">
<person wordnetid="100007846" confidence="0.8">
<clergyman wordnetid="109927451" confidence="0.8">
<leader wordnetid="109623038" confidence="0.8">
<spiritual_leader wordnetid="109505153" confidence="0.8">
<causal_agent wordnetid="100007347" confidence="0.8">
<curate wordnetid="109983572" confidence="0.8">
<link xlink:type="simple" xlink:href="../919/204919.xml">
Alan Dukes</link></curate>
</causal_agent>
</spiritual_leader>
</leader>
</clergyman>
</person>
</physical_entity>
 (left) and <person wordnetid="100007846" confidence="0.9508927676800064">
<link xlink:type="simple" xlink:href="../502/17502.xml">
Larry Sanger</link></person>
 (right) at the <link xlink:type="simple" xlink:href="../884/18392884.xml">
IIEA</link> in 2007
</caption>
</image>

His mid-2007 book <it>Countering militant Islamist radicalisation on the Internet: a user-driven strategy to recover the web</it><ref xlink:type="simple" xlink:href="#xpointer(//reflist/entry[@id=%2210%22])">10</ref> was heavily cited in the European Commission DG FSJ impact assessment {COM_SEC(2007)1424}, 6 November 2007, that decided against proposing an EU-wide Internet censorship system to limit access to illegal content.<ref xlink:type="simple" xlink:href="#xpointer(//reflist/entry[@id=%2211%22])">11</ref>. One of the primary concepts of the book is that communities on the Internet and the principle of open communication can, under the right circumstances, limit the harm of violent extremism on the Internet better than an attempt at censorship.<ref xlink:type="simple" xlink:href="#xpointer(//reflist/entry[@id=%2212%22])">12</ref>. Ryan has presented on this concept at meetings of the the <link xlink:type="simple" xlink:href="../796/22796.xml">
OSCE</link> annual CT experts meeting<ref xlink:type="simple" xlink:href="#xpointer(//reflist/entry[@id=%2213%22])">13</ref>, <link xlink:type="simple" xlink:href="../319/553319.xml">
Irish Government</link> EuroMed conference, annual Swiss Federal Government CT conference, and at the Pluscarden Conference organised at St Anthonys, Oxford<ref xlink:type="simple" xlink:href="#xpointer(//reflist/entry[@id=%2214%22])">14</ref>. He has promoted the user-driven approach in various media outlets.</p>

</ss1>
<ss1>
<st>
Recent voluntary work</st>
<p>

In 2007, Ryan served on the selection committee for Irish postgraduate applicants to the <it>College of Europe</it>.</p>

</ss1>
<ss1>
<st>
Early career</st>
<p>

Ryan worked as Project Coordinator of Digital Publishing Innovations Ltd. for some months, and previously as a tutor at University College Dublin's School of History for over 18 months, and as Editor of <it>The History Review</it> for a similar time.</p>

</ss1>
</sec>
<sec>
<st>
Publications</st>
<p>

Aside from his current book, referenced above and below, Ryan recently signed a contract with Reaktion Books to write on the history of the political impact of the Internet, "from <physical_entity wordnetid="100001930" confidence="0.8">
<person wordnetid="100007846" confidence="0.8">
<pioneer wordnetid="110434725" confidence="0.8">
<intellectual wordnetid="109621545" confidence="0.8">
<alumnus wordnetid="109786338" confidence="0.8">
<causal_agent wordnetid="100007347" confidence="0.8">
<inventor wordnetid="110214637" confidence="0.8">
<originator wordnetid="110383816" confidence="0.8">
<scholar wordnetid="110557854" confidence="0.8">
<creator wordnetid="109614315" confidence="0.8">
<link xlink:type="simple" xlink:href="../348/1016348.xml">
Paul Baran</link></creator>
</scholar>
</originator>
</inventor>
</causal_agent>
</alumnus>
</intellectual>
</pioneer>
</person>
</physical_entity>
's memos at <link xlink:type="simple" xlink:href="../944/214944.xml">
RAND</link> on <link>
distributed networking</link> to the impact of <link xlink:type="simple" xlink:href="../749/249749.xml">
microfinance</link> via <link xlink:type="simple" xlink:href="../887/1145887.xml">
mobile telephony</link> on remote communities in the developing world". He has also published a range of papers, most relating to terrorism on, and anti-terror aspects of, the internet. </p>
<p>

Previous work, before 2004, includes a paper on Ireland's presidency of the UN Security Council during the siege of Beirut, and another, presented at the <social_group wordnetid="107950920" confidence="0.8">
<society wordnetid="107966140" confidence="0.8">
<group wordnetid="100031264" confidence="0.8">
<link xlink:type="simple" xlink:href="../512/646512.xml">
Royal Irish Academy</link></group>
</society>
</social_group>
, on <link xlink:type="simple" xlink:href="../653/59653.xml">
Foreign and Commonwealth Office</link> failures in relation to <country wordnetid="108544813" confidence="0.9508927676800064">
<link xlink:type="simple" xlink:href="../219/26219.xml">
Rhodesia</link></country>
.</p>

</sec>
<sec>
<st>
Media</st>
<p>

Ryan has appeared with or contributed expertise to <company wordnetid="108058098" confidence="0.9508927676800064">
<link xlink:type="simple" xlink:href="../750/18998750.xml">
Reuters</link></company>
, the <commercial_enterprise wordnetid="108065093" confidence="0.8">
<cooperative wordnetid="101100877" confidence="0.8">
<enterprise wordnetid="108056231" confidence="0.8">
<link xlink:type="simple" xlink:href="../732/18935732.xml">
Associated Press</link></enterprise>
</cooperative>
</commercial_enterprise>
, the <link xlink:type="simple" xlink:href="../378/147378.xml">
Irish Times</link>, the <newspaper wordnetid="106267145" confidence="0.9508927676800064">
<link xlink:type="simple" xlink:href="../544/169544.xml">
Irish Independent</link></newspaper>
, <newspaper wordnetid="106267145" confidence="0.9508927676800064">
<link xlink:type="simple" xlink:href="../127/39127.xml">
The Times</link></newspaper>
 of London, <network wordnetid="108434259" confidence="0.9508927676800064">
<link xlink:type="simple" xlink:href="../654/19344654.xml">
BBC</link></network>
 <network wordnetid="108434259" confidence="0.9508927676800064">
<link xlink:type="simple" xlink:href="../627/37627.xml">
World Service</link></network>
, BBC <link xlink:type="simple" xlink:href="../912/233912.xml">
Radio Five Live</link>, Austrian Broadcasting Corporation, NewsTalk 106FM, <radio_station wordnetid="104044119" confidence="0.9508927676800064">
<link xlink:type="simple" xlink:href="../120/853120.xml">
Today FM</link></radio_station>
, <link xlink:type="simple" xlink:href="../442/180442.xml">
RTE</link>'s Prime Time, and <work wordnetid="104599396" confidence="0.8">
<product wordnetid="104007894" confidence="0.8">
<magazine wordnetid="106595351" confidence="0.8">
<print_media wordnetid="106263609" confidence="0.8">
<creation wordnetid="103129123" confidence="0.8">
<press wordnetid="106263369" confidence="0.8">
<artifact wordnetid="100021939" confidence="0.8">
<instrumentality wordnetid="103575240" confidence="0.8">
<medium wordnetid="106254669" confidence="0.8">
<publication wordnetid="106589574" confidence="0.8">
<link xlink:type="simple" xlink:href="../058/16159058.xml">
Business &amp; Finance</link></publication>
</medium>
</instrumentality>
</artifact>
</press>
</creation>
</print_media>
</magazine>
</product>
</work>
 and <newspaper wordnetid="106267145" confidence="0.9508927676800064">
<link xlink:type="simple" xlink:href="../076/3141076.xml">
Magill</link></newspaper>
 magazines.</p>

</sec>
<sec>
<st>
Awards</st>

<ss1>
<st>
Academic awards</st>
<p>

Ryan is currently an <link xlink:type="simple" xlink:href="../826/15614826.xml">
O'Reilly Foundation</link> Scholar. Previously, as a graduate student at Cambridge and UCD, he won a partial Cambridge European Trusts bursary.</p>

</ss1>
<ss1>
<st>
Media awards</st>
<p>

Ryan has also won three awards at Ireland's national student media awards, as both editor and feature writer.</p>

</ss1>
</sec>
<sec>
<st>
Notes and references</st>

<p>

<reflist>
<entry id="1">
Dublin, Ireland: The Irish Independent, Friday 25 January 2008, p. 20, "MI5 spies help student unlock terrorists' web", Walshe, John; includes photograph of subject in group</entry>
<entry id="2">
The Digital Future Project website http://www.iiea.com/digital/ </entry>
<entry id="3">
'Major digital sector report planned for Government', SiliconRepublic, 24.06.2008 http://www.siliconrepublic.com/news/article/10881/business/major-digital-sector-report-planned-for-government</entry>
<entry id="4">
'News - Have your input into Government Digital Policy', IT@Cork, 24 June 2008 http://www.itcork.ie/index.cfm?page=news&amp;newsId=1010</entry>
<entry id="5">
Author's first use of phrase in this context in TCS Daily http://www.tcsdaily.com/Article.aspx?id=071807B</entry>
<entry id="6">
Also see Arbor Networks analysis http://asert.arbornetworks.com/2008/04/nato-and-eu-cybercrime-summits/</entry>
<entry id="7">
Reported in <newspaper wordnetid="106267145" confidence="0.9508927676800064">
<link xlink:type="simple" xlink:href="../463/208463.xml">
USA Today</link></newspaper>
, 2 April 2008 http://www.usatoday.com/news/world/2008-04-02-1773731546_x.htm</entry>
<entry id="8">
NATO Review, Winter 2007 http://www.nato.int/docu/review/2007/issue4/english/analysis2.html</entry>
<entry id="9">
OpenDemocracy, "iWar: pirates, states and the internet", 6 February 2008 http://www.opendemocracy.net/article/iwar_pirates_states_and_the_internet</entry>
<entry id="10">
Dublin, Ireland, May 2007: Ryan, Johnny, <it>Countering militant Islamist radicalisation on the Internet: a user driven strategy to recover the web</it>, ISBN 1-874-109-86-9, 166pp, Amazon listing: http://www.amazon.co.uk/Countering-Militant-Islamist-Radicalisation-Internet/dp/1874109869</entry>
<entry id="11">
See assessment document {COM_SEC(2007)1424}, p. 8, 28, 41-2, 44  at http://www.ipex.eu/ipex/webdav/site/myjahiasite/groups/CentralSupport/public/2007/SEC_2007_1424/COM_SEC(2007)1424_EN.pdf</entry>
<entry id="12">
See Larry Sanger's (wikipedia co-founder) comments on the book on his blog, 2 October 2007 http://blog.citizendium.org/2007/10/02/powerful-cyber-polities</entry>
<entry id="13">
See Reuters coverage, 16 November 2007 http://www.reuters.com/article/internetNews/idUSL1656842820071116?pageNumber=3&amp;sp=true</entry>
<entry id="14">
Pluscarden programme http://www.sant.ox.ac.uk/events/pp_conf_programme.pdf</entry>
</reflist>
</p>

</sec>
<sec>
<st>
External links</st>
<p>

<list>
<entry level="1" type="bullet">

 Ryan's <weblink xlink:type="simple" xlink:href="http://books.google.com/books?id=hsUGK-PpEuUC">
first book</weblink> is available as a free-to-view (but not print) volume at Google Books.</entry>
</list>
</p>
<p>

<list>
<entry level="1" type="bullet">

 Ryan's <weblink xlink:type="simple" xlink:href="http://www.youtube.com/watch?v=HYMviULDr-8">
dorm room</weblink> is available as a free-to-view (but not enter) video at Youtube Videos.</entry>
</list>
</p>

</sec>
<sec>
<st>
Background source</st>
<p>

<list>
<entry level="1" type="bullet">

 <weblink xlink:type="simple" xlink:href="http://www.linkedin.com/in/johnnyryan1">
Personal (self-written) profile at professional social network site</weblink></entry>
<entry level="1" type="bullet">

 <weblink xlink:type="simple" xlink:href="http://johnnyryan.wordpress.com">
Personal blog and online CV / resume</weblink></entry>
</list>
</p>


</sec>
</bdy>
</scholar>
</causal_agent>
</intellectual>
</person>
</physical_entity>
</article>
