<?xml version="1.0" encoding="UTF-8"?>
<!-- generated by CLiX/Wiki2XML [MPI-Inf, MMCI@UdS] $LastChangedRevision: 92 $ on 16.04.2009 18:08:17[mciao0825] -->
<!DOCTYPE article SYSTEM "../article.dtd">
<article xmlns:xlink="http://www.w3.org/1999/xlink">
<exile  confidence="0.9511911446218017" wordnetid="110071332">
<actor  confidence="0.9173553029164789" wordnetid="109765278">
<header>
<title>Richard Harrison (actor)</title>
<id>1110837</id>
<revision>
<id>238365800</id>
<timestamp>2008-09-14T14:30:43Z</timestamp>
<contributor>
<username>Lightbot</username>
<id>7178666</id>
</contributor>
</revision>
<categories>
<category>American B-movie actors</category>
<category>American film actors</category>
<category>Articles lacking in-text citations</category>
<category>American expatriates in Italy</category>
<category>Articles that include images for deletion</category>
<category>Spaghetti Western actors</category>
<category>Living people</category>
<category>Utah actors</category>
<category>1936 births</category>
</categories>
</header>
<bdy>
<template>
<name>infobox actor</name>
<parameters>

<image width="150px" src="Eliminator.jpg">
<caption>

Richard Harrison in <it><product wordnetid="104007894" confidence="0.8">
<creation wordnetid="103129123" confidence="0.8">
<artifact wordnetid="100021939" confidence="0.8">
<event wordnetid="100029378" confidence="0.8">
<social_event wordnetid="107288639" confidence="0.8">
<movie wordnetid="106613686" confidence="0.8">
<show wordnetid="106619065" confidence="0.8">
<psychological_feature wordnetid="100023100" confidence="0.8">
<link xlink:type="simple" xlink:href="../161/1704161.xml">
Blood Debts</link></psychological_feature>
</show>
</movie>
</social_event>
</event>
</artifact>
</creation>
</product>
''</it>
</caption>
</image>
<occupation>
<link xlink:type="simple" xlink:href="../753/753.xml">
Film actor</link></occupation>
<birthplace>
<village wordnetid="108672738" confidence="0.9508927676800064">
<link xlink:type="simple" xlink:href="../837/53837.xml">
Salt Lake City, Utah</link></village>
</birthplace>
<name>
Richard Harrison</name>
<birthdate>
May 26, 1936 (1936-05-26) (age&nbsp;72)</birthdate>
</parameters>
</template>

<p>

<table class="metadata plainlinks ambox ">
<row>
<col>

ambox-style" style=""</col>
</row>
<row>
<col class="mbox-image"><p>

<image width="50px" src="Text_document_with_red_question_mark.svg">
</image>
</p>
</col>
<col style="" class="mbox-text">
 This article includes a  or , but its sources remain unclear because it lacks <b>.</b>
You can  this article by introducing more precise citations .</col>
</row>
</table>

</p>

<p>

<b>Richard Harrison</b> is an <body wordnetid="107965085" confidence="0.8">
<social_group wordnetid="107950920" confidence="0.8">
<political_orientation wordnetid="106212839" confidence="0.8">
<colony wordnetid="108374049" confidence="0.8">
<state wordnetid="108168978" confidence="0.8">
<political_unit wordnetid="108359949" confidence="0.8">
<group wordnetid="100031264" confidence="0.8">
<democracy wordnetid="106217103" confidence="0.8">
<link xlink:type="simple" xlink:href="../750/3434750.xml">
American</link></democracy>
</group>
</political_unit>
</state>
</colony>
</political_orientation>
</social_group>
</body>
 <link xlink:type="simple" xlink:href="../391/105391.xml">
B-movie</link> actor (and occasionally a writer/director/producer) born on May 26, 1936, in <village wordnetid="108672738" confidence="0.9508927676800064">
<link xlink:type="simple" xlink:href="../837/53837.xml">
Salt Lake City, Utah</link></village>
.</p>
<p>

Harrison was very prolific and worked with most of the better-known names in European B-movies during the 1960s and 1970s, branching out to <link xlink:type="simple" xlink:href="../922/101922.xml">
exploitation</link> films shot all over the world in the early 1970s. He worked with directors ranging from established names like <physical_entity wordnetid="100001930" confidence="0.8">
<person wordnetid="100007846" confidence="0.8">
<maker wordnetid="110284064" confidence="0.8">
<scriptwriter wordnetid="110564905" confidence="0.8">
<director wordnetid="110014939" confidence="0.8">
<creator wordnetid="109614315" confidence="0.8">
<communicator wordnetid="109610660" confidence="0.8">
<manufacturer wordnetid="110292316" confidence="0.8">
<administrator wordnetid="109770949" confidence="0.8">
<leader wordnetid="109623038" confidence="0.8">
<causal_agent wordnetid="100007347" confidence="0.8">
<screenwriter wordnetid="110564400" confidence="0.8">
<writer wordnetid="110794014" confidence="0.8">
<head wordnetid="110162991" confidence="0.8">
<link xlink:type="simple" xlink:href="../645/144645.xml">
Antonio Margheriti</link></head>
</writer>
</screenwriter>
</causal_agent>
</leader>
</administrator>
</manufacturer>
</communicator>
</creator>
</director>
</scriptwriter>
</maker>
</person>
</physical_entity>
 and Marino Girolami to infamous <link xlink:type="simple" xlink:href="../320/8773320.xml">
Z-movie</link> directors like <link xlink:type="simple" xlink:href="../436/2632436.xml">
Paolo Solvay</link> and <physical_entity wordnetid="100001930" confidence="0.8">
<person wordnetid="100007846" confidence="0.8">
<leader wordnetid="109623038" confidence="0.8">
<administrator wordnetid="109770949" confidence="0.8">
<causal_agent wordnetid="100007347" confidence="0.8">
<head wordnetid="110162991" confidence="0.8">
<director wordnetid="110014939" confidence="0.8">
<link xlink:type="simple" xlink:href="../328/3962328.xml">
Alfonso Brescia</link></director>
</head>
</causal_agent>
</administrator>
</leader>
</person>
</physical_entity>
. Harrison's co-stars ranged from major and minor stars of the time like <physical_entity wordnetid="100001930" confidence="0.8">
<person wordnetid="100007846" confidence="0.8">
<model wordnetid="110324560" confidence="0.8">
<assistant wordnetid="109815790" confidence="0.8">
<contestant wordnetid="109613191" confidence="0.8">
<worker wordnetid="109632518" confidence="0.8">
<performer wordnetid="110415638" confidence="0.8">
<causal_agent wordnetid="100007347" confidence="0.8">
<actor wordnetid="109765278" confidence="0.8">
<entertainer wordnetid="109616922" confidence="0.8">
<link xlink:type="simple" xlink:href="../640/904640.xml">
Anita Ekberg</link></entertainer>
</actor>
</causal_agent>
</performer>
</worker>
</contestant>
</assistant>
</model>
</person>
</physical_entity>
, <person wordnetid="100007846" confidence="0.9508927676800064">
<actor wordnetid="109765278" confidence="0.9508927676800064">
<link xlink:type="simple" xlink:href="../233/211233.xml">
Klaus Kinski</link></actor>
</person>
, <physical_entity wordnetid="100001930" confidence="0.8">
<person wordnetid="100007846" confidence="0.8">
<performer wordnetid="110415638" confidence="0.8">
<causal_agent wordnetid="100007347" confidence="0.8">
<actor wordnetid="109765278" confidence="0.8">
<entertainer wordnetid="109616922" confidence="0.8">
<link xlink:type="simple" xlink:href="../339/1141339.xml">
Fernando Sancho</link></entertainer>
</actor>
</causal_agent>
</performer>
</person>
</physical_entity>
 and <physical_entity wordnetid="100001930" confidence="0.8">
<person wordnetid="100007846" confidence="0.8">
<performer wordnetid="110415638" confidence="0.8">
<causal_agent wordnetid="100007347" confidence="0.8">
<actor wordnetid="109765278" confidence="0.8">
<entertainer wordnetid="109616922" confidence="0.8">
<link xlink:type="simple" xlink:href="../469/2583469.xml">
Helmut Berger</link></entertainer>
</actor>
</causal_agent>
</performer>
</person>
</physical_entity>
 to obscure cult actors such as <actor wordnetid="109765278" confidence="0.9173553029164789">
<link xlink:type="simple" xlink:href="../253/2342253.xml">
Mike Monty</link></actor>
, <physical_entity wordnetid="100001930" confidence="0.8">
<person wordnetid="100007846" confidence="0.8">
<traveler wordnetid="109629752" confidence="0.8">
<performer wordnetid="110415638" confidence="0.8">
<causal_agent wordnetid="100007347" confidence="0.8">
<exile wordnetid="110071332" confidence="0.8">
<actor wordnetid="109765278" confidence="0.8">
<absentee wordnetid="109757653" confidence="0.8">
<entertainer wordnetid="109616922" confidence="0.8">
<link xlink:type="simple" xlink:href="../446/2342446.xml">
Romano Kristoff</link></entertainer>
</absentee>
</actor>
</exile>
</causal_agent>
</performer>
</traveler>
</person>
</physical_entity>
 and <physical_entity wordnetid="100001930" confidence="0.8">
<person wordnetid="100007846" confidence="0.8">
<traveler wordnetid="109629752" confidence="0.8">
<performer wordnetid="110415638" confidence="0.8">
<causal_agent wordnetid="100007347" confidence="0.8">
<exile wordnetid="110071332" confidence="0.8">
<actor wordnetid="109765278" confidence="0.8">
<absentee wordnetid="109757653" confidence="0.8">
<entertainer wordnetid="109616922" confidence="0.8">
<link xlink:type="simple" xlink:href="../291/2343291.xml">
Mike Cohen</link></entertainer>
</absentee>
</actor>
</exile>
</causal_agent>
</performer>
</traveler>
</person>
</physical_entity>
. </p>
<p>

He is also famous for refusing the title role in <actor wordnetid="109765278" confidence="0.9508927676800064">
<link xlink:type="simple" xlink:href="../772/38772.xml">
Sergio Leone</link></actor>
's <it><movie wordnetid="106613686" confidence="0.9508927676800064">
<link xlink:type="simple" xlink:href="../926/441926.xml">
A Fistful of Dollars</link></movie>
</it> and suggesting the name of his colleague <person wordnetid="100007846" confidence="0.9508927676800064">
<actor wordnetid="109765278" confidence="0.9508927676800064">
<link xlink:type="simple" xlink:href="../373/43373.xml">
Clint Eastwood</link></actor>
</person>
 instead, a fact that has guaranteed him a footnote in most books on Eastwood.</p>

<sec>
<st>
Early life</st>
<p>

Harrison left Salt Lake City for <link xlink:type="simple" xlink:href="../110/18110.xml">
Los Angeles</link> at 17, where he found work first at the Vic Tanny and Bert Goodrich gyms. Many people working in the film industry trained at the gym and these encounters led Harrison to study acting. </p>
<p>

He appeared in a <link xlink:type="simple" xlink:href="../208/28208.xml">
Santa Monica</link> stage production, then in TV, then in small parts in feature films. Harrison worked at <link xlink:type="simple" xlink:href="../318/170318.xml">
Twentieth Century Fox</link> under acting coach Sandy Meiser. He eventually signed a three film deal with <company wordnetid="108058098" confidence="0.9508927676800064">
<link xlink:type="simple" xlink:href="../231/203231.xml">
American International Pictures</link></company>
, which led him to Italy, where he remained for almost three decades, making a name for himself first in <link xlink:type="simple" xlink:href="../655/253655.xml">
peplum</link>, then <genre wordnetid="105845332" confidence="0.8">
<idea wordnetid="105833840" confidence="0.8">
<concept wordnetid="105835747" confidence="0.8">
<category wordnetid="105838765" confidence="0.8">
<kind wordnetid="105839024" confidence="0.8">
<link xlink:type="simple" xlink:href="../399/15013399.xml">
Eurospy films</link></kind>
</category>
</concept>
</idea>
</genre>
 and <link xlink:type="simple" xlink:href="../177/29177.xml">
spaghetti western</link>s. Formal acting studies set Harrison apart from other muscular American actors working in Italy in the early 1960s, such as <actor wordnetid="109765278" confidence="0.9173553029164789">
<link xlink:type="simple" xlink:href="../043/15427043.xml">
Brad Harris</link></actor>
 and <actor wordnetid="109765278" confidence="0.9508927676800064">
<link xlink:type="simple" xlink:href="../761/1038761.xml">
Steve Reeves</link></actor>
, with whom he is often grouped.</p>

</sec>
<sec>
<st>
1960s B-movies</st>
<p>

During the 1960s Harrison appeared mostly in B-movies, many of which are now considered to be cult films.</p>
<p>

Harrison relocated to <system wordnetid="108435388" confidence="0.8">
<economy wordnetid="108366753" confidence="0.8">
<group wordnetid="100031264" confidence="0.8">
<link xlink:type="simple" xlink:href="../532/14532.xml">
Italy</link></group>
</economy>
</system>
 in the early 1960s with his first wife Loretta, and became a minor star in <link xlink:type="simple" xlink:href="../655/253655.xml">
peplum</link>s, spy films, and <link xlink:type="simple" xlink:href="../177/29177.xml">
spaghetti western</link>s. His first Italian film and first starring role was in <it>The Invincible Gladiator</it> (1962), directed by Alberto De Martino and Antonio Momplet. Arguably Harrison's most well known film from his early career is the western <it>Gunfight at Red Sands</it> AKA <it>Duello nel Texas</it>, directed by Ricardo Blasco in 1963.<it> Gunfight at Red Sands</it> is also noteworthy for being the first Italian Western to feature an <composer wordnetid="109947232" confidence="0.9173553029164789">
<person wordnetid="100007846" confidence="0.9508927676800064">
<organizer wordnetid="110383237" confidence="0.9173553029164789">
<artist wordnetid="109812338" confidence="0.9508927676800064">
<link xlink:type="simple" xlink:href="../277/10277.xml">
Ennio Morricone</link></artist>
</organizer>
</person>
</composer>
 score. The 1968 film <it>Joko Invoca Dio...I Muori</it> AKA <it>Vengeance</it>, directed by <physical_entity wordnetid="100001930" confidence="0.8">
<person wordnetid="100007846" confidence="0.8">
<maker wordnetid="110284064" confidence="0.8">
<scriptwriter wordnetid="110564905" confidence="0.8">
<director wordnetid="110014939" confidence="0.8">
<creator wordnetid="109614315" confidence="0.8">
<communicator wordnetid="109610660" confidence="0.8">
<manufacturer wordnetid="110292316" confidence="0.8">
<administrator wordnetid="109770949" confidence="0.8">
<leader wordnetid="109623038" confidence="0.8">
<causal_agent wordnetid="100007347" confidence="0.8">
<screenwriter wordnetid="110564400" confidence="0.8">
<writer wordnetid="110794014" confidence="0.8">
<head wordnetid="110162991" confidence="0.8">
<link xlink:type="simple" xlink:href="../645/144645.xml">
Antonio Margheriti</link></head>
</writer>
</screenwriter>
</causal_agent>
</leader>
</administrator>
</manufacturer>
</communicator>
</creator>
</director>
</scriptwriter>
</maker>
</person>
</physical_entity>
, is another favorite among spaghetti western fans. Luciano Martino's 1965 movie <it>Secret Agent Fireball</it>, Harrison's first <link xlink:type="simple" xlink:href="../399/15013399.xml">
Eurospy</link> film, is also often cited as his best film in the genre and one of his better earlier films.</p>

</sec>
<sec>
<st>
1970s exploitation films</st>
<p>

It was during this time that Richard Harrison started to show up in more and more low-budget features all over the globe. Harrison started sporting a moustache, which became something of a trademark for him in the coming years. Although the general quality of his 1970s' filmography is somewhat low, some films from the time have gone on to cult status.</p>
<p>

<image location="left" width="150px" src="7women.jpg" type="thumb">
<caption>

A cover to a Finnish rental video of <it>You Can Do A Lot with 7 Women</it> from the late 1980s. The title translates as <it>"Drug Couriers"</it>.
</caption>
</image>
Harrison's career dwindled slowly in the 1970s at the same rate as the spaghetti western died. He began appearing in low-budget movies shot all over the world: In <country wordnetid="108544813" confidence="0.9508927676800064">
<link xlink:type="simple" xlink:href="../628/8087628.xml">
Egypt</link></country>
, in (<it>You Can Do a Lot with 7 Women</it>), (1971), with the <link xlink:type="simple" xlink:href="../020/192020.xml">
Shaw Brothers</link> in <country wordnetid="108544813" confidence="0.9508927676800064">
<link xlink:type="simple" xlink:href="../404/13404.xml">
Hong Kong</link></country>
 (<it>Marco Polo</it>), (1975), and in <link xlink:type="simple" xlink:href="../639/11125639.xml">
Turkey</link>, (<it>The Godfather's Friend</it>), (1972), <physical_entity wordnetid="100001930" confidence="0.8">
<person wordnetid="100007846" confidence="0.8">
<maker wordnetid="110284064" confidence="0.8">
<scriptwriter wordnetid="110564905" confidence="0.8">
<director wordnetid="110014939" confidence="0.8">
<creator wordnetid="109614315" confidence="0.8">
<communicator wordnetid="109610660" confidence="0.8">
<manufacturer wordnetid="110292316" confidence="0.8">
<administrator wordnetid="109770949" confidence="0.8">
<leader wordnetid="109623038" confidence="0.8">
<causal_agent wordnetid="100007347" confidence="0.8">
<screenwriter wordnetid="110564400" confidence="0.8">
<writer wordnetid="110794014" confidence="0.8">
<head wordnetid="110162991" confidence="0.8">
<link xlink:type="simple" xlink:href="../492/8848492.xml">
Farouk "Frank" Agrama</link></head>
</writer>
</screenwriter>
</causal_agent>
</leader>
</administrator>
</manufacturer>
</communicator>
</creator>
</director>
</scriptwriter>
</maker>
</person>
</physical_entity>
 . Harrison even appeared in a <country wordnetid="108544813" confidence="0.9508927676800064">
<link xlink:type="simple" xlink:href="../809/297809.xml">
Yugoslavian</link></country>
 war film, the 1979 effort <it>Pakleni Otok</it>, directed by Vladimir Tadej.</p>
<p>

He made most of his better quality 70's films during the earlier half of the decade, like the comic spaghetti western <it>Due Fratelli</it> AKA <it>Two Brothers in Trinity</it> (1972), which he also directed. His co-star in <it>Due Fratelli</it> was the Irish-American actor <it>Donald O'Brien</it>, another veteran of Italian B-films. Harrison and O'Brien played two estranged brothers rejoined after receiving an inheritance, Harrison a "lovable rogue", O'Brien a pious <physical_entity wordnetid="100001930" confidence="0.8">
<person wordnetid="100007846" confidence="0.8">
<good_person wordnetid="110138767" confidence="0.8">
<causal_agent wordnetid="100007347" confidence="0.8">
<saint wordnetid="110546850" confidence="0.8">
<link xlink:type="simple" xlink:href="../035/19035.xml">
Mormon</link></saint>
</causal_agent>
</good_person>
</person>
</physical_entity>
. Harrison wants to spend his money on building a <link xlink:type="simple" xlink:href="../013/206013.xml">
bordello</link>, and comic adventures in the spirit of the <person wordnetid="100007846" confidence="0.9508927676800064">
<actor wordnetid="109765278" confidence="0.9508927676800064">
<link xlink:type="simple" xlink:href="../278/30278.xml">
Terence Hill</link></actor>
</person>
/<person wordnetid="100007846" confidence="0.9508927676800064">
<actor wordnetid="109765278" confidence="0.9508927676800064">
<link xlink:type="simple" xlink:href="../841/3841.xml">
Bud Spencer</link></actor>
</person>
 hit <it><link>
My Name is Trinity</link></it> (1971) follow. </p>
<p>

Other notable early 70s films were <it>Churchill's Leopards</it> (1970), directed by Maurizio Pradeaux and also starring Giacomo Rossi-Stuart and <person wordnetid="100007846" confidence="0.9508927676800064">
<actor wordnetid="109765278" confidence="0.9508927676800064">
<link xlink:type="simple" xlink:href="../233/211233.xml">
Klaus Kinski</link></actor>
</person>
, in which Harrison got to play a double role, <it>Acquasanta Joe</it> (1971) directed by Mario Gariazzo and starring <physical_entity wordnetid="100001930" confidence="0.8">
<person wordnetid="100007846" confidence="0.8">
<intellectual wordnetid="109621545" confidence="0.8">
<performer wordnetid="110415638" confidence="0.8">
<alumnus wordnetid="109786338" confidence="0.8">
<causal_agent wordnetid="100007347" confidence="0.8">
<actor wordnetid="109765278" confidence="0.8">
<scholar wordnetid="110557854" confidence="0.8">
<entertainer wordnetid="109616922" confidence="0.8">
<link xlink:type="simple" xlink:href="../480/2190480.xml">
Ty Hardin</link></entertainer>
</scholar>
</actor>
</causal_agent>
</alumnus>
</performer>
</intellectual>
</person>
</physical_entity>
 and Lincoln Tate, an otherwise mediocre western worth mentioning for having Harrison cast against type as a villain, and <it>Dig Your Grave, Friend...Sabata's Coming</it> (1971), directed by Juan Bosch, a western livened up by the presence of Spanish actor <physical_entity wordnetid="100001930" confidence="0.8">
<person wordnetid="100007846" confidence="0.8">
<performer wordnetid="110415638" confidence="0.8">
<causal_agent wordnetid="100007347" confidence="0.8">
<actor wordnetid="109765278" confidence="0.8">
<entertainer wordnetid="109616922" confidence="0.8">
<link xlink:type="simple" xlink:href="../339/1141339.xml">
Fernando Sancho</link></entertainer>
</actor>
</causal_agent>
</performer>
</person>
</physical_entity>
. Harrison acted in several films with Sancho, the archetypal Mexican bandit of paella and spaghetti westerns, most of which were produced and/or directed by <physical_entity wordnetid="100001930" confidence="0.8">
<person wordnetid="100007846" confidence="0.8">
<leader wordnetid="109623038" confidence="0.8">
<administrator wordnetid="109770949" confidence="0.8">
<causal_agent wordnetid="100007347" confidence="0.8">
<head wordnetid="110162991" confidence="0.8">
<director wordnetid="110014939" confidence="0.8">
<link xlink:type="simple" xlink:href="../591/2640591.xml">
Ignacio F. Iquino</link></director>
</head>
</causal_agent>
</administrator>
</leader>
</person>
</physical_entity>
.</p>
<p>

<image location="right" width="150px" src="Belvacolmitra.jpg" type="thumb">
<caption>

A cover to a Finnish rental video of <it>La Belva Col Mitra</it> from the early 1980s. The title translates as <it>"Death Knows No Law"</it>. Harrison can be seen holding a gun in the photo on the bottom right.
</caption>
</image>
Some of the arguably most dubious films Harrison made during the decade were <it>Achtung! The Desert Tigers!</it> (1977) for <link xlink:type="simple" xlink:href="../436/2632436.xml">
Paolo Solvay</link>, <it>Black Gold Dossier</it> (1979), also by Solvay, and <it>Voodoo Baby</it> AKA <it>Black Orgasm</it>, (1980), by notorious Italian director Aristide Massaccessi, also known as <physical_entity wordnetid="100001930" confidence="0.8">
<person wordnetid="100007846" confidence="0.8">
<leader wordnetid="109623038" confidence="0.8">
<administrator wordnetid="109770949" confidence="0.8">
<causal_agent wordnetid="100007347" confidence="0.8">
<head wordnetid="110162991" confidence="0.8">
<director wordnetid="110014939" confidence="0.8">
<link xlink:type="simple" xlink:href="../697/653697.xml">
Joe D'Amato</link></director>
</head>
</causal_agent>
</administrator>
</leader>
</person>
</physical_entity>
. <it>Achtung! The Desert Tigers</it>, also starring Harrison's friend and frequent co-star <bodybuilder wordnetid="109862845" confidence="0.9173553029164789">
<actor wordnetid="109765278" confidence="0.9173553029164789">
<link xlink:type="simple" xlink:href="../999/2347999.xml">
Gordon Mitchell</link></actor>
</bodybuilder>
 and featuring <actor wordnetid="109765278" confidence="0.9173553029164789">
<link xlink:type="simple" xlink:href="../253/2342253.xml">
Mike Monty</link></actor>
 in a small role, was a collage of footage from Solvay's previous <military_action wordnetid="100952963" confidence="0.8">
<group_action wordnetid="101080366" confidence="0.8">
<event wordnetid="100029378" confidence="0.8">
<conflict wordnetid="100958896" confidence="0.8">
<act wordnetid="100030358" confidence="0.8">
<psychological_feature wordnetid="100023100" confidence="0.8">
<war wordnetid="100973077" confidence="0.8">
<link xlink:type="simple" xlink:href="../927/32927.xml">
World War II</link></war>
</psychological_feature>
</act>
</conflict>
</event>
</group_action>
</military_action>
 films mixed with new prison camp and war action scenes, including somewhat tasteless torture footage. <it>Black Gold Dossier</it>, again co-starring <bodybuilder wordnetid="109862845" confidence="0.9173553029164789">
<actor wordnetid="109765278" confidence="0.9173553029164789">
<link xlink:type="simple" xlink:href="../999/2347999.xml">
Gordon Mitchell</link></actor>
</bodybuilder>
, was a <link xlink:type="simple" xlink:href="../501/10501.xml">
spy</link> epic set in an unnamed <link xlink:type="simple" xlink:href="../323/19323.xml">
Middle Eastern</link> country, spiced up by liberal use of <link xlink:type="simple" xlink:href="../082/965082.xml">
stock footage</link> and female lead Florence Cayrol, who spends the majority of the film in different stages of undress. <it>Voodoo Baby</it> was a <link xlink:type="simple" xlink:href="../173/1972173.xml">
sexploitation</link> film that Massaccessi added <link xlink:type="simple" xlink:href="../245/285245.xml">
hardcore</link> <link xlink:type="simple" xlink:href="../507/5710507.xml">
porno</link> scenes to without Harrison's knowledge and much to his disgust.</p>
<p>

One of the more successful Harrison films from the latter half of the 70's was the <product wordnetid="104007894" confidence="0.8">
<creation wordnetid="103129123" confidence="0.8">
<artifact wordnetid="100021939" confidence="0.8">
<event wordnetid="100029378" confidence="0.8">
<social_event wordnetid="107288639" confidence="0.8">
<movie wordnetid="106613686" confidence="0.8">
<show wordnetid="106619065" confidence="0.8">
<psychological_feature wordnetid="100023100" confidence="0.8">
<link xlink:type="simple" xlink:href="../300/6484300.xml">
Italian crime thriller</link></psychological_feature>
</show>
</movie>
</social_event>
</event>
</artifact>
</creation>
</product>
 <it>La Belva Col Mitra</it> (1977) AKA <it>Beast With A Gun</it>, directed by Sergio Grieco, also starring <physical_entity wordnetid="100001930" confidence="0.8">
<person wordnetid="100007846" confidence="0.8">
<performer wordnetid="110415638" confidence="0.8">
<causal_agent wordnetid="100007347" confidence="0.8">
<actor wordnetid="109765278" confidence="0.8">
<entertainer wordnetid="109616922" confidence="0.8">
<link xlink:type="simple" xlink:href="../469/2583469.xml">
Helmut Berger</link></entertainer>
</actor>
</causal_agent>
</performer>
</person>
</physical_entity>
 and <physical_entity wordnetid="100001930" confidence="0.8">
<person wordnetid="100007846" confidence="0.8">
<performer wordnetid="110415638" confidence="0.8">
<causal_agent wordnetid="100007347" confidence="0.8">
<actor wordnetid="109765278" confidence="0.8">
<entertainer wordnetid="109616922" confidence="0.8">
<link xlink:type="simple" xlink:href="../522/1134522.xml">
Marisa Mell</link></entertainer>
</actor>
</causal_agent>
</performer>
</person>
</physical_entity>
. Harrison played the part of Police Commissioner Giulio Santini, with top-billed Berger as psychotic criminal Nanni Vitali, out to kill Santini and everyone else who testified against him in court. Although <it>La Belva Col Mitra</it> is no classic, it's a well-directed movie and the contrast between Harrison's underplayed style and Berger's manic performance works to its favor. However, <it>La Belva Col Mitra</it> is not without some controversy. Apparently, at Berger's request, Harrison's scenes were cut down in the film. For additional trivia, a scene from <it>La Belva Col Mitra</it> shows up on TV in the <person wordnetid="100007846" confidence="0.9508927676800064">
<actor wordnetid="109765278" confidence="0.9508927676800064">
<link xlink:type="simple" xlink:href="../169/25169.xml">
Quentin Tarantino</link></actor>
</person>
 film <it><link xlink:type="simple" xlink:href="../792/394792.xml">
Jackie Brown</link></it> (1997). </p>
<p>

Probably the most interesting curio in Harrison's 70s filmography is the 1971 film <it>L'Explosion</it>, directed by Marc Simenon (the son of <physical_entity wordnetid="100001930" confidence="0.8">
<communicator wordnetid="109610660" confidence="0.8">
<person wordnetid="100007846" confidence="0.8">
<causal_agent wordnetid="100007347" confidence="0.8">
<writer wordnetid="110794014" confidence="0.8">
<link xlink:type="simple" xlink:href="../032/182032.xml">
Georges Simenon</link></writer>
</causal_agent>
</person>
</communicator>
</physical_entity>
) and co-starring Mylène Demongeot. The 1978 <link xlink:type="simple" xlink:href="../501/19501.xml">
martial arts</link>/spy film <it>Gymkata Killer</it> is also of curio interest, if only for the presence of <person wordnetid="100007846" confidence="0.9508927676800064">
<actor wordnetid="109765278" confidence="0.9508927676800064">
<link xlink:type="simple" xlink:href="../313/37313.xml">
Bruce Lee</link></actor>
</person>
 imitator <physical_entity wordnetid="100001930" confidence="0.8">
<person wordnetid="100007846" confidence="0.8">
<performer wordnetid="110415638" confidence="0.8">
<causal_agent wordnetid="100007347" confidence="0.8">
<actor wordnetid="109765278" confidence="0.8">
<entertainer wordnetid="109616922" confidence="0.8">
<link xlink:type="simple" xlink:href="../174/7228174.xml">
Bruce Le</link></entertainer>
</actor>
</causal_agent>
</performer>
</person>
</physical_entity>
 (who also directed the film, with uncredited help from <link xlink:type="simple" xlink:href="../436/2632436.xml">
Paolo Solvay</link>), European <link xlink:type="simple" xlink:href="../902/344902.xml">
softcore</link> star Nadiuska and Harrison's son Sebastian.</p>

</sec>
<sec>
<st>
Overseas for Z-movies</st>
<p>

In the 1980s, he found himself mostly stranded in B-movie action films made in the <country wordnetid="108544813" confidence="0.9508927676800064">
<link xlink:type="simple" xlink:href="../440/23440.xml">
Philippines</link></country>
 and <country wordnetid="108544813" confidence="0.9508927676800064">
<link xlink:type="simple" xlink:href="../404/13404.xml">
Hong Kong</link></country>
. Although generally considered the lowest point of Harrison's career, some of his 80s' films have gained a cult audience of their own.<image location="right" width="150px" src="Fireback3.jpg" type="thumb">
<caption>

Richard Harrison in action in <it><product wordnetid="104007894" confidence="0.8">
<creation wordnetid="103129123" confidence="0.8">
<artifact wordnetid="100021939" confidence="0.8">
<event wordnetid="100029378" confidence="0.8">
<social_event wordnetid="107288639" confidence="0.8">
<movie wordnetid="106613686" confidence="0.8">
<show wordnetid="106619065" confidence="0.8">
<psychological_feature wordnetid="100023100" confidence="0.8">
<link xlink:type="simple" xlink:href="../448/2347448.xml">
Fireback</link></psychological_feature>
</show>
</movie>
</social_event>
</event>
</artifact>
</creation>
</product>
</it>. Note the customized weapon, a recurring element in the films of Teddy Page.This image is a . It may be deleted after seven days from the date of nomination. 
</caption>
</image>
</p>
<p>

In the Philippines, Harrison acted in five ultralow-budget actioners, best classified as <link xlink:type="simple" xlink:href="../320/8773320.xml">
Z-movie</link>s, produced by <link>
K.Y. Lim</link> for <it>Silver Star Film Company</it> (called <it>Kinavesa</it> in the Philippines). Three, <it><product wordnetid="104007894" confidence="0.8">
<creation wordnetid="103129123" confidence="0.8">
<artifact wordnetid="100021939" confidence="0.8">
<event wordnetid="100029378" confidence="0.8">
<social_event wordnetid="107288639" confidence="0.8">
<movie wordnetid="106613686" confidence="0.8">
<show wordnetid="106619065" confidence="0.8">
<psychological_feature wordnetid="100023100" confidence="0.8">
<link xlink:type="simple" xlink:href="../448/2347448.xml">
Fireback</link></psychological_feature>
</show>
</movie>
</social_event>
</event>
</artifact>
</creation>
</product>
</it>, <it>Hunter's Crossing</it> and <it><product wordnetid="104007894" confidence="0.8">
<creation wordnetid="103129123" confidence="0.8">
<artifact wordnetid="100021939" confidence="0.8">
<event wordnetid="100029378" confidence="0.8">
<social_event wordnetid="107288639" confidence="0.8">
<movie wordnetid="106613686" confidence="0.8">
<show wordnetid="106619065" confidence="0.8">
<psychological_feature wordnetid="100023100" confidence="0.8">
<link xlink:type="simple" xlink:href="../161/1704161.xml">
Blood Debts</link></psychological_feature>
</show>
</movie>
</social_event>
</event>
</artifact>
</creation>
</product>
</it> (1983), were directed by <physical_entity wordnetid="100001930" confidence="0.8">
<person wordnetid="100007846" confidence="0.8">
<leader wordnetid="109623038" confidence="0.8">
<administrator wordnetid="109770949" confidence="0.8">
<causal_agent wordnetid="100007347" confidence="0.8">
<head wordnetid="110162991" confidence="0.8">
<director wordnetid="110014939" confidence="0.8">
<link xlink:type="simple" xlink:href="../311/1915311.xml">
Teddy Page</link></director>
</head>
</causal_agent>
</administrator>
</leader>
</person>
</physical_entity>
, and two, <it>Intrusion Cambodia</it> (1984), and, <it>Rescue Team
</it> by <physical_entity wordnetid="100001930" confidence="0.8">
<person wordnetid="100007846" confidence="0.8">
<leader wordnetid="109623038" confidence="0.8">
<administrator wordnetid="109770949" confidence="0.8">
<causal_agent wordnetid="100007347" confidence="0.8">
<head wordnetid="110162991" confidence="0.8">
<director wordnetid="110014939" confidence="0.8">
<link xlink:type="simple" xlink:href="../435/4161435.xml">
John Gale</link></director>
</head>
</causal_agent>
</administrator>
</leader>
</person>
</physical_entity>
. All were bad, but the three Page films exceptionally so, mixing near-sadistic violence with childlike, enthusiastic naivety reminiscent of the films of <link xlink:type="simple" xlink:href="../520/10520.xml">
Ed Wood</link>. In the books <it><link xlink:type="simple" xlink:href="../902/2465902.xml">
Gods In Polyester</link></it> and <it>Gods In Spandex</it>, Harrison states that he wrote some of the screenplays for the Filipino films practically overnight, using a <link xlink:type="simple" xlink:href="../594/40594.xml">
pseudonym</link>. The <it>Fireback</it> screenplay Harrison wrote is credited to "Timothy Jorge", a pseudonym usually used by Don Gordon Bell, one of the expatriate American actors working for Silver Star. Harrison also mentions that the <it>Silver Star</it> films he acted in didn't have complete shooting scripts and many scenes were improvised on the spot, which contributed to their disjointed narrative.</p>
<p>

<it>Silver Star</it> recycled the same group of American and European <link xlink:type="simple" xlink:href="../078/287078.xml">
expatriate</link> actors from film to film, all of whom appeared in the Harrison vehicles. <actor wordnetid="109765278" confidence="0.9173553029164789">
<link xlink:type="simple" xlink:href="../253/2342253.xml">
Mike Monty</link></actor>
, an old acquaintance of Harrison from the Italian days who had migrated to the archipelago, <actor wordnetid="109765278" confidence="0.9173553029164789">
<link xlink:type="simple" xlink:href="../739/2342739.xml">
James Gaines</link></actor>
, <physical_entity wordnetid="100001930" confidence="0.8">
<person wordnetid="100007846" confidence="0.8">
<traveler wordnetid="109629752" confidence="0.8">
<performer wordnetid="110415638" confidence="0.8">
<causal_agent wordnetid="100007347" confidence="0.8">
<exile wordnetid="110071332" confidence="0.8">
<actor wordnetid="109765278" confidence="0.8">
<absentee wordnetid="109757653" confidence="0.8">
<entertainer wordnetid="109616922" confidence="0.8">
<link xlink:type="simple" xlink:href="../446/2342446.xml">
Romano Kristoff</link></entertainer>
</absentee>
</actor>
</exile>
</causal_agent>
</performer>
</traveler>
</person>
</physical_entity>
, <actor wordnetid="109765278" confidence="0.9173553029164789">
<link xlink:type="simple" xlink:href="../064/1904064.xml">
Bruce Baron</link></actor>
, <physical_entity wordnetid="100001930" confidence="0.8">
<person wordnetid="100007846" confidence="0.8">
<performer wordnetid="110415638" confidence="0.8">
<causal_agent wordnetid="100007347" confidence="0.8">
<actor wordnetid="109765278" confidence="0.8">
<entertainer wordnetid="109616922" confidence="0.8">
<link xlink:type="simple" xlink:href="../154/2343154.xml">
Ann Milhench</link></entertainer>
</actor>
</causal_agent>
</performer>
</person>
</physical_entity>
 and others. Harrison struck a friendship with Kristoff, one of the leading <it>Silver Star</it> actors, and later invited him to <system wordnetid="108435388" confidence="0.8">
<economy wordnetid="108366753" confidence="0.8">
<group wordnetid="100031264" confidence="0.8">
<link xlink:type="simple" xlink:href="../532/14532.xml">
Italy</link></group>
</economy>
</system>
 to act in a film he produced and directed, <it>Three Men on Fire</it> (1986). </p>
<p>

At the time they were made the poor quality of the Filipino films hurt Harrison's reputation. Over the years, they have attracted some cult interest in bad movie fandom. Although he remembers Teddy Page fondly, Harrison doesn't have too many kind words for Lim and working for <it>Silver Star</it>.</p>
<p>

In Hong Kong, Harrison starred in what was supposed to be a small number of low-budget martial arts "ninja" films, directed by Chinese filmmaker <physical_entity wordnetid="100001930" confidence="0.8">
<person wordnetid="100007846" confidence="0.8">
<leader wordnetid="109623038" confidence="0.8">
<administrator wordnetid="109770949" confidence="0.8">
<causal_agent wordnetid="100007347" confidence="0.8">
<head wordnetid="110162991" confidence="0.8">
<director wordnetid="110014939" confidence="0.8">
<link xlink:type="simple" xlink:href="../101/1505101.xml">
Godfrey Ho</link></director>
</head>
</causal_agent>
</administrator>
</leader>
</person>
</physical_entity>
, whom he was already familiar with from working for the <link xlink:type="simple" xlink:href="../020/192020.xml">
Shaw Brothers</link> in the 1970s. However, Ho later reedited his scenes into several more films in a cut-and-paste style of filmmaking that has since made him infamous. Harrison found himself the unwilling star of almost a dozen different movies, with titles like <it>Cobra Vs. Ninja</it>, <it>Golden Ninja Warrior</it>, and <it>Diamond Nínja Force</it>. Like the <it>Silver Star</it> productions, the "ninja" films have since become <link xlink:type="simple" xlink:href="../645/5645.xml">
cult films</link>.</p>
<p>

Disgusted with that outcome, Harrison returned to the United States, slowed down his film work and quit acting in the early nineties. His last films to date were the 1993 erotic thriller <it>Angel Eyes</it>, directed by the prolific cinematographer/director <cameraman wordnetid="109889539" confidence="0.9173553029164789">
<actor wordnetid="109765278" confidence="0.9508927676800064">
<link xlink:type="simple" xlink:href="../056/8251056.xml">
Gary Graver</link></actor>
</cameraman>
 and starring <orator wordnetid="110380672" confidence="0.9173553029164789">
<actor wordnetid="109765278" confidence="0.9173553029164789">
<link xlink:type="simple" xlink:href="../864/142864.xml">
Erik Estrada</link></actor>
</orator>
, <actor wordnetid="109765278" confidence="0.9173553029164789">
<link xlink:type="simple" xlink:href="../712/2234712.xml">
John Phillip Law</link></actor>
 and <person wordnetid="100007846" confidence="0.9508927676800064">
<actor wordnetid="109765278" confidence="0.9508927676800064">
<link xlink:type="simple" xlink:href="../982/5876982.xml">
Monique Gabrielle</link></actor>
</person>
, and the 2000 film <it>Jerks</it>. </p>
<p>

Some of the more noteworthy movies in Harrison's later career were the <link xlink:type="simple" xlink:href="../291/19291.xml">
Moroccan</link> film <it>Amok</it> (1982) and <it>Dark Mission</it> (1987), by the both loved and hated <system wordnetid="108435388" confidence="0.8">
<economy wordnetid="108366753" confidence="0.8">
<group wordnetid="100031264" confidence="0.8">
<link xlink:type="simple" xlink:href="../667/26667.xml">
Spanish</link></group>
</economy>
</system>
 director <link xlink:type="simple" xlink:href="../169/1176169.xml">
Jesus Franco</link>. The latter might not be much better than Harrison's Filipino films in terms of quality, but did have a more-interesting-than-usual cast featuring <person wordnetid="100007846" confidence="0.9508927676800064">
<actor wordnetid="109765278" confidence="0.9508927676800064">
<link xlink:type="simple" xlink:href="../494/53494.xml">
Christopher Lee</link></actor>
</person>
, <actor wordnetid="109765278" confidence="0.9173553029164789">
<link xlink:type="simple" xlink:href="../273/1204273.xml">
Christopher Mitchum</link></actor>
, and <country wordnetid="108544813" confidence="0.9508927676800064">
<link xlink:type="simple" xlink:href="../419/5843419.xml">
French</link></country>
 adult film star <natural_object wordnetid="100019128" confidence="0.8">
<celestial_body wordnetid="109239740" confidence="0.8">
<star wordnetid="109444100" confidence="0.8">
<link xlink:type="simple" xlink:href="../317/849317.xml">
Brigitte Lahaie</link></star>
</celestial_body>
</natural_object>
 (also known from the horror films of <physical_entity wordnetid="100001930" confidence="0.8">
<person wordnetid="100007846" confidence="0.8">
<leader wordnetid="109623038" confidence="0.8">
<administrator wordnetid="109770949" confidence="0.8">
<causal_agent wordnetid="100007347" confidence="0.8">
<head wordnetid="110162991" confidence="0.8">
<director wordnetid="110014939" confidence="0.8">
<link xlink:type="simple" xlink:href="../706/653706.xml">
Jean Rollin</link></director>
</head>
</causal_agent>
</administrator>
</leader>
</person>
</physical_entity>
).</p>
<p>

One of few serious roles that Harrison portrayed in the 1980s was that of American President <president wordnetid="110468559" confidence="0.9508927676800064">
<person wordnetid="100007846" confidence="0.9508927676800064">
<tailor wordnetid="110689564" confidence="0.9173553029164789">
<link xlink:type="simple" xlink:href="../624/1624.xml">
Andrew Johnson</link></tailor>
</person>
</president>
 in <actor wordnetid="109765278" confidence="0.9508927676800064">
<link xlink:type="simple" xlink:href="../704/4780704.xml">
Ali Hatami</link></actor>
's Iranian production <movie wordnetid="106613686" confidence="0.9508927676800064">
<link xlink:type="simple" xlink:href="../510/10299510.xml">
Hajji Washington</link></movie>
. The film was completed in 1982 but was not screened in Iran until 1998.</p>
<p>

Although Harrison remains little known in the English-speaking world, he is a cult figure among B-movie, peplum and Eurospy (a fan name for European, usually Italian, spy movies) fans. The recent resurgence of spaghetti western fandom has also generated new interest in Harrison's work in the genre. Despite that, he is still often somewhat unfairly labeled as a <link xlink:type="simple" xlink:href="../987/83987.xml">
camp</link> Z-actor, probably due to the fact that Harrison's worst movies are the easiest to find today. Many of the <physical_entity wordnetid="100001930" confidence="0.8">
<person wordnetid="100007846" confidence="0.8">
<leader wordnetid="109623038" confidence="0.8">
<administrator wordnetid="109770949" confidence="0.8">
<causal_agent wordnetid="100007347" confidence="0.8">
<head wordnetid="110162991" confidence="0.8">
<director wordnetid="110014939" confidence="0.8">
<link xlink:type="simple" xlink:href="../101/1505101.xml">
Godfrey Ho</link></director>
</head>
</causal_agent>
</administrator>
</leader>
</person>
</physical_entity>
 Ninja films are available on midprice <link xlink:type="simple" xlink:href="../431/1692431.xml">
Region 1</link> and <link xlink:type="simple" xlink:href="../431/1692431.xml">
Region 2</link> <medium wordnetid="106254669" confidence="0.9508927676800064">
<link xlink:type="simple" xlink:href="../498/11014498.xml">
DVD</link></medium>
, while most of Harrison's 1960s' spaghetti westerns are available only on ex-rental <link xlink:type="simple" xlink:href="../952/147952.xml">
video tape</link>s (usually in European <link xlink:type="simple" xlink:href="../438/24438.xml">
PAL</link> format only, often not in English) found at fleamarkets, second hand movie stores and <link xlink:type="simple" xlink:href="../495/130495.xml">
eBay</link>, if at all. Before the damage done to his reputation by the <link xlink:type="simple" xlink:href="../320/8773320.xml">
Z-movie</link> era of the 1980s, Harrison had a long, solid career in European B-movies, which is often overlooked by fans of his weaker films.</p>
<p>

He has now founded a multisystem electronics company named <it>Gladiator Electronics</it> with his son Sebastian.</p>

</sec>
<sec>
<st>
Memorable quotes</st>
<p>

<it>"In my opinion, it is a death wish for an actor to be in too many B or should I say C movies. Maybe my greatest contribution to cinema was not doing <movie wordnetid="106613686" confidence="0.9508927676800064">
<link xlink:type="simple" xlink:href="../926/441926.xml">
A Fistful of Dollars</link></movie>
, and recommending Clint for the part."</it></p>
<p>

<it>"It was a sad way to make films."</it> - On <it><product wordnetid="104007894" confidence="0.8">
<creation wordnetid="103129123" confidence="0.8">
<artifact wordnetid="100021939" confidence="0.8">
<event wordnetid="100029378" confidence="0.8">
<social_event wordnetid="107288639" confidence="0.8">
<movie wordnetid="106613686" confidence="0.8">
<show wordnetid="106619065" confidence="0.8">
<psychological_feature wordnetid="100023100" confidence="0.8">
<link xlink:type="simple" xlink:href="../448/2347448.xml">
Fireback</link></psychological_feature>
</show>
</movie>
</social_event>
</event>
</artifact>
</creation>
</product>
</it> and the Filipino action films.</p>

</sec>
<sec>
<st>
Partial filmography</st>
<p>

<list>
<entry level="1" type="bullet">

<it>South Pacific</it> (1958)</entry>
<entry level="1" type="bullet">

<it><movie wordnetid="106613686" confidence="0.9508927676800064">
<link xlink:type="simple" xlink:href="../420/8901420.xml">
Master Of The World</link></movie>
</it> (1961)</entry>
<entry level="1" type="bullet">

<it>I Sette Gladiatori</it> AKA <it>Gladiators 7</it> (1962)</entry>
<entry level="1" type="bullet">

<it>Duello nel Texas</it> AKA <it>Gunfight at Red Sands</it> (1963)</entry>
<entry level="1" type="bullet">

<it>Secret Agent Fireball</it> (1965)</entry>
<entry level="1" type="bullet">

<it><link xlink:type="simple" xlink:href="../927/19090927.xml">
Fantabulous Inc.</link></it> (1967)</entry>
<entry level="1" type="bullet">

<it><link xlink:type="simple" xlink:href="../236/19091236.xml">
Master Stroke</link></it> (1967)</entry>
<entry level="1" type="bullet">

<it>El Rojo</it> (1967)</entry>
<entry level="1" type="bullet">

<it>Joko Invoca Dio...I Muori</it> AKA <it>Vengeance</it> (1968)</entry>
<entry level="1" type="bullet">

<it>Churchill's Leopards</it> (1970)</entry>
<entry level="1" type="bullet">

<it>You Can Do a Lot with 7 Women</it> (1971)</entry>
<entry level="1" type="bullet">

<it>Lo Chiamovano King</it> AKA <it>His Name Was King</it> (1971)</entry>
<entry level="1" type="bullet">

<it>L'Explosion</it> (1971)</entry>
<entry level="1" type="bullet">

<it>Reverendo Colt</it> (1971)</entry>
<entry level="1" type="bullet">

<it>Due Fratelli</it> (1972)</entry>
<entry level="1" type="bullet">

<it>The Godfather's Friend</it> (1972)</entry>
<entry level="1" type="bullet">

<it>Marco Polo</it> (1975)</entry>
<entry level="1" type="bullet">

<it>Achtung! The Desert Tigers</it> (1977)</entry>
<entry level="1" type="bullet">

<it>La Belva Col Mitra</it> AKA <it>Beast with a Gun</it> (1977)</entry>
<entry level="1" type="bullet">

<it>Gymkata Killer</it> (1978)</entry>
<entry level="1" type="bullet">

<it><product wordnetid="104007894" confidence="0.8">
<creation wordnetid="103129123" confidence="0.8">
<artifact wordnetid="100021939" confidence="0.8">
<event wordnetid="100029378" confidence="0.8">
<social_event wordnetid="107288639" confidence="0.8">
<movie wordnetid="106613686" confidence="0.8">
<show wordnetid="106619065" confidence="0.8">
<psychological_feature wordnetid="100023100" confidence="0.8">
<link xlink:type="simple" xlink:href="../448/2347448.xml">
Fireback</link></psychological_feature>
</show>
</movie>
</social_event>
</event>
</artifact>
</creation>
</product>
</it> (credited as a 1978 film on imdB, probably incorrectly)</entry>
</list>
</p>
<p>

<indent level="1">

 On a <it>nanarland.com</it> interview <actor wordnetid="109765278" confidence="0.9173553029164789">
<link xlink:type="simple" xlink:href="../064/1904064.xml">
Bruce Baron</link></actor>
, who acted in <it>Fireback</it>, says that he made no Filipino films before the 80's. In the book <it>Gods in Polyester</it>, Richard Harrison credits <it>Fireback</it> as a 1978 film, as does the <link xlink:type="simple" xlink:href="../876/14876.xml">
IMDb</link>. Different video editions of the film credit different years. As with Harrison's other Filipino films, there's no final word on which of the multiple years <it>Fireback</it> is credited under is correct. In all likelihood all his Filipino films were made sometime in between 1980 and 1985.
</indent>
*<it>Black Gold Dossier</it> (1979)
<list>
<entry level="1" type="bullet">

<it>Voodoo Baby</it> AKA <it>Orgasmo Nero</it> (1980)</entry>
<entry level="1" type="bullet">

<it><movie wordnetid="106613686" confidence="0.9508927676800064">
<link xlink:type="simple" xlink:href="../510/10299510.xml">
Hajji Washington</link></movie>
</it> (1982)</entry>
<entry level="1" type="bullet">

<it>Amok</it> (1982)</entry>
<entry level="1" type="bullet">

<it><product wordnetid="104007894" confidence="0.8">
<creation wordnetid="103129123" confidence="0.8">
<artifact wordnetid="100021939" confidence="0.8">
<event wordnetid="100029378" confidence="0.8">
<social_event wordnetid="107288639" confidence="0.8">
<movie wordnetid="106613686" confidence="0.8">
<show wordnetid="106619065" confidence="0.8">
<psychological_feature wordnetid="100023100" confidence="0.8">
<link xlink:type="simple" xlink:href="../161/1704161.xml">
Blood Debts</link></psychological_feature>
</show>
</movie>
</social_event>
</event>
</artifact>
</creation>
</product>
</it> AKA <it>Eliminator</it> (1983)</entry>
<entry level="1" type="bullet">

<it>Intrusion Cambodia</it> AKA <it>Rescue Team</it> (1984)</entry>
<entry level="1" type="bullet">

<it>Ninja Terminator</it> (1985)</entry>
<entry level="1" type="bullet">

<it>Ninja Holocaust</it> (1985)</entry>
<entry level="1" type="bullet">

<it><movie wordnetid="106613686" confidence="0.9508927676800064">
<link xlink:type="simple" xlink:href="../187/1670187.xml">
Ninja Champion</link></movie>
</it> (1985)</entry>
<entry level="1" type="bullet">

<it>Ninja Thunderbolt</it> (1985)</entry>
<entry level="1" type="bullet">

<it>Diamond Ninja Force</it> (1986)</entry>
<entry level="1" type="bullet">

<it>Ninja Hunt</it> (1986)</entry>
<entry level="1" type="bullet">

<it>Ninja Dragon</it> (1986)</entry>
<entry level="1" type="bullet">

<it>Golden Ninja Warrior</it> (1986)</entry>
<entry level="1" type="bullet">

<it>Ninja Squad</it> (1986)</entry>
<entry level="1" type="bullet">

<it>Ninja the Protector</it> (1986)</entry>
<entry level="1" type="bullet">

<it>Cobra vs. Ninja</it> (1987)</entry>
<entry level="1" type="bullet">

<it>Ninja Kill</it> (1987)</entry>
<entry level="1" type="bullet">

<it>Ninja Commandments</it> (1987)</entry>
<entry level="1" type="bullet">

<it>Ninja Operation: Licensed to Terminate</it> (1987)</entry>
<entry level="1" type="bullet">

<it>Ninja: Silent Assassin</it> (1987)</entry>
<entry level="1" type="bullet">

<it>Ninja Avengers</it> (1987)</entry>
<entry level="1" type="bullet">

<it><movie wordnetid="106613686" confidence="0.9508927676800064">
<link xlink:type="simple" xlink:href="../504/1579504.xml">
Ninja Strike Force</link></movie>
</it> (1988)</entry>
<entry level="1" type="bullet">

<it>Ninja Powerforce</it> (1988)</entry>
<entry level="1" type="bullet">

<it>Three Men on Fire</it> (1986)</entry>
<entry level="1" type="bullet">

<it>Operation Las Vegas</it> (1988)</entry>
<entry level="1" type="bullet">

<it>Dark Mission</it> (1988)</entry>
<entry level="1" type="bullet">

<it>Angel Eyes</it> (1993)</entry>
<entry level="1" type="bullet">

<it>Jerks</it> (2000)</entry>
</list>
</p>

</sec>
<sec>
<st>
Bibliography</st>
<p>

Harrison contributed pieces on his 1970s and 1980s films to two compilations:
<list>
<entry level="1" type="bullet">

<it><link xlink:type="simple" xlink:href="../902/2465902.xml">
Gods in Polyester</link>, or, A Survivors' Account of 70's Cinema Obscura</it> (2004)</entry>
<entry level="1" type="bullet">

<it>Gods In Spandex, or, A Survivors' Account of 80's Cinema Obscura</it> (2007)</entry>
</list>
</p>

</sec>
<sec>
<st>
External links</st>
<p>

<b>In-depth interview on video</b>
<list>
<entry level="1" type="bullet">

<weblink xlink:type="simple" xlink:href="http://nanarland.com/nanarland_tv.php?vid=2">
French-made documentary about Richard Harrison</weblink></entry>
</list>

<b>Richard Harrison and his movies:</b>
<list>
<entry level="1" type="bullet">

<weblink xlink:type="simple" xlink:href="http://www.imdb.com/name/nm0365835/">
Richard Harrison</weblink> at the <web_site wordnetid="106359193" confidence="0.9508927676800064">
<link xlink:type="simple" xlink:href="../554/2855554.xml">
Internet Movie Database</link></web_site>
</entry>
<entry level="1" type="bullet">

<weblink xlink:type="simple" xlink:href="http://www.allmovie.com/cg/avg.dll?p=avg&amp;sql=2:93574">
Richard Harrison</weblink> at <web_site wordnetid="106359193" confidence="0.9508927676800064">
<link xlink:type="simple" xlink:href="../027/1135027.xml">
Allmovie</link></web_site>
</entry>
<entry level="1" type="bullet">

<weblink xlink:type="simple" xlink:href="http://members.fortunecity.com/jdulaney/rh.html">
semi-official Richard Harrison site</weblink> by John. P. Dulaney</entry>
<entry level="1" type="bullet">

<weblink xlink:type="simple" xlink:href="http://www.nanarland.com/interview/interview.php?id_interview=richardharrisonvo&amp;vo=1">
Interview</weblink> Nanarland.com interviews  Richard Harrison about his career</entry>
<entry level="1" type="bullet">

<weblink xlink:type="simple" xlink:href="http://www.briansdriveintheater.com/">
Brian's Drive-In Theater</weblink> A B-movie website with a section on Richard Harrison</entry>
<entry level="1" type="bullet">

<weblink xlink:type="simple" xlink:href="http://www.gladiatorelectronics.com/">
Gladiator Electronics</weblink> Harrison's company website</entry>
<entry level="1" type="bullet">

<weblink xlink:type="simple" xlink:href="http://www.searchmytrash.com/articles/richardharrison(5-06).shtml">
Richard Harrison biography</weblink> on (re)Search my Trash</entry>
</list>
</p>
<p>

<b>Miscellaneous:</b>
<list>
<entry level="1" type="bullet">

<weblink xlink:type="simple" xlink:href="http://www.dighkmovies.com/v3/188/188.html">
An interview</weblink> of Kent Wills at <weblink xlink:type="simple" xlink:href="http://www.dighkmovies.com/">
www.dighkmovies.com</weblink>, featuring a lot on information on Godfrey Ho and the seedier side of the Hong Kong film industry</entry>
<entry level="1" type="bullet">

<weblink xlink:type="simple" xlink:href="http://www.spaghetti-western.net/index.php/Main_Page">
The Spaghetti Western Database</weblink></entry>
<entry level="1" type="bullet">

<weblink xlink:type="simple" xlink:href="http://www.wildeast.net/spaghettiwestern.htm">
An article on spaghetti western</weblink> at <weblink xlink:type="simple" xlink:href="http://www.wildeast.net/">
www.wildeast.net</weblink></entry>
<entry level="1" type="bullet">

<weblink xlink:type="simple" xlink:href="http://disc.server.com/Indices/160642.html">
The spaghetti western web board</weblink>, a discussion forum for all things spaghetti western related.</entry>
<entry level="1" type="bullet">

<weblink xlink:type="simple" xlink:href="http://website.lineone.net/~braithwaitej/mainsite/mainpage.htm">
A Fistful of Westerns</weblink>, a spaghetti western site with basic profiles on some actors, general information and an interesting image gallery featuring vintage poster art</entry>
<entry level="1" type="bullet">

<weblink xlink:type="simple" xlink:href="http://www.cultmovies.dk/peplum/peplum.htm">
A gallery of</weblink> cover scans from vintage peplum videos</entry>
</list>
</p>



</sec>
</bdy>
</actor>
</exile>
</article>
