<?xml version="1.0" encoding="UTF-8"?>
<!-- generated by CLiX/Wiki2XML [MPI-Inf, MMCI@UdS] $LastChangedRevision: 92 $ on 16.04.2009 18:08:27[mciao0825] -->
<!DOCTYPE article SYSTEM "../article.dtd">
<article xmlns:xlink="http://www.w3.org/1999/xlink">
<header>
<title>Random early detection</title>
<id>1112827</id>
<revision>
<id>239149169</id>
<timestamp>2008-09-18T00:32:46Z</timestamp>
<contributor>
<username>Jamelan</username>
<id>3529454</id>
</contributor>
</revision>
<categories>
<category>Network performance</category>
</categories>
</header>
<bdy>

<image location="right" width="350px" src="Random_Early_Detection_algorithm_en.svg">
</image>

<b>Random early detection</b> (RED), also known as <b>random early discard</b> or <b>random early drop</b> is an <link>
active queue management</link> <link xlink:type="simple" xlink:href="../775/775.xml">
algorithm</link>. It is also a <link>
 congestion avoidance</link> algorithm.<ref xlink:type="simple" xlink:href="#xpointer(//reflist/entry[@id=%221%22])">1</ref><p>

In the traditional <link xlink:type="simple" xlink:href="../278/9070278.xml">
tail drop</link> algorithm, a <link xlink:type="simple" xlink:href="../748/25748.xml">
router</link> or other <link xlink:type="simple" xlink:href="../084/235084.xml">
network component</link> buffers as many packets as it can, and simply drops the ones it cannot buffer. If buffers are constantly full, the network is <link xlink:type="simple" xlink:href="../949/40949.xml">
congested</link>. Tail drop distributes buffer space unfairly among traffic flows. Tail drop can also lead to <standard wordnetid="107260623" confidence="0.8">
<system_of_measurement wordnetid="113577171" confidence="0.8">
<link xlink:type="simple" xlink:href="../054/2072054.xml">
TCP global synchronization</link></system_of_measurement>
</standard>
 as all <link xlink:type="simple" xlink:href="../538/30538.xml">
TCP</link> connections "hold back" simultaneously, and then step forward simultaneously. Networks become under-utilized and flooded by turns. RED addresses these issues.</p>
<p>

It monitors the average queue size and drops (or marks when used in conjunction with <message wordnetid="106598915" confidence="0.8">
<protocol wordnetid="106665108" confidence="0.8">
<direction wordnetid="106786629" confidence="0.8">
<rule wordnetid="106652242" confidence="0.8">
<link xlink:type="simple" xlink:href="../470/309470.xml">
ECN</link></rule>
</direction>
</protocol>
</message>
) packets based on statistical probabilities. If the buffer is almost empty, all incoming packets are accepted. As the queue grows, the probability for dropping an incoming packet grows too. When the buffer is full, the probability has reached 1 and all incoming packets are dropped.</p>
<p>

RED is considered more fair than tail drop. The more a host transmits, the more likely it is that its packets are dropped. Early detection helps avoid <link>
 global synchronization</link>.</p>
<p>

RED makes <link xlink:type="simple" xlink:href="../315/25315.xml">
Quality of Service</link> (QoS) differentiation impossible. <link xlink:type="simple" xlink:href="../114/3396114.xml">
Weighted RED</link> (WRED) and RED In/Out (RIO) provide early detection with some QoS considerations.</p>

<sec>
<st>
 Other Variants </st>
<p>

In <link xlink:type="simple" xlink:href="../114/3396114.xml">
<b>Weighted RED</b></link> you can have different probabilities for different priorities (<link xlink:type="simple" xlink:href="../521/1984521.xml">
IP precedence</link>, <link xlink:type="simple" xlink:href="../221/3396221.xml">
DSCP</link>)  and/or queues.</p>
<p>

The <b>Adaptive / Active RED</b> (ARED) algorithm<ref xlink:type="simple" xlink:href="#xpointer(//reflist/entry[@id=%222%22])">2</ref> infers whether to make RED more or less aggressive based on the observation of the average queue length. If the average queue length oscillates around <it>min</it> threshold then Early Detection is too aggressive. On the other hand if the average queue length oscillates around <it>max</it> threshold then Early Detection is being too conservative. The algorithm changes the probability according to how aggressive it senses it has been discarding traffic.</p>
<p>

See Srikant<ref xlink:type="simple" xlink:href="#xpointer(//reflist/entry[@id=%223%22])">3</ref> for an in-depth account on these techniques and their analysis.</p>

</sec>
<sec>
<st>
Notes and references</st>
<p>

<reflist>
<entry id="1">
 <cite style="font-style:normal">Floyd, Sally; Jacobson, Van&#32;(August 1993).&#32;"<weblink xlink:type="simple" xlink:href="http://www.icir.org/floyd/papers/red/red.html">
Random Early Detection (RED) gateways for Congestion Avoidance</weblink>". <it>IEEE/ACM Transactions on Networking</it>&#32;<b>1</b>&#32;(4): 397–413. <document wordnetid="106470073" confidence="0.8">
<written_communication wordnetid="106349220" confidence="0.8">
<writing wordnetid="106362953" confidence="0.8">
<link xlink:type="simple" xlink:href="../994/422994.xml">
doi</link></writing>
</written_communication>
</document>
:<weblink xlink:type="simple" xlink:href="http://dx.doi.org/10.1109%2F90.251892">
10.1109/90.251892</weblink>. Retrieved on <link>
2008-03-16</link>.</cite>&nbsp;</entry>
<entry id="2">
Floyd, Sally;&#32;Gummadi, Ramakrishna; Shenker, Scott&#32;(2001-08-01).&#32;"<it><weblink xlink:type="simple" xlink:href="http://citeseer.ist.psu.edu/floyd01adaptive.html">
Adaptive RED: An Algorithm for Increasing the Robustness of RED's Active Queue Management</weblink></it>". &#32;Retrieved on <link>
2008-03-16</link>.</entry>
<entry id="3">
 <cite id="Reference-Srikant-2004" style="font-style:normal" class="book">Srikant, Rayadurgam&#32;(2004). <weblink xlink:type="simple" xlink:href="http://www.springer.com/birkhauser/mathematics/book/978-0-8176-3227-4">
The Mathematics of Internet Congestion Control</weblink>.&#32;Boston, MA, USA:&#32;Birkhäuser. ISBN 978-0-8176-3227-4.</cite>&nbsp;</entry>
</reflist>
</p>

</sec>
<sec>
<st>
External links</st>
<p>

<list>
<entry level="1" type="bullet">

 <weblink xlink:type="simple" xlink:href="http://www.icir.org/floyd/red.html">
The RED web page</weblink></entry>
</list>
</p>


</sec>
</bdy>
</article>
