<?xml version="1.0" encoding="UTF-8"?>
<!-- generated by CLiX/Wiki2XML [MPI-Inf, MMCI@UdS] $LastChangedRevision: 92 $ on 16.04.2009 18:09:10[mciao0826] -->
<!DOCTYPE article SYSTEM "../article.dtd">
<article xmlns:xlink="http://www.w3.org/1999/xlink">
<artifact  confidence="0.8" wordnetid="100021939">
<instrumentality  confidence="0.8" wordnetid="103575240">
<device  confidence="0.8" wordnetid="103183080">
<machine  confidence="0.8" wordnetid="103699975">
<header>
<title>NEMA (machine)</title>
<id>1114847</id>
<revision>
<id>215997014</id>
<timestamp>2008-05-30T16:46:35Z</timestamp>
<contributor>
<username>SmackBot</username>
<id>433328</id>
</contributor>
</revision>
<categories>
<category>Rotor machines</category>
<category>Cryptographic hardware</category>
</categories>
</header>
<bdy>

<image width="280px" src="Top-keyboard-1000.jpg" type="thumbnail">
<caption>

The NEMA machine was a <country wordnetid="108544813" confidence="0.9508927676800064">
<link xlink:type="simple" xlink:href="../748/26748.xml">
Swiss</link></country>
 <link xlink:type="simple" xlink:href="../223/196223.xml">
rotor machine</link>, designed to replace commercial <artifact wordnetid="100021939" confidence="0.8">
<instrumentality wordnetid="103575240" confidence="0.8">
<device wordnetid="103183080" confidence="0.8">
<machine wordnetid="103699975" confidence="0.8">
<link xlink:type="simple" xlink:href="../256/9256.xml">
Enigma machine</link></machine>
</device>
</instrumentality>
</artifact>
s.
</caption>
</image>

In the <link xlink:type="simple" xlink:href="../066/520066.xml">
history of cryptography</link>, the <b>NEMA (NEue MAschine)</b> ("new machine"), also designated the <b>T-D (Tasten-Druecker-Maschine)</b> ("key-stroke machine"), was a 10-wheel <link xlink:type="simple" xlink:href="../223/196223.xml">
rotor machine</link> designed by the <military wordnetid="108199025" confidence="0.9508927676800064">
<link xlink:type="simple" xlink:href="../468/27468.xml">
Swiss Army</link></military>
 during <military_action wordnetid="100952963" confidence="0.8">
<group_action wordnetid="101080366" confidence="0.8">
<event wordnetid="100029378" confidence="0.8">
<conflict wordnetid="100958896" confidence="0.8">
<act wordnetid="100030358" confidence="0.8">
<psychological_feature wordnetid="100023100" confidence="0.8">
<war wordnetid="100973077" confidence="0.8">
<link xlink:type="simple" xlink:href="../927/32927.xml">
World War II</link></war>
</psychological_feature>
</act>
</conflict>
</event>
</group_action>
</military_action>
 as a replacement for their <artifact wordnetid="100021939" confidence="0.8">
<instrumentality wordnetid="103575240" confidence="0.8">
<device wordnetid="103183080" confidence="0.8">
<machine wordnetid="103699975" confidence="0.8">
<link xlink:type="simple" xlink:href="../256/9256.xml">
Enigma machine</link></machine>
</device>
</instrumentality>
</artifact>
s.
<sec>
<st>
History</st>
<p>

<image width="280px" src="Cover-open-1000.jpg" type="thumbnail">
<caption>

NEMA uses 10 wheels, of which one is a reflector, four are normal rotors, and the remaining five are "Drive wheels", which control the stepping of the rotors and the reflector.
</caption>
</image>

The Swiss became aware that their current machine, a commercial Enigma (the Swiss K), had been broken by both Allied and German <link xlink:type="simple" xlink:href="../715/5715.xml">
cryptanalyst</link>s. A new design was begun between <link xlink:type="simple" xlink:href="../632/34632.xml">
1941</link> and <link xlink:type="simple" xlink:href="../630/34630.xml">
1943</link> by Captain Arthur Alder, a professor of <link xlink:type="simple" xlink:href="../831/18831.xml">
mathematics</link> at the <university wordnetid="108286163" confidence="0.9508927676800064">
<link xlink:type="simple" xlink:href="../515/1157515.xml">
University of Bern</link></university>
. The team which designed the machine also included Professors <physical_entity wordnetid="100001930" confidence="0.8">
<person wordnetid="100007846" confidence="0.8">
<cryptanalyst wordnetid="109981540" confidence="0.8">
<intellectual wordnetid="109621545" confidence="0.8">
<causal_agent wordnetid="100007347" confidence="0.8">
<scientist wordnetid="110560637" confidence="0.8">
<mathematician wordnetid="110301261" confidence="0.8">
<decoder wordnetid="109995398" confidence="0.8">
<link xlink:type="simple" xlink:href="../451/630451.xml">
Hugo Hadwiger</link></decoder>
</mathematician>
</scientist>
</causal_agent>
</intellectual>
</cryptanalyst>
</person>
</physical_entity>
 and Heinrich Emil Weber.</p>
<p>

In the spring of <link xlink:type="simple" xlink:href="../622/34622.xml">
1944</link>, the first prototype had become available. After some modifications, the design was accepted in March <link xlink:type="simple" xlink:href="../624/34624.xml">
1945</link>, and production of 640 machines began the following month by Zellweger AG. The first machine entered service in <link xlink:type="simple" xlink:href="../584/34584.xml">
1947</link>.</p>
<p>

NEMA was declassified on <link xlink:type="simple" xlink:href="../883/15883.xml">
9 July</link> <link xlink:type="simple" xlink:href="../669/34669.xml">
1992</link>, and machines were offered for sale to the public on <link xlink:type="simple" xlink:href="../351/19351.xml">
4 May</link> 1994.</p>

</sec>
<sec>
<st>
The machine</st>
<p>

NEMA uses 10 wheels, of which four are normal electrical rotors with 26 contacts at each end that are scramble wired in a way unique to each rotor type; one is an electrical reflector (like the Enigma's <it>Umkehrwalze</it>) with one set of 26 pairwise cross connected contacts; and the remaining five are "drive wheels", with mechanical <link xlink:type="simple" xlink:href="../284/40284.xml">
cam</link>s that control the stepping of the rotors and the reflector. The wheels are assembled on an <link xlink:type="simple" xlink:href="../573/160573.xml">
axle</link> in pairs consisting of a drive wheel and an electrical rotor.</p>

<p>

<table style="margin-left: auto; margin-right:auto;" cellspacing="0px">
<row valign="top">
<col>
 <image width="150px" src="F-rotor-top-1000.jpg" type="thumbnail">
<caption>

Top view of a NEMA rotor pair. Electrical rotor "F."
</caption>
</image>
</col>
<col>
 <image width="150px" src="Rotor-bottom-1000.jpg" type="thumbnail">
<caption>

Bottom view of a NEMA rotor pair. Drive rotor "18." Note the three stepping-control cams.
</caption>
</image>
</col>
<col>
 <image width="150px" src="Enigma-rotor-BP.jpg" type="thumbnail">
<caption>

An Enigma rotor.
</caption>
</image>
</col>
</row>
</table>
</p>
<p>

The NEMA machine weighs about 10&nbsp;kg and measures approximately 36&amp;times;32&amp;times;14&nbsp;cm.</p>


</sec>
<sec>
<st>
See also</st>
<p>

<list>
<entry level="1" type="bullet">

 <artifact wordnetid="100021939" confidence="0.8">
<instrumentality wordnetid="103575240" confidence="0.8">
<device wordnetid="103183080" confidence="0.8">
<machine wordnetid="103699975" confidence="0.8">
<link xlink:type="simple" xlink:href="../986/1194986.xml">
Fialka</link></machine>
</device>
</instrumentality>
</artifact>
</entry>
<entry level="1" type="bullet">

 <artifact wordnetid="100021939" confidence="0.8">
<instrumentality wordnetid="103575240" confidence="0.8">
<device wordnetid="103183080" confidence="0.8">
<machine wordnetid="103699975" confidence="0.8">
<link xlink:type="simple" xlink:href="../983/37983.xml">
Typex</link></machine>
</device>
</instrumentality>
</artifact>
</entry>
<entry level="1" type="bullet">

 <artifact wordnetid="100021939" confidence="0.8">
<instrumentality wordnetid="103575240" confidence="0.8">
<device wordnetid="103183080" confidence="0.8">
<machine wordnetid="103699975" confidence="0.8">
<link xlink:type="simple" xlink:href="../035/145035.xml">
SIGABA</link></machine>
</device>
</instrumentality>
</artifact>
</entry>
</list>
</p>

</sec>
<sec>
<st>
References</st>
<p>

<list>
<entry level="1" type="bullet">

 Geoff Sullivan and Frode Weierud, The Swiss NEMA Cipher Machine, <it><work wordnetid="104599396" confidence="0.8">
<product wordnetid="104007894" confidence="0.8">
<creation wordnetid="103129123" confidence="0.8">
<artifact wordnetid="100021939" confidence="0.8">
<periodical wordnetid="106593296" confidence="0.8">
<publication wordnetid="106589574" confidence="0.8">
<link xlink:type="simple" xlink:href="../527/542527.xml">
Cryptologia</link></publication>
</periodical>
</artifact>
</creation>
</product>
</work>
</it>, 23(4), October 1999, pp310&ndash;328.</entry>
</list>
</p>

</sec>
<sec>
<st>
External links</st>
<p>

<list>
<entry level="1" type="bullet">

 <weblink xlink:type="simple" xlink:href="http://frode.home.cern.ch/frode/crypto/simula/nema/">
NEMA homepage</weblink> &mdash; photographs and a simulator</entry>
<entry level="1" type="bullet">

 <weblink xlink:type="simple" xlink:href="http://www.eclipse.net/~dhamer/nema2.htm">
David Hamer's page on NEMA</weblink> &mdash; includes records of NEMA selling prices: <weblink xlink:type="simple" xlink:href="http://www.eclipse.net/~dhamer/enigma_p.htm">
http://www.eclipse.net/~dhamer/enigma_p.htm</weblink></entry>
<entry level="1" type="bullet">

 <weblink xlink:type="simple" xlink:href="http://www.ilord.com/nema.html">
Bob Lord's page on the NEMA</weblink> &mdash; includes scanned manuals</entry>
<entry level="1" type="bullet">

 <weblink xlink:type="simple" xlink:href="http://www.jproc.ca/crypto/nema.html">
Jerry Proc's NEMA page</weblink></entry>
</list>
</p>

<p>

<table style=";" class="navbox" cellspacing="0">
<row>
<col style="padding:2px;">
<table style="width:100%;background:transparent;color:inherit;;" class="nowraplinks  " cellspacing="0">
<row>
<col colspan="2" style="width:100%;padding:0px;;;" class="navbox-list navbox-odd">
<table style="width:100%;;;;" class="nowraplinks  navbox-subgroup" cellspacing="0">
<row>
<col colspan="2" style="width:100%;padding:0px;;;" class="navbox-list navbox-odd">
<table style="width:100%;;;;" class="nowraplinks  navbox-subgroup" cellspacing="0">
<row>
<header colspan="2" style=";background:#ccf;" class="navbox-title">
&nbsp;Cipher machines</header>
</row>
<row style="height:2px;">

</row>
<row>
<col colspan="2" style="width:100%;padding:0px;;;" class="navbox-list navbox-odd"><p>

<b><link xlink:type="simple" xlink:href="../223/196223.xml">
Rotor machines</link>:</b> <artifact wordnetid="100021939" confidence="0.8">
<instrumentality wordnetid="103575240" confidence="0.8">
<device wordnetid="103183080" confidence="0.8">
<machine wordnetid="103699975" confidence="0.8">
<link xlink:type="simple" xlink:href="../620/3284620.xml">
CCM</link></machine>
</device>
</instrumentality>
</artifact>
&nbsp;&#124; 
<artifact wordnetid="100021939" confidence="0.8">
<instrumentality wordnetid="103575240" confidence="0.8">
<device wordnetid="103183080" confidence="0.8">
<machine wordnetid="103699975" confidence="0.8">
<link xlink:type="simple" xlink:href="../256/9256.xml">
Enigma</link></machine>
</device>
</instrumentality>
</artifact>
&nbsp;&#124; 
M&nbsp;&ndash; 
125 <artifact wordnetid="100021939" confidence="0.8">
<instrumentality wordnetid="103575240" confidence="0.8">
<device wordnetid="103183080" confidence="0.8">
<machine wordnetid="103699975" confidence="0.8">
<link xlink:type="simple" xlink:href="../986/1194986.xml">
Fialka</link></machine>
</device>
</instrumentality>
</artifact>
&nbsp;&#124; 
<artifact wordnetid="100021939" confidence="0.8">
<instrumentality wordnetid="103575240" confidence="0.8">
<device wordnetid="103183080" confidence="0.8">
<machine wordnetid="103699975" confidence="0.8">
<link xlink:type="simple" xlink:href="../839/194839.xml">
Hebern</link></machine>
</device>
</instrumentality>
</artifact>
&nbsp;&#124; 
<artifact wordnetid="100021939" confidence="0.8">
<instrumentality wordnetid="103575240" confidence="0.8">
<device wordnetid="103183080" confidence="0.8">
<machine wordnetid="103699975" confidence="0.8">
<link xlink:type="simple" xlink:href="../284/1389284.xml">
HX-63</link></machine>
</device>
</instrumentality>
</artifact>
&nbsp;&#124; 
<artifact wordnetid="100021939" confidence="0.8">
<instrumentality wordnetid="103575240" confidence="0.8">
<device wordnetid="103183080" confidence="0.8">
<machine wordnetid="103699975" confidence="0.8">
<link xlink:type="simple" xlink:href="../245/1011245.xml">
KL-7</link></machine>
</device>
</instrumentality>
</artifact>
&nbsp;&#124; 
<artifact wordnetid="100021939" confidence="0.8">
<instrumentality wordnetid="103575240" confidence="0.8">
<device wordnetid="103183080" confidence="0.8">
<machine wordnetid="103699975" confidence="0.8">
<link xlink:type="simple" xlink:href="../375/2823375.xml">
Lacida</link></machine>
</device>
</instrumentality>
</artifact>
&nbsp;&#124; 
<artifact wordnetid="100021939" confidence="0.8">
<instrumentality wordnetid="103575240" confidence="0.8">
<device wordnetid="103183080" confidence="0.8">
<machine wordnetid="103699975" confidence="0.8">
<link xlink:type="simple" xlink:href="../019/1223019.xml">
M-325</link></machine>
</device>
</instrumentality>
</artifact>
&nbsp;&#124; 
<artifact wordnetid="100021939" confidence="0.8">
<instrumentality wordnetid="103575240" confidence="0.8">
<device wordnetid="103183080" confidence="0.8">
<machine wordnetid="103699975" confidence="0.8">
<link xlink:type="simple" xlink:href="../634/3587634.xml">
Mercury</link></machine>
</device>
</instrumentality>
</artifact>
&nbsp;&#124; 
<artifact wordnetid="100021939" confidence="0.8">
<instrumentality wordnetid="103575240" confidence="0.8">
<device wordnetid="103183080" confidence="0.8">
<machine wordnetid="103699975" confidence="0.8">
<link xlink:type="simple" xlink:href="../847/1114847.xml">
NEMA</link></machine>
</device>
</instrumentality>
</artifact>
&nbsp;&#124; 
<artifact wordnetid="100021939" confidence="0.8">
<instrumentality wordnetid="103575240" confidence="0.8">
<device wordnetid="103183080" confidence="0.8">
<machine wordnetid="103699975" confidence="0.8">
<link xlink:type="simple" xlink:href="../953/3708953.xml">
OMI</link></machine>
</device>
</instrumentality>
</artifact>
&nbsp;&#124; 
<artifact wordnetid="100021939" confidence="0.8">
<instrumentality wordnetid="103575240" confidence="0.8">
<device wordnetid="103183080" confidence="0.8">
<machine wordnetid="103699975" confidence="0.8">
<link xlink:type="simple" xlink:href="../302/3247302.xml">
Portex</link></machine>
</device>
</instrumentality>
</artifact>
&nbsp;&#124; 
<artifact wordnetid="100021939" confidence="0.8">
<instrumentality wordnetid="103575240" confidence="0.8">
<device wordnetid="103183080" confidence="0.8">
<machine wordnetid="103699975" confidence="0.8">
<link xlink:type="simple" xlink:href="../035/145035.xml">
SIGABA</link></machine>
</device>
</instrumentality>
</artifact>
&nbsp;&#124; 
<artifact wordnetid="100021939" confidence="0.8">
<instrumentality wordnetid="103575240" confidence="0.8">
<device wordnetid="103183080" confidence="0.8">
<machine wordnetid="103699975" confidence="0.8">
<link xlink:type="simple" xlink:href="../780/3626780.xml">
SIGCUM</link></machine>
</device>
</instrumentality>
</artifact>
&nbsp;&#124; 
<artifact wordnetid="100021939" confidence="0.8">
<instrumentality wordnetid="103575240" confidence="0.8">
<device wordnetid="103183080" confidence="0.8">
<machine wordnetid="103699975" confidence="0.8">
<link xlink:type="simple" xlink:href="../547/3158547.xml">
Singlet</link></machine>
</device>
</instrumentality>
</artifact>
&nbsp;&#124; 
<artifact wordnetid="100021939" confidence="0.8">
<instrumentality wordnetid="103575240" confidence="0.8">
<device wordnetid="103183080" confidence="0.8">
<machine wordnetid="103699975" confidence="0.8">
<link xlink:type="simple" xlink:href="../983/37983.xml">
Typex</link></machine>
</device>
</instrumentality>
</artifact>
</p>
</col>
</row>
<row style="height:2px">

</row>
<row>
<col colspan="2" style="width:100%;padding:0px;;;" class="navbox-list navbox-even"><p>

<b>Mechanical:</b> <link xlink:type="simple" xlink:href="../993/854993.xml">
Bazeries cylinder</link>&nbsp;&#124; 
<artifact wordnetid="100021939" confidence="0.8">
<instrumentality wordnetid="103575240" confidence="0.8">
<device wordnetid="103183080" confidence="0.8">
<link xlink:type="simple" xlink:href="../135/3165135.xml">
C-36</link></device>
</instrumentality>
</artifact>
&nbsp;&#124; 
<artifact wordnetid="100021939" confidence="0.8">
<instrumentality wordnetid="103575240" confidence="0.8">
<device wordnetid="103183080" confidence="0.8">
<link xlink:type="simple" xlink:href="../791/1513791.xml">
C-52</link></device>
</instrumentality>
</artifact>
&nbsp;&#124; 
<artifact wordnetid="100021939" confidence="0.8">
<instrumentality wordnetid="103575240" confidence="0.8">
<device wordnetid="103183080" confidence="0.8">
<link xlink:type="simple" xlink:href="../004/1510004.xml">
CD-57</link></device>
</instrumentality>
</artifact>
&nbsp;&#124; 
<artifact wordnetid="100021939" confidence="0.8">
<instrumentality wordnetid="103575240" confidence="0.8">
<device wordnetid="103183080" confidence="0.8">
<link xlink:type="simple" xlink:href="../228/3320228.xml">
Cipher disk</link></device>
</instrumentality>
</artifact>
&nbsp;&#124; 
<artifact wordnetid="100021939" confidence="0.8">
<instrumentality wordnetid="103575240" confidence="0.8">
<device wordnetid="103183080" confidence="0.8">
<link xlink:type="simple" xlink:href="../758/1491758.xml">
HC-9</link></device>
</instrumentality>
</artifact>
&nbsp;&#124; 
<artifact wordnetid="100021939" confidence="0.8">
<instrumentality wordnetid="103575240" confidence="0.8">
<device wordnetid="103183080" confidence="0.8">
<link xlink:type="simple" xlink:href="../315/1281315.xml">
Kryha</link></device>
</instrumentality>
</artifact>
&nbsp;&#124; 
<artifact wordnetid="100021939" confidence="0.8">
<instrumentality wordnetid="103575240" confidence="0.8">
<device wordnetid="103183080" confidence="0.8">
<link xlink:type="simple" xlink:href="../993/854993.xml">
Jefferson disk</link></device>
</instrumentality>
</artifact>
&nbsp;&#124; 
<message wordnetid="106253690" confidence="0.8">
<artifact wordnetid="100021939" confidence="0.8">
<instrumentality wordnetid="103575240" confidence="0.8">
<device wordnetid="103183080" confidence="0.8">
<cipher wordnetid="106254239" confidence="0.8">
<link xlink:type="simple" xlink:href="../133/740133.xml">
M-94</link></cipher>
</device>
</instrumentality>
</artifact>
</message>
&nbsp;&#124; 
<artifact wordnetid="100021939" confidence="0.8">
<instrumentality wordnetid="103575240" confidence="0.8">
<device wordnetid="103183080" confidence="0.8">
<link xlink:type="simple" xlink:href="../513/743513.xml">
M-209</link></device>
</instrumentality>
</artifact>
&nbsp;&#124; 
<message wordnetid="106253690" confidence="0.8">
<cipher wordnetid="106254239" confidence="0.8">
<link xlink:type="simple" xlink:href="../199/1582199.xml">
Reihenschieber</link></cipher>
</message>
&nbsp;&#124; 
<message wordnetid="106253690" confidence="0.8">
<artifact wordnetid="100021939" confidence="0.8">
<instrumentality wordnetid="103575240" confidence="0.8">
<device wordnetid="103183080" confidence="0.8">
<cipher wordnetid="106254239" confidence="0.8">
<link xlink:type="simple" xlink:href="../487/148487.xml">
Scytale</link></cipher>
</device>
</instrumentality>
</artifact>
</message>
</p>
</col>
</row>
<row style="height:2px">

</row>
<row>
<col colspan="2" style="width:100%;padding:0px;;;" class="navbox-list navbox-odd"><p>

<b>Teleprinter:</b> <artifact wordnetid="100021939" confidence="0.8">
<instrumentality wordnetid="103575240" confidence="0.8">
<device wordnetid="103183080" confidence="0.8">
<link xlink:type="simple" xlink:href="../691/1198691.xml">
5-UCO</link></device>
</instrumentality>
</artifact>
&nbsp;&#124; 
<artifact wordnetid="100021939" confidence="0.8">
<instrumentality wordnetid="103575240" confidence="0.8">
<device wordnetid="103183080" confidence="0.8">
<link xlink:type="simple" xlink:href="../348/1978348.xml">
BID 770</link></device>
</instrumentality>
</artifact>
&nbsp;&#124; 
<artifact wordnetid="100021939" confidence="0.8">
<instrumentality wordnetid="103575240" confidence="0.8">
<device wordnetid="103183080" confidence="0.8">
<link xlink:type="simple" xlink:href="../090/1006090.xml">
KW-26</link></device>
</instrumentality>
</artifact>
&nbsp;&#124; 
<artifact wordnetid="100021939" confidence="0.8">
<instrumentality wordnetid="103575240" confidence="0.8">
<device wordnetid="103183080" confidence="0.8">
<link xlink:type="simple" xlink:href="../397/1009397.xml">
KW-37</link></device>
</instrumentality>
</artifact>
&nbsp;&#124; 
<link xlink:type="simple" xlink:href="../173/301173.xml">
Lorenz SZ 40/42</link>&nbsp;&#124; 
<link xlink:type="simple" xlink:href="../403/304403.xml">
Siemens and Halske T52</link></p>
</col>
</row>
<row style="height:2px">

</row>
<row>
<col colspan="2" style="width:100%;padding:0px;;;" class="navbox-list navbox-even"><p>

<b><link xlink:type="simple" xlink:href="../035/1560035.xml">
Secure voice</link>:</b> <link xlink:type="simple" xlink:href="../593/10500593.xml">
BID 150</link>&nbsp;&#124; 
<link xlink:type="simple" xlink:href="../526/18918526.xml">
FASCINATOR</link>&nbsp;&#124; 
<artifact wordnetid="100021939" confidence="0.8">
<instrumentality wordnetid="103575240" confidence="0.8">
<device wordnetid="103183080" confidence="0.8">
<link xlink:type="simple" xlink:href="../424/4320424.xml">
KY-3</link></device>
</instrumentality>
</artifact>
&nbsp;&#124; 
<artifact wordnetid="100021939" confidence="0.8">
<instrumentality wordnetid="103575240" confidence="0.8">
<device wordnetid="103183080" confidence="0.8">
<link xlink:type="simple" xlink:href="../562/160562.xml">
KY-57</link></device>
</instrumentality>
</artifact>
&nbsp;&#124; 
<artifact wordnetid="100021939" confidence="0.8">
<instrumentality wordnetid="103575240" confidence="0.8">
<device wordnetid="103183080" confidence="0.8">
<link xlink:type="simple" xlink:href="../033/2576033.xml">
KY-58</link></device>
</instrumentality>
</artifact>
&nbsp;&#124; 
<artifact wordnetid="100021939" confidence="0.8">
<instrumentality wordnetid="103575240" confidence="0.8">
<device wordnetid="103183080" confidence="0.8">
<link xlink:type="simple" xlink:href="../735/3884735.xml">
KY-68</link></device>
</instrumentality>
</artifact>
&nbsp;&#124; 
<artifact wordnetid="100021939" confidence="0.8">
<instrumentality wordnetid="103575240" confidence="0.8">
<device wordnetid="103183080" confidence="0.8">
<link xlink:type="simple" xlink:href="../406/2678406.xml">
OMNI</link></device>
</instrumentality>
</artifact>
&nbsp;&#124; 
<link xlink:type="simple" xlink:href="../994/1058994.xml">
SCIP</link>&nbsp;&#124; 
<link>
Sectéra Secure Module</link>&nbsp;&#124; 
<artifact wordnetid="100021939" confidence="0.8">
<instrumentality wordnetid="103575240" confidence="0.8">
<device wordnetid="103183080" confidence="0.8">
<link xlink:type="simple" xlink:href="../918/740918.xml">
SIGSALY</link></device>
</instrumentality>
</artifact>
&nbsp;&#124; 
<artifact wordnetid="100021939" confidence="0.8">
<instrumentality wordnetid="103575240" confidence="0.8">
<device wordnetid="103183080" confidence="0.8">
<link xlink:type="simple" xlink:href="../389/812389.xml">
STE</link></device>
</instrumentality>
</artifact>
&nbsp;&#124; 
<artifact wordnetid="100021939" confidence="0.8">
<instrumentality wordnetid="103575240" confidence="0.8">
<device wordnetid="103183080" confidence="0.8">
<link xlink:type="simple" xlink:href="../329/4320329.xml">
STU-II</link></device>
</instrumentality>
</artifact>
&nbsp;&#124; 
<artifact wordnetid="100021939" confidence="0.8">
<instrumentality wordnetid="103575240" confidence="0.8">
<device wordnetid="103183080" confidence="0.8">
<link xlink:type="simple" xlink:href="../541/794541.xml">
STU-III</link></device>
</instrumentality>
</artifact>
&nbsp;&#124; 
<artifact wordnetid="100021939" confidence="0.8">
<instrumentality wordnetid="103575240" confidence="0.8">
<device wordnetid="103183080" confidence="0.8">
<link xlink:type="simple" xlink:href="../512/1068512.xml">
VINSON</link></device>
</instrumentality>
</artifact>
</p>
</col>
</row>
<row style="height:2px">

</row>
<row>
<col colspan="2" style="width:100%;padding:0px;;;" class="navbox-list navbox-odd"><p>

<b>Miscellaneous:</b> <link xlink:type="simple" xlink:href="../726/1383726.xml">
JADE</link>&nbsp;&#124; 
<artifact wordnetid="100021939" confidence="0.8">
<instrumentality wordnetid="103575240" confidence="0.8">
<device wordnetid="103183080" confidence="0.8">
<link xlink:type="simple" xlink:href="../220/1637220.xml">
KG-84</link></device>
</instrumentality>
</artifact>
&nbsp;&#124; 
<artifact wordnetid="100021939" confidence="0.8">
<instrumentality wordnetid="103575240" confidence="0.8">
<device wordnetid="103183080" confidence="0.8">
<link xlink:type="simple" xlink:href="../214/3626214.xml">
KL-43</link></device>
</instrumentality>
</artifact>
&nbsp;&#124; 
<link xlink:type="simple" xlink:href="../481/3429481.xml">
Noreen</link>&nbsp;&#124; 
<artifact wordnetid="100021939" confidence="0.8">
<instrumentality wordnetid="103575240" confidence="0.8">
<device wordnetid="103183080" confidence="0.8">
<link xlink:type="simple" xlink:href="../373/50373.xml">
PURPLE</link></device>
</instrumentality>
</artifact>
&nbsp;&#124; 
<artifact wordnetid="100021939" confidence="0.8">
<instrumentality wordnetid="103575240" confidence="0.8">
<device wordnetid="103183080" confidence="0.8">
<link xlink:type="simple" xlink:href="../935/1605935.xml">
Pinwheel</link></device>
</instrumentality>
</artifact>
&nbsp;&#124; 
<artifact wordnetid="100021939" confidence="0.8">
<instrumentality wordnetid="103575240" confidence="0.8">
<device wordnetid="103183080" confidence="0.8">
<link xlink:type="simple" xlink:href="../283/3429283.xml">
Rockex</link></device>
</instrumentality>
</artifact>
</p>
</col>
</row>
</table>
</col>
</row>
</table>
</col>
</row>
<row style="height:2px">

</row>
<row>
<col colspan="2" style="width:100%;padding:0px;;;" class="navbox-list navbox-even">
<table style="width:100%;;;;" class="nowraplinks  navbox-subgroup" cellspacing="0">
<row>
<header colspan="2" style=";background:#ccf;" class="navbox-title">
&nbsp;<link xlink:type="simple" xlink:href="../432/18934432.xml">
Cryptography</link></header>
</row>
<row style="height:2px;">

</row>
<row>
<col colspan="2" style="width:100%;padding:0px;;;" class="navbox-list navbox-odd">
<link xlink:type="simple" xlink:href="../066/520066.xml">
History of cryptography</link> | <link xlink:type="simple" xlink:href="../715/5715.xml">
Cryptanalysis</link> | 
Cryptography portal | <link xlink:type="simple" xlink:href="../585/449585.xml">
Topics in cryptography</link></col>
</row>
<row style="height:2px">

</row>
<row>
<col colspan="2" style="width:100%;padding:0px;;;" class="navbox-list navbox-even">
<event wordnetid="100029378" confidence="0.8">
<rule wordnetid="105846932" confidence="0.8">
<act wordnetid="100030358" confidence="0.8">
<psychological_feature wordnetid="100023100" confidence="0.8">
<procedure wordnetid="101023820" confidence="0.8">
<activity wordnetid="100407535" confidence="0.8">
<algorithm wordnetid="105847438" confidence="0.8">
<link xlink:type="simple" xlink:href="../042/53042.xml">
Symmetric-key algorithm</link></algorithm>
</activity>
</procedure>
</psychological_feature>
</act>
</rule>
</event>
 | <link xlink:type="simple" xlink:href="../594/4594.xml">
Block cipher</link> | <link xlink:type="simple" xlink:href="../007/49007.xml">
Stream cipher</link> | <link xlink:type="simple" xlink:href="../222/24222.xml">
Public-key cryptography</link> | <physical_entity wordnetid="100001930" confidence="0.8">
<person wordnetid="100007846" confidence="0.8">
<causal_agent wordnetid="100007347" confidence="0.8">
<primitive wordnetid="109627462" confidence="0.8">
<link xlink:type="simple" xlink:href="../526/439526.xml">
Cryptographic hash function</link></primitive>
</causal_agent>
</person>
</physical_entity>
 | <link xlink:type="simple" xlink:href="../523/567523.xml">
Message authentication code</link> | <event wordnetid="100029378" confidence="0.8">
<rule wordnetid="105846932" confidence="0.8">
<act wordnetid="100030358" confidence="0.8">
<psychological_feature wordnetid="100023100" confidence="0.8">
<procedure wordnetid="101023820" confidence="0.8">
<activity wordnetid="100407535" confidence="0.8">
<algorithm wordnetid="105847438" confidence="0.8">
<link xlink:type="simple" xlink:href="../249/182249.xml">
Random numbers</link></algorithm>
</activity>
</procedure>
</psychological_feature>
</act>
</rule>
</event>
 | <link xlink:type="simple" xlink:href="../733/28733.xml">
Steganography</link></col>
</row>
</table>
</col>
</row>
</table>
</col>
</row>
</table>
</p>



</sec>
</bdy>
</machine>
</device>
</instrumentality>
</artifact>
</article>
