<?xml version="1.0" encoding="UTF-8"?>
<!-- generated by CLiX/Wiki2XML [MPI-Inf, MMCI@UdS] $LastChangedRevision: 92 $ on 16.04.2009 18:08:36[mciao0825] -->
<!DOCTYPE article SYSTEM "../article.dtd">
<article xmlns:xlink="http://www.w3.org/1999/xlink">
<message  confidence="0.8" wordnetid="106598915">
<protocol  confidence="0.8" wordnetid="106665108">
<direction  confidence="0.8" wordnetid="106786629">
<rule  confidence="0.8" wordnetid="106652242">
<header>
<title>Z39.50</title>
<id>1114538</id>
<revision>
<id>236306418</id>
<timestamp>2008-09-04T20:16:54Z</timestamp>
<contributor>
<username>Horsdumonde</username>
<id>5143367</id>
</contributor>
</revision>
<categories>
<category>Library of Congress</category>
<category>Library automation</category>
<category>Application layer protocols</category>
</categories>
</header>
<bdy>

<b>Z39.50</b> is a <link xlink:type="simple" xlink:href="../513/6513.xml">
client-server</link> <link xlink:type="simple" xlink:href="../235/83235.xml">
protocol</link> for searching and retrieving information from remote <link xlink:type="simple" xlink:href="../457/7878457.xml">
computer</link> databases. It is covered by <standard wordnetid="107260623" confidence="0.8">
<system_of_measurement wordnetid="113577171" confidence="0.8">
<link xlink:type="simple" xlink:href="../659/659.xml">
ANSI</link></system_of_measurement>
</standard>
/<link xlink:type="simple" xlink:href="../434/1835434.xml">
NISO</link> standard Z39.50, and <link xlink:type="simple" xlink:href="../934/14934.xml">
ISO</link> standard 23950. The standard's maintenance agency is the <library wordnetid="103660909" confidence="0.9508927676800064">
<link xlink:type="simple" xlink:href="../081/18944081.xml">
Library of Congress</link></library>
.<p>

Z39.50 is widely used in <link xlink:type="simple" xlink:href="../727/17727.xml">
library</link> environments and is often incorporated into <link xlink:type="simple" xlink:href="../521/2009521.xml">
integrated library system</link>s and personal <link xlink:type="simple" xlink:href="../843/454843.xml">
bibliographic reference software</link>. Interlibrary catalogue searches for <link xlink:type="simple" xlink:href="../447/170447.xml">
interlibrary loan</link> are often implemented with Z39.50 queries.</p>
<p>

Work on the Z39.50 protocol began in the <link xlink:type="simple" xlink:href="../726/34726.xml">
1970</link>s, and led to successive versions in <link xlink:type="simple" xlink:href="../670/34670.xml">
1988</link>, <link xlink:type="simple" xlink:href="../669/34669.xml">
1992</link>, and <link xlink:type="simple" xlink:href="../658/34658.xml">
1995</link>. It supports a number of actions, including search, retrieval, sort, and browse. Searches are expressed using attributes, typically from the bib-1 attribute set, which defines six attributes to be used in searches of information on the server computer: use, relation, position, structure, truncation, completeness. The syntax of the Z39.50 protocol allows for very complex queries.</p>
<p>

In practice, however, the functional complexity is limited by the uneven implementations by developers and commercial vendors. The syntax of Z39.50 is abstracted from the underlying database structure; for example, if the client specifies an author search (Use attribute 1003), it is up to the server to determine how to map that search to the indexes it has at hand. This allows Z39.50 queries to be formulated without having to know anything about the target database; but it also means that results for the same query can vary widely among different servers. One server may have an author index; another may use its index of personal names, whether they are authors or not; another may have no suitable index and fall back on its keyword index; and another may have no suitable index and return an error.</p>
<p>

An attempt to remedy this situation is the <weblink xlink:type="simple" xlink:href="http://www.collectionscanada.ca/bath/bp-current.htm">
Bath Profile</weblink> (named after <site wordnetid="108651247" confidence="0.9508927676800064">
<link xlink:type="simple" xlink:href="../523/41523.xml">
Bath</link></site>
, England, where the <link xlink:type="simple" xlink:href="../756/3729756.xml">
working group</link> first met in <link xlink:type="simple" xlink:href="../553/34553.xml">
1999</link>). This document rigidly specifies the exact search syntax to employ for common bibliographic searches, and the expected behavior of Bath-compliant servers in response to these searches. Implementation of the Bath Profile has been slow but is gradually improving the Z39.50 landscape. The Bath Profile is maintained by <link xlink:type="simple" xlink:href="../934/850934.xml">
Library and Archives Canada</link>.</p>
<p>

Z39.50 is a pre-Web technology, and various working groups are attempting to update it to fit better into the modern environment. These attempts fall under the designation ZING (Z39.50 International: Next Generation), and pursue various strategies. The most important are the twin protocols <artifact wordnetid="100021939" confidence="0.8">
<instrumentality wordnetid="103575240" confidence="0.8">
<engine wordnetid="103287733" confidence="0.8">
<motor wordnetid="103789946" confidence="0.8">
<device wordnetid="103183080" confidence="0.8">
<machine wordnetid="103699975" confidence="0.8">
<link xlink:type="simple" xlink:href="../350/8465350.xml">
SRU</link></machine>
</device>
</motor>
</engine>
</instrumentality>
</artifact>
/<work wordnetid="100575741" confidence="0.8">
<event wordnetid="100029378" confidence="0.8">
<service wordnetid="100577525" confidence="0.8">
<act wordnetid="100030358" confidence="0.8">
<psychological_feature wordnetid="100023100" confidence="0.8">
<activity wordnetid="100407535" confidence="0.8">
<link xlink:type="simple" xlink:href="../529/487529.xml">
SRW</link></activity>
</psychological_feature>
</act>
</service>
</event>
</work>
, which drop the Z39.50 communications protocol (replacing it with <link xlink:type="simple" xlink:href="../104/2701104.xml">
HTTP</link>) but attempt to preserve the benefits of the query syntax. SRU is <word wordnetid="106286395" confidence="0.8">
<part wordnetid="113809207" confidence="0.8">
<neologism wordnetid="106294441" confidence="0.8">
<language_unit wordnetid="106284225" confidence="0.8">
<link xlink:type="simple" xlink:href="../222/907222.xml">
REST</link></language_unit>
</neologism>
</part>
</word>
 based and enables queries to be expressed in <link xlink:type="simple" xlink:href="../277/32277.xml">
URL</link> query strings; SRW uses <link xlink:type="simple" xlink:href="../215/29215.xml">
SOAP</link>. Both expect search results to be returned as <format wordnetid="106636806" confidence="0.9508927676800064">
<link xlink:type="simple" xlink:href="../138/34138.xml">
XML</link></format>
. Since these projects allow the relatively small market for library software to benefit from the <link xlink:type="simple" xlink:href="../483/93483.xml">
web service</link> tools developed for much larger markets, they have a much lower barrier to entry for developers than the original Z39.50 protocol.</p>
<p>

The <link xlink:type="simple" xlink:href="../320/9672320.xml">
Common Query Language</link> is based on Z39.50 semantics.</p>

<sec>
<st>
See also</st>
<p>

<message wordnetid="106598915" confidence="0.8">
<protocol wordnetid="106665108" confidence="0.8">
<standard wordnetid="107260623" confidence="0.8">
<direction wordnetid="106786629" confidence="0.8">
<rule wordnetid="106652242" confidence="0.8">
<system_of_measurement wordnetid="113577171" confidence="0.8">
<link xlink:type="simple" xlink:href="../861/41861.xml">
Wide area information server</link></system_of_measurement>
</rule>
</direction>
</standard>
</protocol>
</message>
</p>

</sec>
<sec>
<st>
External links</st>
<p>

<list>
<entry level="1" type="bullet">

<weblink xlink:type="simple" xlink:href="http://www.loc.gov/z3950/agency/">
Z39.50 Maintenance Agency</weblink></entry>
<entry level="1" type="bullet">

<weblink xlink:type="simple" xlink:href="http://www.loc.gov/z3950/agency/Z39-50-2003.pdf">
Z39.50 Standard Document (pdf)</weblink></entry>
<entry level="1" type="bullet">

<weblink xlink:type="simple" xlink:href="http://www.indexdata.dk/targettest/">
Z39.50 Server Directory</weblink></entry>
<entry level="1" type="bullet">

<weblink xlink:type="simple" xlink:href="http://www.collectionscanada.ca/bath/bp-current.htm">
Bath Profile</weblink></entry>
<entry level="1" type="bullet">

<weblink xlink:type="simple" xlink:href="http://www.loc.gov/standards/sru/">
SRU Maintenance Agency</weblink></entry>
<entry level="1" type="bullet">

<weblink xlink:type="simple" xlink:href="http://irspy.indexdata.com/">
IRSpy Z39.50 Target Directory</weblink></entry>
</list>
</p>

<ss1>
<st>
Software</st>
<p>

<list>
<entry level="1" type="bullet">

<weblink xlink:type="simple" xlink:href="http://zoom.z3950.org/">
Z39.50 Object-Orientation Model</weblink></entry>
<entry level="1" type="bullet">

<weblink xlink:type="simple" xlink:href="http://www.indexdata.dk/yaz/">
YAZ Toolkit</weblink></entry>
<entry level="1" type="bullet">

<weblink xlink:type="simple" xlink:href="http://indexdata.dk/phpyaz/">
PHP/YAZ Toolkit</weblink></entry>
<entry level="1" type="bullet">

<weblink xlink:type="simple" xlink:href="http://developer.k-int.com/projects.php?page=jzkit2">
JZKit</weblink></entry>
<entry level="1" type="bullet">

<weblink xlink:type="simple" xlink:href="http://www.basedowinfosys.com/projects/mzc">
Mercury Z39.50 Client</weblink></entry>
<entry level="1" type="bullet">

<weblink xlink:type="simple" xlink:href="http://www.endnote.com/">
EndNote Z39.50 Client</weblink></entry>
</list>
</p>


</ss1>
</sec>
</bdy>
</rule>
</direction>
</protocol>
</message>
</article>
