<?xml version="1.0" encoding="UTF-8"?>
<!-- generated by CLiX/Wiki2XML [MPI-Inf, MMCI@UdS] $LastChangedRevision: 92 $ on 17.04.2009 00:40:23[mciao0825] -->
<!DOCTYPE article SYSTEM "../article.dtd">
<article xmlns:xlink="http://www.w3.org/1999/xlink">
<entity  confidence="0.9511911446218017" wordnetid="100001740">
<header>
<title>Loranthus</title>
<id>11167394</id>
<revision>
<id>216627023</id>
<timestamp>2008-06-02T14:18:08Z</timestamp>
<contributor>
<username>DumZiBoT</username>
<id>6085301</id>
</contributor>
</revision>
<categories>
<category>Santalales</category>
</categories>
</header>
<bdy>

<table style="text-align:center; padding:2.5px; width:200px;" class="infobox biota">
<row style="text-align:center;">
<header style="background:#90EE90;">
<it>Loranthus''</it></header>
</row>
<row style="text-align:center;">
<col>
 <image width="150px" src="Loranthus_europaeus_Sturm43.jpg">
<caption>

<it><link>
Loranthus europaeus</link>''</it>
</caption>
</image>
<it><link>
Loranthus europaeus</link>''</it></col>
</row>
<row style="background:#90EE90;">
</row>
<row style="text-align:center;">
<header style="background:#90EE90;">
 <link xlink:type="simple" xlink:href="../581/53581.xml">
Scientific classification</link></header>
</row>
<row style="text-align:center;">
<col>
<table style="margin:0 auto; text-align:left; background:transparent;" cellpadding="2">
<row valign="top">
</row>
<row valign="top">
</row>
<row valign="top">
</row>
<row valign="top">
</row>
<row valign="top">
</row>
<row valign="top">
<col>
Kingdom:</col>
<col>
 <link xlink:type="simple" xlink:href="../208/23208.xml">
Plantae</link></col>
</row>
<row valign="top">
</row>
<row valign="top">
</row>
<row valign="top">
</row>
<row valign="top">
</row>
<row valign="top">
<col>
Division:</col>
<col>
 <link xlink:type="simple" xlink:href="../967/18967.xml">
Magnoliophyta</link></col>
</row>
<row valign="top">
</row>
<row valign="top">
</row>
<row valign="top">
</row>
<row valign="top">
</row>
<row valign="top">
</row>
<row valign="top">
</row>
<row valign="top">
</row>
<row valign="top">
</row>
<row valign="top">
</row>
<row valign="top">
<col>
Class:</col>
<col>
 <link xlink:type="simple" xlink:href="../111/67111.xml">
Magnoliopsida</link></col>
</row>
<row valign="top">
</row>
<row valign="top">
</row>
<row valign="top">
</row>
<row valign="top">
</row>
<row valign="top">
</row>
<row valign="top">
<col>
Order:</col>
<col>
 <link xlink:type="simple" xlink:href="../286/53286.xml">
Santalales</link></col>
</row>
<row valign="top">
</row>
<row valign="top">
</row>
<row valign="top">
</row>
<row valign="top">
</row>
<row valign="top">
</row>
<row valign="top">
</row>
<row valign="top">
</row>
<row valign="top">
</row>
<row valign="top">
<col>
Family:</col>
<col>
 <link xlink:type="simple" xlink:href="../554/149554.xml">
Loranthaceae</link></col>
</row>
<row valign="top">
</row>
<row valign="top">
</row>
<row valign="top">
</row>
<row valign="top">
</row>
<row valign="top">
</row>
<row valign="top">
</row>
<row valign="top">
<col>
Genus:</col>
<col>
<b><it>Loranthus</it></b>Jacq.</col>
</row>
<row valign="top">
</row>
<row valign="top">
</row>
<row valign="top">
</row>
<row valign="top">
</row>
<row valign="top">
</row>
<row valign="top">
</row>
<row valign="top">
</row>
<row valign="top">
</row>
<row valign="top">
</row>
<row valign="top">
</row>
</table>
</col>
</row>
<row style="background:#90EE90;">
</row>
<row style="background:#90EE90;">
</row>
<row style="background:#90EE90;">
</row>
<row style="background:#90EE90;">
</row>
<row style="background:#90EE90;">
</row>
<row style="text-align:center;">
</row>
<row style="text-align:center;">
</row>
<row style="text-align:center;">
</row>
<row style="text-align:center;">
</row>
<row style="text-align:center;">
</row>
<row style="text-align:center;">
</row>
<row style="text-align:center;">
</row>
<row style="text-align:center;">
</row>
<row style="text-align:center;">
</row>
<row style="text-align:center;">
</row>
<row style="background:#90EE90;">
</row>
</table>

<b><it>Loranthus</it></b> is a genus of parasitic plants that grow on the branches of woody trees. <ref xlink:type="simple" xlink:href="#xpointer(//reflist/entry[@id=%221%22])">1</ref>
<sec>
<st>
 Distribution </st>
<p>

Throughout the world. Occurs in plenty in <legal_power wordnetid="105198427" confidence="0.9508927676800064">
<link xlink:type="simple" xlink:href="../459/4349459.xml">
Kerala</link></legal_power>
 India, as a menace on <link xlink:type="simple" xlink:href="../315/56315.xml">
Mango</link> trees (<it><link>
Mangifera indica</link></it>).</p>

</sec>
<sec>
<st>
 Characteristics </st>
<p>

These plants grows strongly on ageing trees particularly somewhere in the middle of old branches. Once established, it quickly steals the nutrients and sunlight by covering the encroached place such that the branch of the host tree is rendered weak and inactive. <it>Loranthus</it> blooms are rose in colour. It becomes a menace over a period of time for the struggling trees by stealing the sunlight needed for photosynthesis.</p>

</sec>
<sec>
<st>
 Control </st>
<p>

Cutting the branch affected by <it>Loranthus</it> before it spreads to other branches of the tree may be a method. However, using larvae of the <link xlink:type="simple" xlink:href="../680/3176680.xml">
Common Jezebel</link> butterfly would be the best method of natural control. The leaves of <it>Loranthus</it> are food for the larvae. The larvae grow in scores and hence can quickly eat away the leaves of <it>Loranthus</it>. Moreover, the larvae undergo metamorphosis later into beautiful butterflies called Common Jezebel which are very good <link xlink:type="simple" xlink:href="../084/106084.xml">
pollinators</link> and hence useful for trees.</p>

</sec>
<sec>
<st>
 References </st>

<p>

<reflist>
<entry id="1">
Watson, L., and Dallwitz, M.J. 1992 onwards. The families of flowering plants: descriptions, illustrations, identification, and information retrieval. <weblink xlink:type="simple" xlink:href="http://delta-intkey.com/angio/www/lorantha.htm">
Loranthus</weblink></entry>
</reflist>
</p>


</sec>
</bdy>
</entity>
</article>
