<?xml version="1.0" encoding="UTF-8"?>
<!-- generated by CLiX/Wiki2XML [MPI-Inf, MMCI@UdS] $LastChangedRevision: 92 $ on 17.04.2009 00:44:09[mciao0827] -->
<!DOCTYPE article SYSTEM "../article.dtd">
<article xmlns:xlink="http://www.w3.org/1999/xlink">
<event  confidence="0.8" wordnetid="100029378">
<social_event  confidence="0.8" wordnetid="107288639">
<contest  confidence="0.8" wordnetid="107456188">
<game  confidence="0.8" wordnetid="100456199">
<psychological_feature  confidence="0.8" wordnetid="100023100">
<header>
<title>World Basketball Manager</title>
<id>11175261</id>
<revision>
<id>244102545</id>
<timestamp>2008-10-09T10:52:01Z</timestamp>
<contributor>
<username>Kman543210</username>
<id>6844949</id>
</contributor>
</revision>
<categories>
<category>Basketball management video games</category>
<category>2007 video games</category>
<category>2004 video games</category>
<category>2008 video games</category>
<category>Basketball video games</category>
<category>2005 video games</category>
<category>Windows games</category>
</categories>
</header>
<bdy>
<template>
<name>Infobox VG</name>
<parameters>

<image width="150px" src="Wbm2008.jpg">
<caption>

Wbm2008.jpg
</caption>
</image>
<released>
2003, 2005, 2007, 2008</released>
<genre>
<event wordnetid="100029378" confidence="0.8">
<social_event wordnetid="107288639" confidence="0.8">
<contest wordnetid="107456188" confidence="0.8">
<game wordnetid="100456199" confidence="0.8">
<psychological_feature wordnetid="100023100" confidence="0.8">
<link xlink:type="simple" xlink:href="../562/387562.xml">
Sports</link></psychological_feature>
</game>
</contest>
</social_event>
</event>
</genre>
<title>
World Basketball Manager</title>
<developer>
icehole</developer>
<modes>
<link xlink:type="simple" xlink:href="../340/497340.xml">
Single player</link>, <link xlink:type="simple" xlink:href="../680/350680.xml">
multiplayer</link></modes>
<platforms>
<link xlink:type="simple" xlink:href="../137/18457137.xml">
PC</link> (<link xlink:type="simple" xlink:href="../890/18890.xml">
Windows</link>)</platforms>
<requirements>
Operating System: Windows 98/Me//XP Processor: Pentium II or AMD Duron 1.0 GHz processorMemory: 256 MB RAM minimum (512 MB recommended)</requirements>
<ratings>
<system wordnetid="104377057" confidence="0.8">
<artifact wordnetid="100021939" confidence="0.8">
<instrumentality wordnetid="103575240" confidence="0.8">
<link xlink:type="simple" xlink:href="../617/1019617.xml">
PEGI</link></instrumentality>
</artifact>
</system>
: 3+</ratings>
</parameters>
</template>

<p>

<image width="250px" src="Usadraft.jpg" type="thumb">
<caption>

Drafts
</caption>
</image>

<image width="250px" src="WOW_matxh.jpg" type="thumb">
<caption>

Match Screen
</caption>
</image>
</p>
<p>

<image width="250px" src="WBM_2007_3.JPG" type="thumb">
<caption>

Tournament Screen
</caption>
</image>

<image width="250px" src="WBM_2007_2.JPG" type="thumb">
<caption>

Budget
</caption>
</image>

<image width="250px" src="WBM_2007_1.JPG" type="thumb">
<caption>

World Screen
</caption>
</image>
</p>

<sec>
<st>
 Overview </st>
<p>

<b><it>World Basketball Manager</it></b> (WBM) is a PC game that lets you take charge and manage <link xlink:type="simple" xlink:href="../921/3921.xml">
basketball</link> teams all around the world. It is the only basketball management game that includes basketball teams outside NBA. WBM holds also some other firsts as it's the only Basketball Management game to create a successful franchise and draw attention from fans around the world. Also is the first ever Greek computer game to get published outside <country wordnetid="108544813" confidence="0.9508927676800064">
<link xlink:type="simple" xlink:href="../108/12108.xml">
Greece</link></country>
, in <country wordnetid="108544813" confidence="0.9508927676800064">
<link xlink:type="simple" xlink:href="../576/576.xml">
Austria</link></country>
, <link xlink:type="simple" xlink:href="../862/5042862.xml">
China</link>, <country wordnetid="108544813" confidence="0.9508927676800064">
<link xlink:type="simple" xlink:href="../867/11867.xml">
Germany</link></country>
, <country wordnetid="108544813" confidence="0.9508927676800064">
<link xlink:type="simple" xlink:href="../338/27338.xml">
Slovenia</link></country>
, <country wordnetid="108544813" confidence="0.9508927676800064">
<link xlink:type="simple" xlink:href="../265/29265.xml">
Serbia</link></country>
 and <country wordnetid="108544813" confidence="0.9508927676800064">
<link xlink:type="simple" xlink:href="../748/26748.xml">
Switzerland</link></country>
. This is very important for a country with no professional computer game development studios and nearly zero production of <link xlink:type="simple" xlink:href="../363/5363.xml">
computer games</link>. 
The WBM developers originally released each version with fake names for all teams, players and managers, but the fan-maintained WBM database now includes more than 9600 basketball players, 650 teams and 1000 managers from 194 countries. In order for the database to be updated every season, the users have created a network of researchers who update and make the data available for download. This makes WBM database a useful reference for basketball fans requiring accurate team and player data.</p>

</sec>
<sec>
<st>
 Features </st>
<p>

<list>
<entry level="1" type="bullet">

 Gameplay is basically the same as in most soccer management games.</entry>
<entry level="1" type="bullet">

 User can manage both club and national teams at the same time.</entry>
<entry level="1" type="bullet">

 WBM features a very accurate <link xlink:type="simple" xlink:href="../130/2728130.xml">
real time</link> match <link xlink:type="simple" xlink:href="../775/775.xml">
algorithm</link>.</entry>
<entry level="1" type="bullet">

 A <link xlink:type="simple" xlink:href="../254/40254.xml">
genetic algorithm</link> makes opponent A.I. very challenging.</entry>
<entry level="1" type="bullet">

 The biggest and more accurate basketball <link xlink:type="simple" xlink:href="../377/8377.xml">
database</link>.</entry>
<entry level="1" type="bullet">

 Very easy to learn and play.</entry>
<entry level="1" type="bullet">

 Produces the same statistics that the basketball professionals use.</entry>
<entry level="1" type="bullet">

 More than 500 human managers can play at the same time in a game session.</entry>
<entry level="1" type="bullet">

 The data editor makes it very easy for everyone to edit the <link xlink:type="simple" xlink:href="../377/8377.xml">
database</link>.</entry>
<entry level="1" type="bullet">

 Available in the following languages: <language wordnetid="106282651" confidence="0.8">
<link xlink:type="simple" xlink:href="../916/8569916.xml">
English</link></language>
, <language wordnetid="106282651" confidence="0.8">
<link xlink:type="simple" xlink:href="../597/10597.xml">
French</link></language>
, <language wordnetid="106282651" confidence="0.9508927676800064">
<link xlink:type="simple" xlink:href="../884/11884.xml">
German</link></language>
, <language wordnetid="106282651" confidence="0.9508927676800064">
<link xlink:type="simple" xlink:href="../887/11887.xml">
Greek</link></language>
, <language wordnetid="106282651" confidence="0.9508927676800064">
<link xlink:type="simple" xlink:href="../708/14708.xml">
Italian</link></language>
, <language wordnetid="106282651" confidence="0.9508927676800064">
<link xlink:type="simple" xlink:href="../242/77242.xml">
Lithuanian</link></language>
, <language wordnetid="106282651" confidence="0.9508927676800064">
<link xlink:type="simple" xlink:href="../915/23915.xml">
Portuguese</link></language>
 and <language wordnetid="106282651" confidence="0.9508927676800064">
<link xlink:type="simple" xlink:href="../825/26825.xml">
Spanish</link></language>
.</entry>
</list>
</p>

</sec>
<sec>
<st>
 Database </st>
<p>

It's not only the big number of players, managers , teams and tournaments that distinguish WBM from the other <link xlink:type="simple" xlink:href="../921/3921.xml">
basketball</link> games but the detail in which they are described and in that sense is really remarkable the fact that the database is maintained solely by the users.</p>
<p>

Players are described in 36 different attributes:  
First Name, Last Name, Team, Nationality, Citizenship, Age, Position, Potential, Form, Experience, Moral, Clutch, Temperament, Blocking, Rebounding, Marking, Stealing, Ball Handling, Drive Scoring, Rebounding, Passing, Point1Shoot, Point2Shoot, Point2Inside, Point3Shoot, Height, Jump, Speed, Quickness, Power, Stamina, Contract Duration, Injury Risk, New Player, Fee Club, National Team Appearances, and Previous Teams.</p>
<p>

Teams are described in 21 different attributes: 
Country, Stadium,  Enemy Team, Worth, Name, Owner Name , Season Budget, Starting Balance, Financial Status, Cohesion, Performance, Team Colors Primary, Team Colors Secondary,  
Fans Aggression, Fans Base, Foreigners Allowed, Facilities Level, Academy Level, Medical Level, Financial Level and Year Established 							 </p>
<p>

Managers are described in 15 different attributes: 
Team, National Team, Age, Seasons In Club, Seasons In NT, World Rank, First Name, Last Name, Score Season, Score Career, Coaching, Psychology, Training, Youth Development and Nationality.</p>
<p>

Below is a list of tournaments included in WBM. (NT) stands for national team tournaments: 
AFRICAN CHAMPIONS CUP, AFRICAN CUP (NT), AMERICAN CUP (NT), ANGOLAN LEAGUE, ARGENTINE LEAGUE, ASIAN CHAMPIONS CUP, ASIAN CUP (NT), AUSTRALIAN LEAGUE, BELGIAN CUP, BELGIAN EAGUE, BRAZILIAN LEAGUE, CENTRAL AMERICAN CUP (NT), CHINESE LEAGUE, CROATIAN CUP, CROATIAN LEAGUE, CUBAN LEAGUE, CYPRUS LEAGUE, EUROPEAN CUP QUALIFICATIONS A (NT), EUROPEAN CUP QUALIFICATIONS B (NT), EUROCUP, EUROLEAGUE, EUROPEAN CUP (NT), FRENCH CUP, FRENCH LEAGUE, GERMAN CUP, GERMAN LEAGUE, GREEK CUP, GREEK LEAGUE, ISRAELI CUP, ISRAELI LEAGUE, ITALIAN CUP, ITALIAN LEAGUE, JAPANESE LEAGUE, LEBANESE LEAGUE, LITHUANIAN LEAGUE, MOROCCAN LEAGUE, NEW ZEALAND LEAGUE, OCEANIA CUP (NT), OLYMPICS (NT), POLISH LEAGUE, PORTUGUESE CUP, PORTUGUESE LEAGUE, PUERTO RICAN LEAGUE, RUSSIAN CUP, RUSSIAN LEAGUE, SLOVENIAN CUP, SLOVENIAN LEAGUE, SOUTH AMERICAN CUP, SOUTH AMERICAN LEAGUE, SOUTH KOREAN LEAGUE, SPANISH CUP, SPANISH LEAGUE, TURKISH CUP, TURKISH LEAGUE, U.S.A. LEAGUE, UK CUP,  UK LEAGUE, VENEZUELAN LEAGUE, WORLD CUP (NT), SERBIAN CUP, SERBIAN LEAGUE, WORLD LEAGUE (similar to the old McDonalds Cup).</p>

</sec>
<sec>
<st>
 History </st>
<p>

WBM is developed from icehole, a small development team based in <region wordnetid="108630985" confidence="0.8">
<site wordnetid="108651247" confidence="0.8">
<administrative_district wordnetid="108491826" confidence="0.8">
<location wordnetid="100027167" confidence="0.8">
<municipality wordnetid="108626283" confidence="0.8">
<settlement wordnetid="108672562" confidence="0.8">
<capital wordnetid="108518505" confidence="0.8">
<city wordnetid="108524735" confidence="0.8">
<center wordnetid="108523483" confidence="0.8">
<area wordnetid="108497294" confidence="0.8">
<village wordnetid="108672738" confidence="0.8">
<seat wordnetid="108647945" confidence="0.8">
<tract wordnetid="108673395" confidence="0.8">
<geographical_area wordnetid="108574314" confidence="0.8">
<district wordnetid="108552138" confidence="0.8">
<urban_area wordnetid="108675967" confidence="0.8">
<link xlink:type="simple" xlink:href="../216/1216.xml">
Athens</link></urban_area>
</district>
</geographical_area>
</tract>
</seat>
</village>
</area>
</center>
</city>
</capital>
</settlement>
</municipality>
</location>
</administrative_district>
</site>
</region>
 <country wordnetid="108544813" confidence="0.9508927676800064">
<link xlink:type="simple" xlink:href="../108/12108.xml">
Greece</link></country>
. The game was first released in <link xlink:type="simple" xlink:href="../551/34551.xml">
2001</link> under the name Basketball Manager. Back then it only included Greek basketball league. The next year a new version of the game added 5 more countries. <system wordnetid="108435388" confidence="0.8">
<economy wordnetid="108366753" confidence="0.8">
<group wordnetid="100031264" confidence="0.8">
<link xlink:type="simple" xlink:href="../532/14532.xml">
Italy</link></group>
</economy>
</system>
, <country wordnetid="108544813" confidence="0.9508927676800064">
<link xlink:type="simple" xlink:href="../419/5843419.xml">
France</link></country>
, <system wordnetid="108435388" confidence="0.8">
<economy wordnetid="108366753" confidence="0.8">
<group wordnetid="100031264" confidence="0.8">
<link xlink:type="simple" xlink:href="../667/26667.xml">
Spain</link></group>
</economy>
</system>
, <country wordnetid="108544813" confidence="0.9508927676800064">
<link xlink:type="simple" xlink:href="../867/11867.xml">
Germany</link></country>
 and <country wordnetid="108544813" confidence="0.9508927676800064">
<link xlink:type="simple" xlink:href="../173/9282173.xml">
Israel</link></country>
. In <link xlink:type="simple" xlink:href="../524/35524.xml">
2004</link> the game was renamed to World Basketball Manager and added support for the 65 most important basketball tournaments of the world and included 94 countries. This version of the game was also released in <link xlink:type="simple" xlink:href="../984/35984.xml">
2005</link> in <language wordnetid="106282651" confidence="0.9508927676800064">
<link xlink:type="simple" xlink:href="../751/5751.xml">
Chinese</link></language>
 and <language wordnetid="106282651" confidence="0.9508927676800064">
<link xlink:type="simple" xlink:href="../884/11884.xml">
German language</link></language>
 for the local markets. In <link xlink:type="simple" xlink:href="../825/35825.xml">
2008</link> the latest version of the game was released in 9 languages. <language wordnetid="106282651" confidence="0.8">
<link xlink:type="simple" xlink:href="../916/8569916.xml">
English</link></language>
, <language wordnetid="106282651" confidence="0.8">
<link xlink:type="simple" xlink:href="../597/10597.xml">
French</link></language>
, <language wordnetid="106282651" confidence="0.9508927676800064">
<link xlink:type="simple" xlink:href="../884/11884.xml">
German</link></language>
, <language wordnetid="106282651" confidence="0.9508927676800064">
<link xlink:type="simple" xlink:href="../887/11887.xml">
Greek</link></language>
, <language wordnetid="106282651" confidence="0.9508927676800064">
<link xlink:type="simple" xlink:href="../708/14708.xml">
Italian</link></language>
, <language wordnetid="106282651" confidence="0.9508927676800064">
<link xlink:type="simple" xlink:href="../242/77242.xml">
Lithuanian</link></language>
, <language wordnetid="106282651" confidence="0.9508927676800064">
<link xlink:type="simple" xlink:href="../915/23915.xml">
Portuguese</link></language>
, <language wordnetid="106282651" confidence="0.9508927676800064">
<link xlink:type="simple" xlink:href="../825/26825.xml">
Spanish</link></language>
 and <language wordnetid="106282651" confidence="0.9508927676800064">
<link xlink:type="simple" xlink:href="../992/29992.xml">
Turkish</link></language>
.</p>

</sec>
<sec>
<st>
 Future of WBM </st>
<p>

Although WBM has been on the market for several years, it never managed to achieve a worldwide distribution. As a result the game’s fan base is small but very loyal. This permits WBM to survive but to develop very slowly. For the basketball season of 2008-09 icehole has announced a new version of the game that will include updated league formats and many new features including a new match engine similar to <event wordnetid="100029378" confidence="0.8">
<social_event wordnetid="107288639" confidence="0.8">
<contest wordnetid="107456188" confidence="0.8">
<game wordnetid="100456199" confidence="0.8">
<psychological_feature wordnetid="100023100" confidence="0.8">
<link xlink:type="simple" xlink:href="../848/465848.xml">
Football Manager</link></psychological_feature>
</game>
</contest>
</social_event>
</event>
 and <event wordnetid="100029378" confidence="0.8">
<social_event wordnetid="107288639" confidence="0.8">
<contest wordnetid="107456188" confidence="0.8">
<game wordnetid="100456199" confidence="0.8">
<psychological_feature wordnetid="100023100" confidence="0.8">
<link xlink:type="simple" xlink:href="../081/4081081.xml">
Championship Manager</link></psychological_feature>
</game>
</contest>
</social_event>
</event>
 games.</p>

</sec>
<sec>
<st>
 References </st>
<p>

<list>
<entry level="1" type="bullet">

<weblink xlink:type="simple" xlink:href="http://www.ag.ru/games/world_basketball_manager">
Review in Absolute Games</weblink></entry>
<entry level="1" type="bullet">

<weblink xlink:type="simple" xlink:href="http://www.nordicgamers.se/sektion/nordicgamers/recen/326.html">
Review in Nordic Gamers</weblink></entry>
<entry level="1" type="bullet">

<weblink xlink:type="simple" xlink:href="http://www.gameweb.gr/reviews/review_660.asp">
Review in Game Web</weblink></entry>
<entry level="1" type="bullet">

<weblink xlink:type="simple" xlink:href="http://www.sk.co.yu/2004/03/siop14.html">
Review in Svet Igara</weblink></entry>
<entry level="1" type="bullet">

<weblink xlink:type="simple" xlink:href="http://www.gamesradio.gr/modules.php?name=Reviews&amp;rop=showcontent&amp;id=235">
Review in Games Radio</weblink></entry>
<entry level="1" type="bullet">

<weblink xlink:type="simple" xlink:href="http://www.megagames.com/news/html/pc/basketballmanagerlookingforpublisher.shtml">
Article in Mega Games</weblink></entry>
</list>
</p>

</sec>
<sec>
<st>
 External links </st>
<p>

<list>
<entry level="1" type="bullet">

<weblink xlink:type="simple" xlink:href="http://www.wbmgame.com/">
Official Site</weblink></entry>
<entry level="1" type="bullet">

<weblink xlink:type="simple" xlink:href="http://www.createforum.com/phpbb/index.php?mforum=wbm">
Fan forum</weblink></entry>
<entry level="1" type="bullet">

<weblink xlink:type="simple" xlink:href="http://www.wbmbelgium.be">
French and Belgian Forum</weblink></entry>
<entry level="1" type="bullet">

<weblink xlink:type="simple" xlink:href="http://dunk.co.il/forum/index.php?showtopic=2">
Israeli Forum</weblink></entry>
<entry level="1" type="bullet">

<weblink xlink:type="simple" xlink:href="http://www.iceholegames.com">
Developers website</weblink></entry>
</list>
</p>


</sec>
</bdy>
</psychological_feature>
</game>
</contest>
</social_event>
</event>
</article>
