<?xml version="1.0" encoding="UTF-8"?>
<!-- generated by CLiX/Wiki2XML [MPI-Inf, MMCI@UdS] $LastChangedRevision: 92 $ on 16.04.2009 18:08:49[mciao0825] -->
<!DOCTYPE article SYSTEM "../article.dtd">
<article xmlns:xlink="http://www.w3.org/1999/xlink">
<header>
<title>Les Borges Blanques</title>
<id>1117326</id>
<revision>
<id>239707416</id>
<timestamp>2008-09-20T02:02:42Z</timestamp>
<contributor>
<username>The Anomebot2</username>
<id>1979668</id>
</contributor>
</revision>
</header>
<bdy>

<image width="150px" src="Localització_de_lesBorgesBlanques.png" type="thumb">
<caption>

Location of Les Borges Blanques
</caption>
</image>

<b>Les Borges Blanques</b> is the capital of the <link xlink:type="simple" xlink:href="../834/1555834.xml">
comarca</link> of Les <link xlink:type="simple" xlink:href="../840/625840.xml">
Garrigues</link>, in the province of <site wordnetid="108651247" confidence="0.8">
<region wordnetid="108630985" confidence="0.8">
<location wordnetid="100027167" confidence="0.8">
<tract wordnetid="108673395" confidence="0.8">
<batch wordnetid="113774404" confidence="0.8">
<large_indefinite_quantity wordnetid="113757724" confidence="0.8">
<geographical_area wordnetid="108574314" confidence="0.8">
<indefinite_quantity wordnetid="113576355" confidence="0.8">
<link xlink:type="simple" xlink:href="../729/18729.xml">
Lleida</link></indefinite_quantity>
</geographical_area>
</large_indefinite_quantity>
</batch>
</tract>
</location>
</region>
</site>
, <region wordnetid="108630039" confidence="0.8">
<location wordnetid="100027167" confidence="0.8">
<link xlink:type="simple" xlink:href="../822/6822.xml">
Catalonia</link></location>
</region>
, <system wordnetid="108435388" confidence="0.8">
<economy wordnetid="108366753" confidence="0.8">
<group wordnetid="100031264" confidence="0.8">
<link xlink:type="simple" xlink:href="../667/26667.xml">
Spain</link></group>
</economy>
</system>
.<p>

It lies in the southern sector of the central Catalan depression, near the zone watered by the Urgell canal. The high plateaux are covered by beautifully perfumed olive groves as thick as forests. The economy is agricultural, and Les Borges Blanques is a major producer of olives, in particular a variety known as <link xlink:type="simple" xlink:href="../492/1854492.xml">
arbequina</link> which produces a highly-prized oil. The <link xlink:type="simple" xlink:href="../313/89313.xml">
cooperative</link> movement has strong roots in the area. There is little or no tourist infrastructure.</p>
<p>

The traditional symbol of this city is an ox, which appears on a widely-used but unofficial coat of arms. These remind us that Les Borges Blanques was under the royal jurisdiction.</p>



<p>

<table style=";" class="navbox" cellspacing="0">
<row>
<col style="padding:2px;">
<table style="width:100%;background:transparent;color:inherit;;" class="nowraplinks collapsible autocollapse " cellspacing="0">
<row>
<header colspan="3" style=";" class="navbox-title">
Municipalities of <link xlink:type="simple" xlink:href="../840/625840.xml">
Garrigues</link></header>
</row>
<row style="height:2px;">

</row>
<row>
<col colspan="2" style="width:100%;padding:0px;;;" class="navbox-list navbox-odd">
<link>
L'Albagés</link>&nbsp;·  <link>
L'Albi</link>&nbsp;·  <region wordnetid="108630985" confidence="0.8">
<administrative_district wordnetid="108491826" confidence="0.8">
<location wordnetid="100027167" confidence="0.8">
<municipality wordnetid="108626283" confidence="0.8">
<geographical_area wordnetid="108574314" confidence="0.8">
<district wordnetid="108552138" confidence="0.8">
<urban_area wordnetid="108675967" confidence="0.8">
<link xlink:type="simple" xlink:href="../107/5778107.xml">
Arbeca</link></urban_area>
</district>
</geographical_area>
</municipality>
</location>
</administrative_district>
</region>
&nbsp;·  <link>
Bellaguarda</link>&nbsp;·  <link xlink:type="simple" xlink:href="../326/1117326.xml">
Les Borges Blanques</link>&nbsp;·  <link>
Bovera</link>&nbsp;·  <link>
Castelldans</link>&nbsp;·  <link>
Cervià de les Garrigues</link>&nbsp;·  <link>
El Cogul</link>&nbsp;·  <link>
L'Espluga Calba</link>&nbsp;·  <social_group wordnetid="107950920" confidence="0.8">
<parish wordnetid="108223688" confidence="0.8">
<gathering wordnetid="107975026" confidence="0.8">
<community wordnetid="108223802" confidence="0.8">
<group wordnetid="100031264" confidence="0.8">
<link xlink:type="simple" xlink:href="../055/16894055.xml">
La Floresta</link></group>
</community>
</gathering>
</parish>
</social_group>
&nbsp;·  <region wordnetid="108630985" confidence="0.8">
<administrative_district wordnetid="108491826" confidence="0.8">
<location wordnetid="100027167" confidence="0.8">
<municipality wordnetid="108626283" confidence="0.8">
<geographical_area wordnetid="108574314" confidence="0.8">
<district wordnetid="108552138" confidence="0.8">
<urban_area wordnetid="108675967" confidence="0.8">
<link xlink:type="simple" xlink:href="../998/8354998.xml">
Fulleda</link></urban_area>
</district>
</geographical_area>
</municipality>
</location>
</administrative_district>
</region>
&nbsp;·  <link>
La Granadella</link>&nbsp;·  <link>
Granyena de les Garrigues</link>&nbsp;·  <link>
Juncosa</link>&nbsp;·  <link>
Juneda</link>&nbsp;·  <link>
Els Omellons</link>&nbsp;·  <link>
La Pobla de Cérvoles</link>&nbsp;·  <link>
Puiggròs</link>&nbsp;·  <link>
Soleràs</link>&nbsp;·  <link>
Tarrés</link>&nbsp;·  <link>
Els Torms</link>&nbsp;·  <link>
El Vilosell</link>&nbsp;·  <link xlink:type="simple" xlink:href="../672/8409672.xml">
Vinaixa</link></col>
<col style="width:0%;padding:0px 0px 0px 2px;" rowspan="1">
<image width="50px" src="Flag_of_Catalonia.svg">
<caption>

Flag of Catalonia
</caption>
</image>
</col>
</row>
</table>
</col>
</row>
</table>
</p>

<p>

<link xlink:type="simple" xlink:href="../361/48361.xml">
Coordinates</link>: <weblink xlink:type="simple" xlink:href="http://stable.toolserver.org/geohack/geohack.php?pagename=Les_Borges_Blanques&amp;params=41_31_10_N_0_52_06_E_">
41°31′10″N 0°52′06″E﻿ / ﻿41.51944, 0.86833</weblink></p>

</bdy>
</article>
