<?xml version="1.0" encoding="UTF-8"?>
<!-- generated by CLiX/Wiki2XML [MPI-Inf, MMCI@UdS] $LastChangedRevision: 92 $ on 17.04.2009 00:34:03[mciao0828] -->
<!DOCTYPE article SYSTEM "../article.dtd">
<article xmlns:xlink="http://www.w3.org/1999/xlink">
<movie  confidence="0.9508927676800064" wordnetid="106613686">
<header>
<title>Song at Midnight</title>
<id>11185511</id>
<revision>
<id>222860774</id>
<timestamp>2008-07-01T13:45:50Z</timestamp>
<contributor>
<username>Lugnuts</username>
<id>1276024</id>
</contributor>
</revision>
<categories>
<category>Chinese films</category>
<category>Mandarin-language films</category>
<category>1930s horror films</category>
<category>Black and white films</category>
<category>Films directed by Ma-Xu Weibang</category>
<category>Asian horror</category>
<category>1937 films</category>
</categories>
</header>
<bdy>
<template>
<name>Infobox_Film</name>
<parameters>

<image width="150px" src="SongatMidnightDVD.jpg">
<caption>

The Cinema Epoch edition DVD of <it>Song at Midnight''</it>
</caption>
</image>
<runtime>
113 min</runtime>
<amg_id>
1:390589</amg_id>
<director>
<physical_entity wordnetid="100001930" confidence="0.8">
<person wordnetid="100007846" confidence="0.8">
<actor wordnetid="109765278" confidence="0.8">
<scriptwriter wordnetid="110564905" confidence="0.8">
<director wordnetid="110014939" confidence="0.8">
<communicator wordnetid="109610660" confidence="0.8">
<administrator wordnetid="109770949" confidence="0.8">
<leader wordnetid="109623038" confidence="0.8">
<performer wordnetid="110415638" confidence="0.8">
<causal_agent wordnetid="100007347" confidence="0.8">
<screenwriter wordnetid="110564400" confidence="0.8">
<writer wordnetid="110794014" confidence="0.8">
<head wordnetid="110162991" confidence="0.8">
<entertainer wordnetid="109616922" confidence="0.8">
<link xlink:type="simple" xlink:href="../526/12366526.xml">
Ma-Xu Weibang</link></entertainer>
</head>
</writer>
</screenwriter>
</causal_agent>
</performer>
</leader>
</administrator>
</communicator>
</director>
</scriptwriter>
</actor>
</person>
</physical_entity>
</director>
<country>
<link xlink:type="simple" xlink:href="../862/5042862.xml">
China</link></country>
<released>
<fundamental_quantity wordnetid="113575869" confidence="0.8">
<time_period wordnetid="115113229" confidence="0.8">
<year wordnetid="115203791" confidence="0.8">
<link xlink:type="simple" xlink:href="../439/172439.xml">
1937</link></year>
</time_period>
</fundamental_quantity>
</released>
<imdb_id>
0206442</imdb_id>
<name>
Song at Midnight</name>
<producer>
<company wordnetid="108058098" confidence="0.8">
<institution wordnetid="108053576" confidence="0.8">
<link xlink:type="simple" xlink:href="../102/5055102.xml">
Xinhua Film Company</link></institution>
</company>
</producer>
<cinematography>
<link>
Yu Xingsan</link><link>
Xue Boqing</link></cinematography>
<distributor>
<company wordnetid="108058098" confidence="0.9508927676800064">
<link xlink:type="simple" xlink:href="../916/14342916.xml">
Cinema Epoch</link></company>

<company wordnetid="108058098" confidence="0.8">
<institution wordnetid="108053576" confidence="0.8">
<link xlink:type="simple" xlink:href="../102/5055102.xml">
Xinhua Film Company</link></institution>
</company>
</distributor>
<language>
<language wordnetid="106282651" confidence="0.9508927676800064">
<link xlink:type="simple" xlink:href="../359/19359.xml">
Mandarin</link></language>
</language>
<writer>
Ma-Xu Weibang</writer>
<starring>
<link>
Jin Shan</link><link>
Gu Menghe</link><link>
Zhou Wenzhu</link><link>
Hu Ping</link></starring>
</parameters>
</template>


<b><it>Song at Midnight</it></b> (<link xlink:type="simple" xlink:href="../949/261949.xml">
simplified Chinese</link>: 夜半歌声; <link xlink:type="simple" xlink:href="../210/266210.xml">
traditional Chinese</link>: 夜半歌聲; <link xlink:type="simple" xlink:href="../588/23588.xml">
pinyin</link>: Yè bàn gē shēng) (also known as <b><it>Singing at Midnight</it></b> or literally <b><it>Voice of Midnight</it></b>) is a <fundamental_quantity wordnetid="113575869" confidence="0.8">
<time_period wordnetid="115113229" confidence="0.8">
<year wordnetid="115203791" confidence="0.8">
<link xlink:type="simple" xlink:href="../439/172439.xml">
1937</link></year>
</time_period>
</fundamental_quantity>
 film directed by <physical_entity wordnetid="100001930" confidence="0.8">
<person wordnetid="100007846" confidence="0.8">
<actor wordnetid="109765278" confidence="0.8">
<scriptwriter wordnetid="110564905" confidence="0.8">
<director wordnetid="110014939" confidence="0.8">
<communicator wordnetid="109610660" confidence="0.8">
<administrator wordnetid="109770949" confidence="0.8">
<leader wordnetid="109623038" confidence="0.8">
<performer wordnetid="110415638" confidence="0.8">
<causal_agent wordnetid="100007347" confidence="0.8">
<screenwriter wordnetid="110564400" confidence="0.8">
<writer wordnetid="110794014" confidence="0.8">
<head wordnetid="110162991" confidence="0.8">
<entertainer wordnetid="109616922" confidence="0.8">
<link xlink:type="simple" xlink:href="../526/12366526.xml">
Ma-Xu Weibang</link></entertainer>
</head>
</writer>
</screenwriter>
</causal_agent>
</performer>
</leader>
</administrator>
</communicator>
</director>
</scriptwriter>
</actor>
</person>
</physical_entity>
. Often referred to as the first Chinese <link xlink:type="simple" xlink:href="../451/13451.xml">
horror film</link>, <it>Song at Midnight</it> is a remake/adaptation of <physical_entity wordnetid="100001930" confidence="0.8">
<communicator wordnetid="109610660" confidence="0.8">
<person wordnetid="100007846" confidence="0.8">
<causal_agent wordnetid="100007347" confidence="0.8">
<writer wordnetid="110794014" confidence="0.8">
<novelist wordnetid="110363573" confidence="0.8">
<journalist wordnetid="110224578" confidence="0.8">
<link xlink:type="simple" xlink:href="../182/162182.xml">
Gaston Leroux</link></journalist>
</novelist>
</writer>
</causal_agent>
</person>
</communicator>
</physical_entity>
's <it><link xlink:type="simple" xlink:href="../189/162189.xml">
Phantom of the Opera</link></it>, though the film injects a significant political subplot involving the leftist revolutionary movement to the original story.<p>

The film stars <link>
Gu Menghe</link>, <link>
Zhou Wenzhu</link>, and <link>
Jin Shan</link> as the disfigured anti-hero <b>Song Danping</b>. Ma-Xu made one <link>
sequel</link> to <it>Song at Midnight</it> in 1941 during the <conflict wordnetid="100958896" confidence="0.9508927676800064">
<link xlink:type="simple" xlink:href="../980/69980.xml">
war</link></conflict>
. Both films resurfaced in the West at the <link>
Udine Far East Film Festival</link> in 1998.<ref xlink:type="simple" xlink:href="#xpointer(//reflist/entry[@id=%221%22])">1</ref> Since then, the film has been shown at various film festivals around the world, notably at the <link xlink:type="simple" xlink:href="../286/2376286.xml">
62nd Venice International Film Festival</link>'s "Secret History of Chinese Cinema" retrospective. </p>

<sec>
<st>
Reputation</st>
<p>

Today the film is well regarded, and was named as one of the best 100 Chinese films by both the <link xlink:type="simple" xlink:href="../692/1067692.xml#xpointer(//*[./st=%22Best+100+Chinese+Motion+Pictures%22])">
Hong Kong Film Awards</link> in <fundamental_quantity wordnetid="113575869" confidence="0.8">
<time_period wordnetid="115113229" confidence="0.8">
<year wordnetid="115203791" confidence="0.8">
<link xlink:type="simple" xlink:href="../628/294628.xml">
2005</link></year>
</time_period>
</fundamental_quantity>
, and by <link>
Asia Weekly</link> in 1999.<ref xlink:type="simple" xlink:href="#xpointer(//reflist/entry[@id=%222%22])">2</ref></p>
<p>

<it>Song at Midnight</it> has also been remade twice. The first remake, translated as <it>The Mid-Nightmare</it> is a two-parter by Hong Kong director, <link>
Yuan Qiuxia</link>, released in 1962 (part I) and 1963 (part II). It stars <actor wordnetid="109765278" confidence="0.9508927676800064">
<link xlink:type="simple" xlink:href="../576/417576.xml">
Betty Loh Ti</link></actor>
 and <link>
Lao Zhei</link>. In 1995, <it>Song at Midnight</it> was remade yet again, this time as <it><movie wordnetid="106613686" confidence="0.9508927676800064">
<link xlink:type="simple" xlink:href="../035/1202035.xml">
The Phantom Lover</link></movie>
</it> by <physical_entity wordnetid="100001930" confidence="0.8">
<person wordnetid="100007846" confidence="0.8">
<producer wordnetid="110480018" confidence="0.8">
<causal_agent wordnetid="100007347" confidence="0.8">
<film_maker wordnetid="110088390" confidence="0.8">
<creator wordnetid="109614315" confidence="0.8">
<link xlink:type="simple" xlink:href="../624/1452624.xml">
Ronny Yu</link></creator>
</film_maker>
</causal_agent>
</producer>
</person>
</physical_entity>
, with <film_director wordnetid="110088200" confidence="0.9173553029164789">
<songwriter wordnetid="110624540" confidence="0.9173553029164789">
<singer wordnetid="110599806" confidence="0.9173553029164789">
<actor wordnetid="109765278" confidence="0.9173553029164789">
<link xlink:type="simple" xlink:href="../766/204766.xml">
Leslie Cheung</link></actor>
</singer>
</songwriter>
</film_director>
 in the role of Song Danping.</p>

</sec>
<sec>
<st>
DVD release</st>
<p>

As part of their Chinese film retrospective, <company wordnetid="108058098" confidence="0.9508927676800064">
<link xlink:type="simple" xlink:href="../916/14342916.xml">
Cinema Epoch</link></company>
 released <it>Song at Midnight</it> on <link xlink:type="simple" xlink:href="../431/1692431.xml">
Region 0</link> <medium wordnetid="106254669" confidence="0.9508927676800064">
<link xlink:type="simple" xlink:href="../498/11014498.xml">
DVD</link></medium>
 on <link xlink:type="simple" xlink:href="../353/19353.xml">
May 8</link>, <link xlink:type="simple" xlink:href="../165/36165.xml">
2007</link>. The DVD includes subtitles in English.</p>
<p>

An earlier DVD edition by the <link>
Guangzhou Beauty Culture Communication Co. Ltd</link> was released on <link xlink:type="simple" xlink:href="../357/8357.xml">
December 1</link>, <link xlink:type="simple" xlink:href="../164/36164.xml">
2006</link> in the United States.</p>

</sec>
<sec>
<st>
References</st>
<p>

<reflist>
<entry id="1">
 <cite id="CITEREFRobinsonWinter, 1999-2000">Robinson, David&#32;(Winter, 1999-2000),&#32;"Return of the Phantom",&#32;<it>Film Quarterly</it>&#32;<b>53</b>&amp;#x00a0;(2):  43</cite></entry>
<entry id="2">
"<weblink xlink:type="simple" xlink:href="http://www.chinesecinemas.org/chinacentury.html">
100 Greatest Chinese Films of the 20th Century</weblink>".&#32;  Asia Weekly Magazine&#32;(1999-12-19).&#32;Retrieved on <link>
2007-05-10</link>.</entry>
</reflist>
</p>

</sec>
<sec>
<st>
External links</st>
<p>

<list>
<entry level="1" type="bullet">

 <weblink xlink:type="simple" xlink:href="http://www.archive.org/details/song_at_midnight">
<it>Song at Midnight''</it></weblink> at the <structure wordnetid="104341686" confidence="0.8">
<artifact wordnetid="100021939" confidence="0.8">
<area wordnetid="102735688" confidence="0.8">
<facility wordnetid="103315023" confidence="0.8">
<library wordnetid="103660909" confidence="0.8">
<depository wordnetid="103177349" confidence="0.8">
<archive wordnetid="102735086" confidence="0.8">
<room wordnetid="104105893" confidence="0.8">
<link xlink:type="simple" xlink:href="../931/176931.xml">
Internet Archive</link></room>
</archive>
</depository>
</library>
</facility>
</area>
</artifact>
</structure>
 (full movie)</entry>
<entry level="1" type="bullet">

 <weblink xlink:type="simple" xlink:href="http://www.imdb.com/title/tt0206442/">
<it>Song at Midnight</it> </weblink> at the <web_site wordnetid="106359193" confidence="0.9508927676800064">
<link xlink:type="simple" xlink:href="../554/2855554.xml">
Internet Movie Database</link></web_site>
</entry>
<entry level="1" type="bullet">

 <weblink xlink:type="simple" xlink:href="http://www.dianying.com/en/title/ybg1935">
<it>Song at Midnight''</it></weblink> at the Chinese Movie Database</entry>
<entry level="1" type="bullet">

 <weblink xlink:type="simple" xlink:href="http://chinesecinema.ucsd.edu/film/yabangeshen.html">
<it>Song at Midnight''</it></weblink> at the <link>
UCSD</link>: Chinese Cinema Web-based Learning Center</entry>
</list>
</p>

<p>

<table style=";" class="navbox" cellspacing="0">
<row>
<col style="padding:2px;">
<table style="width:100%;background:transparent;color:inherit;;" class="nowraplinks collapsible autocollapse " cellspacing="0">
<row>
<header colspan="2" style=";background:black;color:white;" class="navbox-title">
<it><literary_composition wordnetid="106364329" confidence="0.8">
<written_communication wordnetid="106349220" confidence="0.8">
<writing wordnetid="106362953" confidence="0.8">
<fiction wordnetid="106367107" confidence="0.8">
<novel wordnetid="106367879" confidence="0.8">
<link xlink:type="simple" xlink:href="../189/162189.xml">
The Phantom of the Opera</link></novel>
</fiction>
</writing>
</written_communication>
</literary_composition>
''</it></header>
</row>
<row style="height:2px;">

</row>
<row>
<col style=";background:black;color:white;;" class="navbox-group">
Books</col>
<col style="text-align:left;border-left:2px solid #fdfdfd;width:100%;padding:0px;background:lightgrey;;;" class="navbox-list navbox-odd">
<literary_composition wordnetid="106364329" confidence="0.8">
<written_communication wordnetid="106349220" confidence="0.8">
<writing wordnetid="106362953" confidence="0.8">
<fiction wordnetid="106367107" confidence="0.8">
<novel wordnetid="106367879" confidence="0.8">
<link xlink:type="simple" xlink:href="../189/162189.xml">
The Phantom of the Opera</link></novel>
</fiction>
</writing>
</written_communication>
</literary_composition>
 • <literary_composition wordnetid="106364329" confidence="0.8">
<written_communication wordnetid="106349220" confidence="0.8">
<writing wordnetid="106362953" confidence="0.8">
<fiction wordnetid="106367107" confidence="0.8">
<novel wordnetid="106367879" confidence="0.8">
<link xlink:type="simple" xlink:href="../671/2514671.xml">
Phantom</link></novel>
</fiction>
</writing>
</written_communication>
</literary_composition>
 • <literary_composition wordnetid="106364329" confidence="0.8">
<written_communication wordnetid="106349220" confidence="0.8">
<writing wordnetid="106362953" confidence="0.8">
<fiction wordnetid="106367107" confidence="0.8">
<novel wordnetid="106367879" confidence="0.8">
<link xlink:type="simple" xlink:href="../248/3182248.xml">
The Phantom of Manhattan</link></novel>
</fiction>
</writing>
</written_communication>
</literary_composition>
</col>
</row>
<row style="height:2px">

</row>
<row>
<col style=";background:black;color:white;;" class="navbox-group">
Stage adaptations</col>
<col style="text-align:left;border-left:2px solid #fdfdfd;width:100%;padding:0px;background:lightgrey;;;" class="navbox-list navbox-even">
<musical wordnetid="107019172" confidence="0.9508927676800064">
<link xlink:type="simple" xlink:href="../927/1938927.xml">
Hill adaption</link></musical>
 • <musical wordnetid="107019172" confidence="0.9508927676800064">
<link xlink:type="simple" xlink:href="../831/308831.xml">
Lloyd Webber adaption</link></musical>
 • <musical wordnetid="107019172" confidence="0.9508927676800064">
<link xlink:type="simple" xlink:href="../253/2115253.xml">
Yeston adaption</link></musical>
 • </col>
</row>
<row style="height:2px">

</row>
<row>
<col style=";background:black;color:white;;" class="navbox-group">
Film and television</col>
<col style="text-align:left;border-left:2px solid #fdfdfd;width:100%;padding:0px;background:lightgrey;;;" class="navbox-list navbox-odd">
<movie wordnetid="106613686" confidence="0.9508927676800064">
<link xlink:type="simple" xlink:href="../930/308930.xml">
Julian adaption</link></movie>
 • <movie wordnetid="106613686" confidence="0.9508927676800064">
<link xlink:type="simple" xlink:href="../511/11185511.xml">
Song at Midnight</link></movie>
 • <movie wordnetid="106613686" confidence="0.9508927676800064">
<link xlink:type="simple" xlink:href="../371/1271371.xml">
Lubin adaption</link></movie>
 • <movie wordnetid="106613686" confidence="0.9508927676800064">
<link xlink:type="simple" xlink:href="../751/4029751.xml">
Fisher adaption</link></movie>
 • <movie wordnetid="106613686" confidence="0.9508927676800064">
<link xlink:type="simple" xlink:href="../226/1591226.xml">
Phantom of the Paradise</link></movie>
 • <movie wordnetid="106613686" confidence="0.9508927676800064">
<link xlink:type="simple" xlink:href="../026/16252026.xml">
The Phantom of Hollywood</link></movie>
 • <movie wordnetid="106613686" confidence="0.9508927676800064">
<link xlink:type="simple" xlink:href="../325/1673325.xml">
Little adaption</link></movie>
 • <link xlink:type="simple" xlink:href="../019/2957019.xml">
NBC mini-series</link> • <movie wordnetid="106613686" confidence="0.9508927676800064">
<link xlink:type="simple" xlink:href="../856/308856.xml">
Schumacher adaption</link></movie>
</col>
</row>
<row style="height:2px">

</row>
<row>
<col style=";background:black;color:white;;" class="navbox-group">

Characters in The Phantom of the Opera|
Characters</col>
<col style="text-align:left;border-left:2px solid #fdfdfd;width:100%;padding:0px;background:lightgrey;;;" class="navbox-list navbox-even">
<physical_entity wordnetid="100001930" confidence="0.8">
<person wordnetid="100007846" confidence="0.8">
<hero wordnetid="110325013" confidence="0.8">
<violinist wordnetid="110754578" confidence="0.8">
<principal wordnetid="110474950" confidence="0.8">
<assassin wordnetid="109813696" confidence="0.8">
<wrongdoer wordnetid="109633969" confidence="0.8">
<criminal wordnetid="109977660" confidence="0.8">
<leader wordnetid="109623038" confidence="0.8">
<performer wordnetid="110415638" confidence="0.8">
<causal_agent wordnetid="100007347" confidence="0.8">
<murderer wordnetid="110338707" confidence="0.8">
<musician wordnetid="110340312" confidence="0.8">
<killer wordnetid="110231087" confidence="0.8">
<entertainer wordnetid="109616922" confidence="0.8">
<bad_person wordnetid="109831962" confidence="0.8">
<link xlink:type="simple" xlink:href="../074/6364074.xml">
Erik</link></bad_person>
</entertainer>
</killer>
</musician>
</murderer>
</causal_agent>
</performer>
</leader>
</criminal>
</wrongdoer>
</assassin>
</principal>
</violinist>
</hero>
</person>
</physical_entity>
 • <fictional_character wordnetid="109587565" confidence="0.8">
<imaginary_being wordnetid="109483738" confidence="0.8">
<link xlink:type="simple" xlink:href="../879/1601879.xml">
Christine Daae</link></imaginary_being>
</fictional_character>
 • <fictional_character wordnetid="109587565" confidence="0.9508927676800064">
<link xlink:type="simple" xlink:href="../363/5685363.xml">
Viscount Raoul de Chagny</link></fictional_character>
 • <fictional_character wordnetid="109587565" confidence="0.8">
<imaginary_being wordnetid="109483738" confidence="0.8">
<link xlink:type="simple" xlink:href="../717/12265717.xml">
The Persian</link></imaginary_being>
</fictional_character>
 • <fictional_character wordnetid="109587565" confidence="0.8">
<imaginary_being wordnetid="109483738" confidence="0.8">
<link xlink:type="simple" xlink:href="../388/1617388.xml">
Carlotta</link></imaginary_being>
</fictional_character>
 • <fictional_character wordnetid="109587565" confidence="0.8">
<imaginary_being wordnetid="109483738" confidence="0.8">
<link xlink:type="simple" xlink:href="../407/5350407.xml">
Madame Giry</link></imaginary_being>
</fictional_character>
 • <fictional_character wordnetid="109587565" confidence="0.8">
<imaginary_being wordnetid="109483738" confidence="0.8">
<link xlink:type="simple" xlink:href="../567/5685567.xml">
Meg Giry</link></imaginary_being>
</fictional_character>
 • <fictional_character wordnetid="109587565" confidence="0.8">
<imaginary_being wordnetid="109483738" confidence="0.8">
<link xlink:type="simple" xlink:href="../495/9940495.xml">
Joseph Buquet</link></imaginary_being>
</fictional_character>
</col>
</row>
<row style="height:2px">

</row>
<row>
<col style=";background:black;color:white;;" class="navbox-group">

Songs of the Phantom of the Opera|
Songs</col>
<col style="text-align:left;border-left:2px solid #fdfdfd;width:100%;padding:0px;background:lightgrey;;;" class="navbox-list navbox-odd">
 •  • <music wordnetid="107020895" confidence="0.8">
<song wordnetid="107048000" confidence="0.8">
<auditory_communication wordnetid="107109019" confidence="0.8">
<musical_composition wordnetid="107037465" confidence="0.8">
<link xlink:type="simple" xlink:href="../150/2004150.xml">
Masquerade</link></musical_composition>
</auditory_communication>
</song>
</music>
 • <music wordnetid="107020895" confidence="0.8">
<song wordnetid="107048000" confidence="0.8">
<auditory_communication wordnetid="107109019" confidence="0.8">
<musical_composition wordnetid="107037465" confidence="0.8">
<link xlink:type="simple" xlink:href="../758/4089758.xml">
The Music of the Night</link></musical_composition>
</auditory_communication>
</song>
</music>
 • <music wordnetid="107020895" confidence="0.8">
<song wordnetid="107048000" confidence="0.8">
<auditory_communication wordnetid="107109019" confidence="0.8">
<musical_composition wordnetid="107037465" confidence="0.8">
<link xlink:type="simple" xlink:href="../866/7085866.xml">
The Phantom of the Opera</link></musical_composition>
</auditory_communication>
</song>
</music>
 • </col>
</row>
<row style="height:2px">

</row>
<row>
<col style=";background:black;color:white;;" class="navbox-group">

The Phantom of the Opera|
Other</col>
<col style="text-align:left;border-left:2px solid #fdfdfd;width:100%;padding:0px;background:lightgrey;;;" class="navbox-list navbox-even">
<product wordnetid="104007894" confidence="0.8">
<creation wordnetid="103129123" confidence="0.8">
<artifact wordnetid="100021939" confidence="0.8">
<oeuvre wordnetid="103841417" confidence="0.8">
<end_product wordnetid="103287178" confidence="0.8">
<link xlink:type="simple" xlink:href="../358/2851358.xml">
Don Juan Triumphant</link></end_product>
</oeuvre>
</artifact>
</creation>
</product>
 • <artifact wordnetid="100021939" confidence="0.8">
<instrumentality wordnetid="103575240" confidence="0.8">
<weapon wordnetid="104565375" confidence="0.8">
<device wordnetid="103183080" confidence="0.8">
<instrument wordnetid="103574816" confidence="0.8">
<link xlink:type="simple" xlink:href="../247/1854247.xml">
Punjab lasso</link></instrument>
</device>
</weapon>
</instrumentality>
</artifact>
 • <physical_entity wordnetid="100001930" confidence="0.8">
<communicator wordnetid="109610660" confidence="0.8">
<person wordnetid="100007846" confidence="0.8">
<causal_agent wordnetid="100007347" confidence="0.8">
<writer wordnetid="110794014" confidence="0.8">
<novelist wordnetid="110363573" confidence="0.8">
<journalist wordnetid="110224578" confidence="0.8">
<link xlink:type="simple" xlink:href="../182/162182.xml">
Gaston Leroux</link></journalist>
</novelist>
</writer>
</causal_agent>
</person>
</communicator>
</physical_entity>
 • <composer wordnetid="109947232" confidence="0.9173553029164789">
<person wordnetid="100007846" confidence="0.9508927676800064">
<artist wordnetid="109812338" confidence="0.9508927676800064">
<link xlink:type="simple" xlink:href="../764/54764.xml">
Andrew Lloyd Webber</link></artist>
</person>
</composer>
 • <link xlink:type="simple" xlink:href="../524/5085524.xml">
List of adaptations</link> • <event wordnetid="100029378" confidence="0.8">
<social_event wordnetid="107288639" confidence="0.8">
<contest wordnetid="107456188" confidence="0.8">
<game wordnetid="100456199" confidence="0.8">
<psychological_feature wordnetid="100023100" confidence="0.8">
<link xlink:type="simple" xlink:href="../722/5620722.xml">
Return of the Phantom</link></psychological_feature>
</game>
</contest>
</social_event>
</event>
</col>
</row>
</table>
</col>
</row>
</table>
</p>

<p>

<table style=";" class="navbox" cellspacing="0">
<row>
<col style="padding:2px;">
<table style="width:100%;background:transparent;color:inherit;;" class="nowraplinks collapsible autocollapse " cellspacing="0">
<row>
<header colspan="3" style=";" class="navbox-title">
<creation wordnetid="103129123" confidence="0.8">
<artifact wordnetid="100021939" confidence="0.8">
<art wordnetid="102743547" confidence="0.8">
<link xlink:type="simple" xlink:href="../791/10791.xml">
Cinema of China</link></art>
</artifact>
</creation>
</header>
</row>
<row style="height:2px;">

</row>
<row>
<col style="width:0%;padding:0px 2px 0px 0px;" rowspan="1">
<image width="40px" src="Chinafilm.svg">
</image>
</col>
<col colspan="2" style="width:100%;padding:0px;;;" class="navbox-list navbox-odd"><p>


Chinese films|Films A-Z&nbsp;• 
<link xlink:type="simple" xlink:href="../187/2732187.xml">
Films by year</link>&nbsp;•
<creation wordnetid="103129123" confidence="0.8">
<artifact wordnetid="100021939" confidence="0.8">
<art wordnetid="102743547" confidence="0.8">
<link xlink:type="simple" xlink:href="../560/2170560.xml">
Chinese animation</link></art>
</artifact>
</creation>
&nbsp;•

Chinese film awards|Awards&nbsp;•

Film festivals in China|Festivals&nbsp;•

Chinese film studios|Studios&nbsp;•

Film production companies of China|Production Companies

Chinese actors|Actors&nbsp;•

Chinese film directors|Directors&nbsp;•

Chinese cinematographers|Cinematographers&nbsp;• 

Chinese film producers|Producers&nbsp;•

Chinese screenwriters|Screenwriters</p>
</col>
</row>
</table>
</col>
</row>
</table>
</p>




</sec>
</bdy>
</movie>
</article>
