<?xml version="1.0" encoding="UTF-8"?>
<!-- generated by CLiX/Wiki2XML [MPI-Inf, MMCI@UdS] $LastChangedRevision: 92 $ on 17.04.2009 00:41:38[mciao0826] -->
<!DOCTYPE article SYSTEM "../article.dtd">
<article xmlns:xlink="http://www.w3.org/1999/xlink">
<header>
<title>Pescetarianism</title>
<id>11191458</id>
<revision>
<id>244328006</id>
<timestamp>2008-10-10T07:50:19Z</timestamp>
<contributor>
<username>NinetyCharacters</username>
<id>6080086</id>
</contributor>
</revision>
<categories>
<category>Diets</category>
<category>Semi-vegetarianism</category>
<category>Pescetarianism</category>
<category>Vegetarianism</category>
<category>Neologisms</category>
</categories>
</header>
<bdy>

<b>Pescetarianism</b> is a <link xlink:type="simple" xlink:href="../924/639924.xml">
dietary</link> choice in which a person, known as a <it>pescetarian</it>, eats any combination of <link xlink:type="simple" xlink:href="../492/5791492.xml">
vegetables</link>, <link xlink:type="simple" xlink:href="../843/10843.xml">
fruit</link>, <link xlink:type="simple" xlink:href="../253/51253.xml">
nuts</link>, <link xlink:type="simple" xlink:href="../487/4487.xml">
beans</link> and <link xlink:type="simple" xlink:href="../587/4699587.xml">
fish</link> or invertebrate <link xlink:type="simple" xlink:href="../866/26866.xml">
seafood</link>, but will not eat mammals or birds. Some animal products like eggs and dairy may or may not be part of a pescetarian diet plan.<p>

Terms like "pesco-vegetarianism" are sometimes used to describe pescetarianism, to emphasize that pescetarians eat vegetables, fruit, and grains as well as fish. However, this term is controversial and less used, in part because it implies that pescetarianism is a type of <link xlink:type="simple" xlink:href="../591/32591.xml">
vegetarianism</link>, and some vegetarian groups do not want to be aligned with fish eaters. The <link xlink:type="simple" xlink:href="../275/636275.xml">
Vegetarian Society</link>, which initiated popular use of the term <it>vegetarian</it> as early as 1847, does not consider pescetarianism a valid vegetarian diet.<ref xlink:type="simple" xlink:href="#xpointer(//reflist/entry[@id=%221%22])">1</ref>  The definitions of "vegetarian" in authoritative, mainstream dictionaries vary.<ref xlink:type="simple" xlink:href="#xpointer(//reflist/entry[@id=%222%22])">2</ref></p>
<p>

In July 2008 <link xlink:type="simple" xlink:href="../732/18935732.xml">
The Associated Press</link> reported that <company wordnetid="108058098" confidence="0.8">
<institution wordnetid="108053576" confidence="0.8">
<link xlink:type="simple" xlink:href="../377/253377.xml">
Merriam-Webster</link></institution>
</company>
 Inc. has added more than 100 new entries to its new edition of the Collegiate Dictionary; one of those words was <it>pescetarian</it>.<ref xlink:type="simple" xlink:href="#xpointer(//reflist/entry[@id=%223%22])">3</ref>  The definition of the word according to that dictionary is: "vegetarian whose diet includes fish."</p>

<sec>
<st>
 Terminology </st>
<p>

The root of <it>pesco-</it> is ultimately from <it>piscis</it> the <language wordnetid="106282651" confidence="0.9508927676800064">
<link xlink:type="simple" xlink:href="../730/17730.xml">
Latin</link></language>
 for <link xlink:type="simple" xlink:href="../587/4699587.xml">
fish</link>. However, the vowel <it>e</it> suggests that it has been taken via other Romance languages such as Italian (<it>pesce</it>).</p>
<p>

"Pescetarian" is the only term for this diet. (While the Italian <it>pesce</it> is pronounced /ˈpeʃ:e/, the English term is usually pronounced with a hard "c", i.e., "pesketarian".) "<link xlink:type="simple" xlink:href="../173/6755173.xml">
Piscivore</link>" is not a pescetarian because a piscivore diet relies on only fish, formed by analogy with "<link xlink:type="simple" xlink:href="../543/6543.xml">
carnivore</link>".</p>

</sec>
<sec>
<st>
 Rationale </st>
<p>

Pescetarians frequently give one or more of the following reasons for their dietary choice:</p>

<ss1>
<st>
Transition to vegetarianism</st>

<p>

For some, becoming either <link xlink:type="simple" xlink:href="../587/32587.xml">
vegan</link> or <link xlink:type="simple" xlink:href="../591/32591.xml">
vegetarian</link> is a long-term goal for various health, environmental, and ethical reasons, and the pescetarian diet is sometimes seen as a way to transition towards that long-term goal without having to switch overnight from the <link xlink:type="simple" xlink:href="../055/14791055.xml">
western pattern diet</link>  to a vegan or vegetarian diet.</p>

</ss1>
<ss1>
<st>
 Health benefits</st>

<p>

One of the most commonly cited reasons is that of <link xlink:type="simple" xlink:href="../381/80381.xml">
health</link>, based on findings that <link xlink:type="simple" xlink:href="../200/1764200.xml">
red meat</link> is detrimental to health in many cases due to non-lean red meats containing high amounts of <link xlink:type="simple" xlink:href="../746/264746.xml">
saturated fat</link>s.<ref xlink:type="simple" xlink:href="#xpointer(//reflist/entry[@id=%224%22])">4</ref><ref xlink:type="simple" xlink:href="#xpointer(//reflist/entry[@id=%225%22])">5</ref> Furthermore, eating certain kinds of <link xlink:type="simple" xlink:href="../587/4699587.xml">
fish</link> raises <link xlink:type="simple" xlink:href="../885/13885.xml">
HDL</link> levels,<ref xlink:type="simple" xlink:href="#xpointer(//reflist/entry[@id=%226%22])">6</ref><ref xlink:type="simple" xlink:href="#xpointer(//reflist/entry[@id=%227%22])">7</ref> and some fish are a convenient source of <link xlink:type="simple" xlink:href="../594/22594.xml">
omega-3 fatty acid</link>s,<ref xlink:type="simple" xlink:href="#xpointer(//reflist/entry[@id=%228%22])">8</ref> and have numerous health benefits in one food variety.<ref xlink:type="simple" xlink:href="#xpointer(//reflist/entry[@id=%229%22])">9</ref></p>
<p>

It can be claimed conversely that fish also contain <link xlink:type="simple" xlink:href="../740/23740.xml">
toxins</link> such as mercury and <link xlink:type="simple" xlink:href="../230/48230.xml">
PCBs</link>,<ref xlink:type="simple" xlink:href="#xpointer(//reflist/entry[@id=%2210%22])">10</ref> though a careful selection of fish can ensure a low-risk or toxin-free product.<ref xlink:type="simple" xlink:href="#xpointer(//reflist/entry[@id=%2211%22])">11</ref><ref xlink:type="simple" xlink:href="#xpointer(//reflist/entry[@id=%2212%22])">12</ref></p>

</ss1>
<ss1>
<st>
 Differentiating seafood from other animal food sources </st>
<p>

Pescetarians may believe that seafood is more acceptable to consume while killing land-dwelling animals is less acceptable.  Generally these arguments fall into two categories: the belief that the ethics of slaughtering and consuming animals fall into a spectrum -- from microbe, to cockroach, and so on, until Chimp and Neanderthal -- putting more primitive (non-mammalian) sea creatures nearer the beginning of the spectrum; or that the environmental impact of farming sea-dwelling creatures is smaller.</p>

<ss2>
<st>
 Ability to feel pain </st>

<p>

<indent level="1">

<it>Further information: <link xlink:type="simple" xlink:href="../373/24373.xml#xpointer(//*[./st=%22In_other_species%22])">
Pain and nociception in other species</link>, <link xlink:type="simple" xlink:href="../587/4699587.xml#xpointer(//*[./st=%22Pain+reception+in+fish%22])">
Pain reception in fish</link>, and <link xlink:type="simple" xlink:href="../310/46310.xml#xpointer(//*[./st=%22Capacity_for_pain%22])">
Lobster#Capacity_for_pain</link></it>
</indent>

Some pescetarians believe that eating mammals and birds is more unethical than eating fish. Reasons include both cognitive differences and ability to feel pain. Scientific studies seeking to answer the question of whether fish feel pain have yielded mixed conclusions.</p>

</ss2>
<ss2>
<st>
 Environmental ethics </st>

<p>

Some pescetarians view red meat as an inefficient food source. Most cattle, pigs and chickens<ref xlink:type="simple" xlink:href="#xpointer(//reflist/entry[@id=%2213%22])">13</ref> that supply the United States meat market are not <link xlink:type="simple" xlink:href="../441/1423441.xml">
free range</link>. Instead, they are fed grains that are grown for the sole purpose of animal feed. The amount of calories in the grain needed to feed a cow, pig, or chicken (to a lesser extent) greatly exceeds the nutritional value of the meat these animals provide. Were this grain to be used for human consumption instead, far more food could be provided. </p>
<p>

This view is complicated by the fact that farming carnivorous fish species requires larger inputs of wild fish for feed than do non-carnivorous fish. Demand for "wild caught" fish may reflect this concern as well as a broader ethical position of rejecting the farming of animals, and the perceived health benefit of avoiding farmed varieties of some species such as salmon. Wild caught sealife is however, subject to contamination from whatever toxins are in the waters, such as PCBs and mercury.</p>
<p>

A 2006 report by the Food and Agriculture Organization of the <link xlink:type="simple" xlink:href="../769/31769.xml">
United Nations</link> ("<book wordnetid="106410904" confidence="0.9508927676800064">
<link xlink:type="simple" xlink:href="../917/13641917.xml">
Livestock's Long Shadow</link></book>
") estimates that livestock are responsible for roughly 18 percent of the global warming effect,<ref xlink:type="simple" xlink:href="#xpointer(//reflist/entry[@id=%2214%22])">14</ref> outstripping even the contribution of transportation. The main greenhouse gases produced by livestock are methane &mdash; the natural result of digestion &mdash; and the nitrogen emitted by manure, as well as nitrous oxides. Furthermore, the deforestation needed for grazing lands also contributes to global warming, by eliminating the CO2 sinks that forests provide. Thus some pescetarians choose their diet in an attempt to reduce "livestock's long shadow."</p>

</ss2>
</ss1>
</sec>
<sec>
<st>
 Comparisons to other diets </st>
<p>

Pescetarianism is similar to a traditional <link xlink:type="simple" xlink:href="../499/460499.xml">
Mediterranean diet</link>, which focuses on seafood, grains, fruits, and vegetables. However, the Mediterranean diet does not entirely exclude meat from land animals as pescetarianism does. While pescetarians and vegetarians often cite similar reasons in selecting their dietary choices, pescetarianism is not a type of <link xlink:type="simple" xlink:href="../591/32591.xml">
vegetarian</link> diet.<ref xlink:type="simple" xlink:href="#xpointer(//reflist/entry[@id=%2215%22])">15</ref>  Vegetarians do not consume the flesh of any animal, including sea animals; any diet that includes fish or other sea animals is not a vegetarian diet. However, since pescetarians do not eat mammal-meat or bird-meat, they experience many of the same social pressures as vegetarians, so that the two groups may sometimes seemingly have common interests. Occasionally &mdash; and controversially &mdash; terms such as <it>pesco-vegetarian</it> and <it>semi-vegetarian</it> have been used in place of the term pescetarian.</p>
<p>

While both groups often cite environmental issues as a rationale behind their diets, pescetarian and vegetarian diets can be each environmentally imperfect if precautions are not taken, due to the problems of <link xlink:type="simple" xlink:href="../962/478962.xml">
overfishing</link>, <link xlink:type="simple" xlink:href="../336/363336.xml">
by-catch</link> and in both diets, <link xlink:type="simple" xlink:href="../053/1707053.xml">
habitat destruction</link> through arable farming.</p>

</sec>
<sec>
<st>
 References </st>

<p>

<reflist>
<entry id="1">
<weblink xlink:type="simple" xlink:href="http://www.vegsoc.org/fish/">
"VEGETARIANS DO NOT EAT FISH!"</weblink> The "fish campaign" webpage of the <link xlink:type="simple" xlink:href="../275/636275.xml">
Vegetarian Society</link></entry>
<entry id="2">
 <cite id="CITEREF2007" style="font-style:normal"><it><work wordnetid="104599396" confidence="0.8">
<product wordnetid="104007894" confidence="0.8">
<creation wordnetid="103129123" confidence="0.8">
<artifact wordnetid="100021939" confidence="0.8">
<wordbook wordnetid="106418693" confidence="0.8">
<book wordnetid="106410904" confidence="0.8">
<dictionary wordnetid="106418901" confidence="0.8">
<reference_book wordnetid="106417598" confidence="0.8">
<publication wordnetid="106589574" confidence="0.8">
<link xlink:type="simple" xlink:href="../203/932203.xml">
Shorter Oxford English Dictionary</link></publication>
</reference_book>
</dictionary>
</book>
</wordbook>
</artifact>
</creation>
</product>
</work>
</it>, <b>2</b>&#32;(6th ed.), Oxford: <company wordnetid="108058098" confidence="0.9508927676800064">
<link xlink:type="simple" xlink:href="../518/48518.xml">
Oxford University Press</link></company>
, 2007, p. 3506</cite>&nbsp; defines "vegetarian" (noun) as "A person who on principle abstains from animal food; <it>esp.</it> one who avoids meat but will consume dairy produce and eggs and sometimes also fish (cf. VEGAN <it>noun</it>)."
 <cite id="CITEREF2002" style="font-style:normal"><it><work wordnetid="104599396" confidence="0.8">
<product wordnetid="104007894" confidence="0.8">
<creation wordnetid="103129123" confidence="0.8">
<artifact wordnetid="100021939" confidence="0.8">
<wordbook wordnetid="106418693" confidence="0.8">
<book wordnetid="106410904" confidence="0.8">
<dictionary wordnetid="106418901" confidence="0.8">
<reference_book wordnetid="106417598" confidence="0.8">
<publication wordnetid="106589574" confidence="0.8">
<link xlink:type="simple" xlink:href="../203/932203.xml">
Shorter Oxford English Dictionary</link></publication>
</reference_book>
</dictionary>
</book>
</wordbook>
</artifact>
</creation>
</product>
</work>
</it>, <b>2</b>&#32;(5th ed.), Oxford: <company wordnetid="108058098" confidence="0.9508927676800064">
<link xlink:type="simple" xlink:href="../518/48518.xml">
Oxford University Press</link></company>
, 2002, p. 3511</cite>&nbsp; has the same definition.
</entry>
<entry id="3">
<weblink xlink:type="simple" xlink:href="http://ap.google.com/article/ALeqM5h_PeP6nlDFC5XsSVjMv3fkVkgMjQD91P6AFG0">
"Merriam-Webster unveils new dictionary words"</weblink>"The Associated Press - Stephanie Reitz – Jul 7, 2008"</entry>
<entry id="4">
E Giovannucci, EB Rimm, MJ Stampfer, GA Colditz, A Ascherio and WC Willett, "<weblink xlink:type="simple" xlink:href="http://cancerres.aacrjournals.org/cgi/content/abstract/54/9/2390">
"Intake of fat, meat, and fiber in relation to risk of colon cancer in men"</weblink>"., Cancer Research 54, 2390-2397, (May 1, 1994)</entry>
<entry id="5">
Frank B. Hu, MD, PhD, JoAnn E. Manson, MD, DrPh and Walter C. Willett, MD, DrPh, "<weblink xlink:type="simple" xlink:href="http://www.jacn.org/cgi/content/abstract/20/1/5">
"Types of Dietary Fat and Risk of Coronary Heart Disease: A Critical Review"</weblink>"., Journal of the American College of Nutrition, Vol. 20, No. 1, 5-19 (2001)</entry>
<entry id="6">
Paul J Nestel, "<weblink xlink:type="simple" xlink:href="http://www.ajcn.org/cgi/content/abstract/71/1/228S">
"Fish oil and cardiovascular disease: lipids and arterial function"</weblink>"., American Journal of Clinical Nutrition, Vol. 71, No. 1, 228S-231S, (January 2000)</entry>
<entry id="7">
Sacks FM, Hebert P, Appel LJ, Borhani NO, Applegate WB, Cohen JD, Cutler JA, Kirchner KA, Kuller LH, Roth KJ, et al., "<weblink xlink:type="simple" xlink:href="http://www.ajcn.org/cgi/content/abstract/71/1/228S">
"Short report: the effect of fish oil on blood pressure and high-density lipoprotein-cholesterol levels in phase I of the Trials of Hypertension Prevention"</weblink>"., Journal of Hypertension, 209-13, ( Feb 12, 1994)</entry>
<entry id="8">
Frank B. Hu, MD; Leslie Bronner, MD; Walter C. Willett, MD; Meir J. Stampfer, MD; Kathryn M. Rexrode, MD; Christine M. Albert, MD; David Hunter, MD; JoAnn E. Manson, MD, "<weblink xlink:type="simple" xlink:href="http://jama.highwire.org/cgi/content/abstract/287/14/1815">
"Fish and Omega-3 Fatty Acid Intake and Risk of Coronary Heart Disease in Women"</weblink>"., JAMA. 2002;287:1815-1821.</entry>
<entry id="9">
<weblink xlink:type="simple" xlink:href="http://health.ivillage.com/eating/ewmeat/0,,79sxz0k6,00.html">
Get Hooked on Fish! by Sue Gilbert, MS, Nutritionis</weblink></entry>
<entry id="10">
Committee on the Toxicological Effects of Methylmercury, Board on Environmental Studies and Toxicology, National Research Council, "<weblink xlink:type="simple" xlink:href="http://www.nap.edu/catalog/9899.html">
"Toxicological Effects of Methylmercury"</weblink>"., ISBN 0-309-07140-2 (2000)</entry>
<entry id="11">
<weblink xlink:type="simple" xlink:href="http://www.sciencedaily.com/releases/2003/02/030210080251.htm">
Experts Say Consumers Can Eat Around Toxins In Fish</weblink> - Science Daily</entry>
<entry id="12">
<weblink xlink:type="simple" xlink:href="http://www.healthcastle.com/fish-safe-eat.shtml">
 Mercury: Are Fish safe to eat? by Gloria Tsang R.D.</weblink></entry>
<entry id="13">
United Egg Producers, "<weblink xlink:type="simple" xlink:href="http://animalcarecertified.com/docs/2005_UEPanimal_welfare_guidelines.pdf">
"United Egg Producers Animal Husbandry Guidelines"</weblink>"., 2005</entry>
<entry id="14">
Food and Agriculture Organization, "<weblink xlink:type="simple" xlink:href="http://www.virtualcentre.org/en/library/key_pub/longshad/A0701E00.pdf">
"Livestock's Long Shadow - Environmental Issues and Options"</weblink>"., 2006</entry>
<entry id="15">
<weblink xlink:type="simple" xlink:href="http://www.vegsoc.org/fish/">
The Vegetarian Society - vegetarians don't eat fish - index page</weblink></entry>
</reflist>
</p>

</sec>
<sec>
<st>
 External links </st>
<p>

<list>
<entry level="1" type="bullet">

 <weblink xlink:type="simple" xlink:href="http://vegetarian.about.com/od/glossary/g/Pescatarian.htm">
What is a pescetarian?</weblink></entry>
<entry level="1" type="bullet">

 <weblink xlink:type="simple" xlink:href="http://pescetarianlife.com">
Pescetarian Life</weblink></entry>
</list>
</p>

<p>

<table style=";" class="navbox" cellspacing="0">
<row>
<col style="padding:2px;">
<table style="width:100%;background:transparent;color:inherit;;" class="nowraplinks collapsible autocollapse " cellspacing="0">
<row>
<header colspan="2" style=";" class="navbox-title">
<link xlink:type="simple" xlink:href="../591/32591.xml">
Vegetarianism</link></header>
</row>
<row style="height:2px;">

</row>
<row>
<col style=";;" class="navbox-group">
Vegetarian diets</col>
<col style="text-align:left;border-left:2px solid #fdfdfd;width:100%;padding:0px;;;" class="navbox-list navbox-odd">
<link xlink:type="simple" xlink:href="../827/22827.xml">
Lacto-ovo-vegetarianism</link> &nbsp;·  <link xlink:type="simple" xlink:href="../246/3388246.xml">
Ovo-vegetarianism</link>&nbsp;·  <link xlink:type="simple" xlink:href="../729/495729.xml">
Lacto-vegetarianism</link>&nbsp;·  <link xlink:type="simple" xlink:href="../581/11003581.xml">
Sattvic diet</link>&nbsp;·  <link xlink:type="simple" xlink:href="../313/185313.xml">
Freeganism</link>&nbsp;·  <right wordnetid="105174653" confidence="0.8">
<link xlink:type="simple" xlink:href="../587/32587.xml">
Veganism</link></right>
&nbsp;·  <link xlink:type="simple" xlink:href="../278/2561278.xml">
Raw veganism</link>&nbsp;·  <link xlink:type="simple" xlink:href="../286/11286.xml">
Fruitarianism</link></col>
</row>
<row style="height:2px">

</row>
<row>
<col style=";;" class="navbox-group">
<link xlink:type="simple" xlink:href="../624/13426624.xml">
Semi-vegetarian</link>diets</col>
<col style="text-align:left;border-left:2px solid #fdfdfd;width:100%;padding:0px;;;" class="navbox-list navbox-even">
<link xlink:type="simple" xlink:href="../188/603188.xml">
Flexitarianism</link> &nbsp;·  <link xlink:type="simple" xlink:href="../458/11191458.xml">
Pescetarianism</link> &nbsp;·  <link xlink:type="simple" xlink:href="../462/369462.xml">
Pollotarianism</link></col>
</row>
<row style="height:2px">

</row>
<row>
<col style=";;" class="navbox-group">
Information</col>
<col style="text-align:left;border-left:2px solid #fdfdfd;width:100%;padding:0px;;;" class="navbox-list navbox-odd"><p>

<link xlink:type="simple" xlink:href="../357/12639357.xml">
History</link>&nbsp;·  <link xlink:type="simple" xlink:href="../102/6946102.xml">
Vegetarianism in specific countries</link>&nbsp;·  <link xlink:type="simple" xlink:href="../205/1074205.xml">
Vegetarian nutrition</link>&nbsp;·  <link xlink:type="simple" xlink:href="../926/16190926.xml">
List of vegetarians</link> (<link xlink:type="simple" xlink:href="../328/17086328.xml">
The Netherlands</link>)</p>
</col>
</row>
<row style="height:2px">

</row>
<row>
<col style=";;" class="navbox-group">
Issues</col>
<col style="text-align:left;border-left:2px solid #fdfdfd;width:100%;padding:0px;;;" class="navbox-list navbox-even"><p>

<link xlink:type="simple" xlink:href="../505/2858505.xml">
Environmentalism</link>&nbsp;·  <link xlink:type="simple" xlink:href="../595/1005595.xml">
Economics</link>&nbsp;·  <issue wordnetid="105814650" confidence="0.8">
<right wordnetid="105174653" confidence="0.8">
<link xlink:type="simple" xlink:href="../195/2857195.xml">
Ethics</link></right>
</issue>
</p>
</col>
</row>
<row style="height:2px">

</row>
<row>
<col style=";;" class="navbox-group">
Food</col>
<col style="text-align:left;border-left:2px solid #fdfdfd;width:100%;padding:0px;;;" class="navbox-list navbox-odd">
<link xlink:type="simple" xlink:href="../601/32601.xml">
Vegetarian cuisine</link>&nbsp;·  <link>
Vegan cuisine</link>&nbsp;·  <link xlink:type="simple" xlink:href="../403/369403.xml">
Meat analogue</link>&nbsp;·  <equivalent wordnetid="105695554" confidence="0.8">
<substitute wordnetid="105696425" confidence="0.8">
<link xlink:type="simple" xlink:href="../571/1790571.xml">
Tofurkey</link></substitute>
</equivalent>
&nbsp;·  <snack_food wordnetid="107712382" confidence="0.8">
<dish wordnetid="107557434" confidence="0.8">
<substance wordnetid="100020090" confidence="0.8">
<equivalent wordnetid="105695554" confidence="0.8">
<sandwich wordnetid="107695965" confidence="0.8">
<food wordnetid="100021265" confidence="0.8">
<substitute wordnetid="105696425" confidence="0.8">
<nutriment wordnetid="107570720" confidence="0.8">
<link xlink:type="simple" xlink:href="../148/824148.xml">
Veggie burger</link></nutriment>
</substitute>
</food>
</sandwich>
</equivalent>
</substance>
</dish>
</snack_food>
&nbsp;·  <link xlink:type="simple" xlink:href="../232/2519232.xml">
Chreese</link></col>
</row>
<row style="height:2px">

</row>
<row>
<col style=";;" class="navbox-group">
Beverages</col>
<col style="text-align:left;border-left:2px solid #fdfdfd;width:100%;padding:0px;;;" class="navbox-list navbox-even">
<property wordnetid="104916342" confidence="0.8">
<manner wordnetid="104928903" confidence="0.8">
<link xlink:type="simple" xlink:href="../784/3276784.xml">
Vegan wine</link></manner>
</property>
&nbsp;·  <equivalent wordnetid="105695554" confidence="0.8">
<substitute wordnetid="105696425" confidence="0.8">
<link xlink:type="simple" xlink:href="../554/2520554.xml">
Plant milk</link></substitute>
</equivalent>
&nbsp;·  <equivalent wordnetid="105695554" confidence="0.8">
<substitute wordnetid="105696425" confidence="0.8">
<link xlink:type="simple" xlink:href="../943/474943.xml">
Soy milk</link></substitute>
</equivalent>
</col>
</row>
<row style="height:2px">

</row>
<row>
<col style=";;" class="navbox-group">
Organizations</col>
<col style="text-align:left;border-left:2px solid #fdfdfd;width:100%;padding:0px;;;" class="navbox-list navbox-odd">
<party wordnetid="108256968" confidence="0.8">
<link xlink:type="simple" xlink:href="../838/1216838.xml">
American Vegetarian Party</link></party>
&nbsp;·  <controversy wordnetid="107183151" confidence="0.8">
<event wordnetid="100029378" confidence="0.8">
<dispute wordnetid="107181935" confidence="0.8">
<disagreement wordnetid="107180787" confidence="0.8">
<act wordnetid="100030358" confidence="0.8">
<psychological_feature wordnetid="100023100" confidence="0.8">
<speech_act wordnetid="107160883" confidence="0.8">
<link xlink:type="simple" xlink:href="../232/1786232.xml">
Christian Vegetarian Association</link></speech_act>
</psychological_feature>
</act>
</disagreement>
</dispute>
</event>
</controversy>
&nbsp;·  <link xlink:type="simple" xlink:href="../597/2094597.xml">
European Vegetarian Union</link>&nbsp;·  <financial_institution wordnetid="108054721" confidence="0.8">
<foundation wordnetid="108406486" confidence="0.8">
<charity wordnetid="108406619" confidence="0.8">
<institution wordnetid="108053576" confidence="0.8">
<link xlink:type="simple" xlink:href="../599/3481599.xml">
Food for Life</link></institution>
</charity>
</foundation>
</financial_institution>
&nbsp;·  <link xlink:type="simple" xlink:href="../527/2094527.xml">
International Vegetarian Union</link>&nbsp;·  <link xlink:type="simple" xlink:href="../124/2994124.xml">
Massachusetts Animal Rights Coalition</link>&nbsp;·  <link xlink:type="simple" xlink:href="../857/60857.xml">
PETA</link>&nbsp;·  <link xlink:type="simple" xlink:href="../794/929794.xml">
Physicians Committee for Responsible Medicine</link>&nbsp;·  <financial_institution wordnetid="108054721" confidence="0.8">
<foundation wordnetid="108406486" confidence="0.8">
<charity wordnetid="108406619" confidence="0.8">
<institution wordnetid="108053576" confidence="0.8">
<link xlink:type="simple" xlink:href="../657/6693657.xml">
Tibetan Volunteers for Animals</link></institution>
</charity>
</foundation>
</financial_institution>
&nbsp;·  <link xlink:type="simple" xlink:href="../700/6229700.xml">
Toronto Vegetarian Association</link>&nbsp;·  <link xlink:type="simple" xlink:href="../668/1002668.xml">
Vegan Society</link>&nbsp;·  <body wordnetid="107965085" confidence="0.8">
<social_group wordnetid="107950920" confidence="0.8">
<group wordnetid="100031264" confidence="0.8">
<administration wordnetid="108164585" confidence="0.8">
<link xlink:type="simple" xlink:href="../986/689986.xml">
Vegan Society of Australia</link></administration>
</group>
</social_group>
</body>
&nbsp;·  <body wordnetid="107965085" confidence="0.8">
<social_group wordnetid="107950920" confidence="0.8">
<group wordnetid="100031264" confidence="0.8">
<administration wordnetid="108164585" confidence="0.8">
<link xlink:type="simple" xlink:href="../834/12951834.xml">
Vegetarian Network Victoria</link></administration>
</group>
</social_group>
</body>
&nbsp;·  <link xlink:type="simple" xlink:href="../275/636275.xml">
Vegetarian Society</link>&nbsp;·  <link xlink:type="simple" xlink:href="../768/8437768.xml">
Veggies</link></col>
</row>
<row style="height:2px">

</row>
<row>
<col style=";;" class="navbox-group">
Literature</col>
<col style="text-align:left;border-left:2px solid #fdfdfd;width:100%;padding:0px;;;" class="navbox-list navbox-even">
<it><work wordnetid="104599396" confidence="0.8">
<product wordnetid="104007894" confidence="0.8">
<magazine wordnetid="106595351" confidence="0.8">
<print_media wordnetid="106263609" confidence="0.8">
<creation wordnetid="103129123" confidence="0.8">
<press wordnetid="106263369" confidence="0.8">
<artifact wordnetid="100021939" confidence="0.8">
<instrumentality wordnetid="103575240" confidence="0.8">
<medium wordnetid="106254669" confidence="0.8">
<publication wordnetid="106589574" confidence="0.8">
<link xlink:type="simple" xlink:href="../532/15911532.xml">
Arkangel</link></publication>
</medium>
</instrumentality>
</artifact>
</press>
</creation>
</print_media>
</magazine>
</product>
</work>
</it>&nbsp;·  <it><link xlink:type="simple" xlink:href="../742/3809742.xml">
The China Study</link></it>&nbsp;·  <it><work wordnetid="104599396" confidence="0.8">
<product wordnetid="104007894" confidence="0.8">
<magazine wordnetid="106595351" confidence="0.8">
<print_media wordnetid="106263609" confidence="0.8">
<creation wordnetid="103129123" confidence="0.8">
<press wordnetid="106263369" confidence="0.8">
<artifact wordnetid="100021939" confidence="0.8">
<instrumentality wordnetid="103575240" confidence="0.8">
<medium wordnetid="106254669" confidence="0.8">
<publication wordnetid="106589574" confidence="0.8">
<link xlink:type="simple" xlink:href="../718/11118718.xml">
No Compromise</link></publication>
</medium>
</instrumentality>
</artifact>
</press>
</creation>
</print_media>
</magazine>
</product>
</work>
</it>&nbsp;·  <it><link xlink:type="simple" xlink:href="../074/451074.xml">
The Vegan Sourcebook</link></it>&nbsp;·  <it><work wordnetid="104599396" confidence="0.8">
<product wordnetid="104007894" confidence="0.8">
<magazine wordnetid="106595351" confidence="0.8">
<print_media wordnetid="106263609" confidence="0.8">
<creation wordnetid="103129123" confidence="0.8">
<press wordnetid="106263369" confidence="0.8">
<artifact wordnetid="100021939" confidence="0.8">
<instrumentality wordnetid="103575240" confidence="0.8">
<medium wordnetid="106254669" confidence="0.8">
<publication wordnetid="106589574" confidence="0.8">
<link xlink:type="simple" xlink:href="../261/2686261.xml">
VegNews</link></publication>
</medium>
</instrumentality>
</artifact>
</press>
</creation>
</print_media>
</magazine>
</product>
</work>
''</it></col>
</row>
<row style="height:2px">

</row>
<row>
<col style=";;" class="navbox-group">
Events</col>
<col style="text-align:left;border-left:2px solid #fdfdfd;width:100%;padding:0px;;;" class="navbox-list navbox-odd">
<fundamental_quantity wordnetid="113575869" confidence="0.8">
<time_period wordnetid="115113229" confidence="0.8">
<festival wordnetid="115162388" confidence="0.8">
<link xlink:type="simple" xlink:href="../666/1021666.xml">
Christmas Without Cruelty Fayre</link></festival>
</time_period>
</fundamental_quantity>
&nbsp;·  <look wordnetid="100877127" confidence="0.8">
<time_off wordnetid="115118453" confidence="0.8">
<observation wordnetid="100879759" confidence="0.8">
<leisure wordnetid="115137676" confidence="0.8">
<sensory_activity wordnetid="100876737" confidence="0.8">
<sensing wordnetid="100876874" confidence="0.8">
<fundamental_quantity wordnetid="113575869" confidence="0.8">
<time_period wordnetid="115113229" confidence="0.8">
<vacation wordnetid="115137890" confidence="0.8">
<event wordnetid="100029378" confidence="0.8">
<act wordnetid="100030358" confidence="0.8">
<psychological_feature wordnetid="100023100" confidence="0.8">
<activity wordnetid="100407535" confidence="0.8">
<link xlink:type="simple" xlink:href="../627/1067627.xml">
World Vegan Day</link></activity>
</psychological_feature>
</act>
</event>
</vacation>
</time_period>
</fundamental_quantity>
</sensing>
</sensory_activity>
</leisure>
</observation>
</time_off>
</look>
&nbsp;·  <look wordnetid="100877127" confidence="0.8">
<observation wordnetid="100879759" confidence="0.8">
<event wordnetid="100029378" confidence="0.8">
<sensory_activity wordnetid="100876737" confidence="0.8">
<act wordnetid="100030358" confidence="0.8">
<psychological_feature wordnetid="100023100" confidence="0.8">
<activity wordnetid="100407535" confidence="0.8">
<sensing wordnetid="100876874" confidence="0.8">
<link xlink:type="simple" xlink:href="../141/4986141.xml">
World Vegetarian Day</link></sensing>
</activity>
</psychological_feature>
</act>
</sensory_activity>
</event>
</observation>
</look>
</col>
</row>
<row style="height:2px">

</row>
<row>
<col style=";;" class="navbox-group">
<link xlink:type="simple" xlink:href="../273/2843273.xml">
Religion</link></col>
<col style="text-align:left;border-left:2px solid #fdfdfd;width:100%;padding:0px;;;" class="navbox-list navbox-even">
<practice wordnetid="100410247" confidence="0.8">
<event wordnetid="100029378" confidence="0.8">
<act wordnetid="100030358" confidence="0.8">
<psychological_feature wordnetid="100023100" confidence="0.8">
<activity wordnetid="100407535" confidence="0.8">
<link xlink:type="simple" xlink:href="../327/3602327.xml">
Buddhism</link></activity>
</psychological_feature>
</act>
</event>
</practice>
&nbsp;·  <school wordnetid="108276720" confidence="0.8">
<educational_institution wordnetid="108276342" confidence="0.8">
<institution wordnetid="108053576" confidence="0.8">
<link xlink:type="simple" xlink:href="../630/7630.xml">
Catharism</link></institution>
</educational_institution>
</school>
&nbsp;·  <position wordnetid="106196284" confidence="0.8">
<controversy wordnetid="107183151" confidence="0.8">
<event wordnetid="100029378" confidence="0.8">
<dispute wordnetid="107181935" confidence="0.8">
<point_of_view wordnetid="106210363" confidence="0.8">
<disagreement wordnetid="107180787" confidence="0.8">
<act wordnetid="100030358" confidence="0.8">
<psychological_feature wordnetid="100023100" confidence="0.8">
<speech_act wordnetid="107160883" confidence="0.8">
<link xlink:type="simple" xlink:href="../571/1886571.xml">
Christianity</link></speech_act>
</psychological_feature>
</act>
</disagreement>
</point_of_view>
</dispute>
</event>
</controversy>
</position>
&nbsp;·  <tradition wordnetid="105809745" confidence="0.8">
<link xlink:type="simple" xlink:href="../587/17258587.xml">
Hinduism</link></tradition>
&nbsp;·  <link xlink:type="simple" xlink:href="../235/3587235.xml">
Jainism</link>&nbsp;·  <link xlink:type="simple" xlink:href="../948/18982948.xml">
Sikhism</link>&nbsp;·  <link xlink:type="simple" xlink:href="../489/218489.xml">
Tolstoyan</link></col>
</row>
<row style="height:2px">

</row>
<row>
<col style=";;" class="navbox-group">
Other</col>
<col style="text-align:left;border-left:2px solid #fdfdfd;width:100%;padding:0px;;;" class="navbox-list navbox-odd">
<link xlink:type="simple" xlink:href="../105/409105.xml">
Vegan organic gardening</link></col>
</row>
</table>
</col>
</row>
</table>
</p>



</sec>
</bdy>
</article>
