<?xml version="1.0" encoding="UTF-8"?>
<!-- generated by CLiX/Wiki2XML [MPI-Inf, MMCI@UdS] $LastChangedRevision: 92 $ on 17.04.2009 00:41:56[mciao0826] -->
<!DOCTYPE article SYSTEM "../article.dtd">
<article xmlns:xlink="http://www.w3.org/1999/xlink">
<class  confidence="0.8" wordnetid="107997703">
<collection  confidence="0.8" wordnetid="107951464">
<group  confidence="0.8" wordnetid="100031264">
<header>
<title>Almost Wide Probabilistic Polynomial-Time</title>
<id>11204535</id>
<revision>
<id>198935207</id>
<timestamp>2008-03-17T20:22:30Z</timestamp>
<contributor>
<username>Everyking</username>
<id>44020</id>
</contributor>
</revision>
<categories>
<category>Wikipedia articles needing context</category>
<category>Wikipedia introduction cleanup</category>
<category>Complexity classes</category>
<category>Quantum information science</category>
</categories>
</header>
<bdy>

<table class="metadata plainlinks ambox ">
<row>
<col>

ambox-style" style=""</col>
</row>
<row>
<col class="mbox-image"><p>

<image width="40x40px" src="Ambox_style.png">
</image>
</p>
</col>
<col style="" class="mbox-text">
 The introduction to this article provides <b>insufficient context</b> for those unfamiliar with the subject.
Please help <weblink xlink:type="simple" xlink:href="http://localhost:18088/wiki/index.php?title=Almost_Wide_Probabilistic_Polynomial-Time&amp;action=edit">
improve the article</weblink> with a .</col>
</row>
</table>

<p>

In theoretical computer science, <b>Almost Wide Probabilistic Polynomial-Time</b> (AWPP) is a <link xlink:type="simple" xlink:href="../426/502426.xml">
complexity class</link> for problems in the context of <link xlink:type="simple" xlink:href="../220/25220.xml">
quantum computing</link>.</p>
<p>

AWPP contains the <class wordnetid="107997703" confidence="0.8">
<collection wordnetid="107951464" confidence="0.8">
<group wordnetid="100031264" confidence="0.8">
<link xlink:type="simple" xlink:href="../080/4080.xml">
BQP</link></group>
</collection>
</class>
 (Bounded error, Quantum, Polynomial time) class, which contains the <link xlink:type="simple" xlink:href="../336/8336.xml">
decision problem</link>s solvable by a quantum computer in <link xlink:type="simple" xlink:href="../576/44576.xml">
polynomial time</link>, with an error probability of at most 1/3 for all instances. In fact, it is the best known classical upper bound for BQP. Furthermore, it is contained in the <link>
APP</link> class.</p>

<sec>
<st>
References</st>
<p>



<list>
<entry level="1" type="bullet">

 http://people.cs.uchicago.edu/~fortnow/papers/quantum.pdf  Provides information on the connection between various complexity classes.</entry>
<entry level="1" type="bullet">

 http://eccc.hpi-web.de/eccc-reports/2002/TR02-036/index.html  Definition of AWPP and connection to APP and PP.</entry>
<entry level="1" type="bullet">

 http://arxiv.org/abs/cs/9811023  Proof of BPQ in AWPP.</entry>
<entry level="1" type="bullet">

 "Gap-definable counting classes" by S. Fenner, L. Fortnow, and S. Kurtz from the Journal of Computer and System Sciences.  Pages 116-148, 1994, issue 48.  Contains definitions.</entry>
<entry level="1" type="bullet">

 "An oracle builder’s toolkit" by S. Fenner, L. Fortnow, S. Kurtz, and L. Li. in 8th IEEE Structure in Complexity Theory Conference Proceedings.  Pages 120-131, 1993.  Contains definitions.</entry>
<entry level="1" type="bullet">

 <weblink xlink:type="simple" xlink:href="http://qwiki.caltech.edu/wiki/Complexity_Zoo">
Complexity Zoo</weblink>: Contains a list of complexity classes, including AWPP, and their relation to other classes.</entry>
</list>
</p>

</sec>
</bdy>
</group>
</collection>
</class>
</article>
